-- phpMyAdmin SQL Dump
-- version 4.2.7.1
-- http://www.phpmyadmin.net
--
-- Host: 127.0.0.1
-- Generation Time: Nov 23, 2016 at 05:11 AM
-- Server version: 5.5.39
-- PHP Version: 5.4.31

SET SQL_MODE = "NO_AUTO_VALUE_ON_ZERO";
SET time_zone = "+00:00";


/*!40101 SET @OLD_CHARACTER_SET_CLIENT=@@CHARACTER_SET_CLIENT */;
/*!40101 SET @OLD_CHARACTER_SET_RESULTS=@@CHARACTER_SET_RESULTS */;
/*!40101 SET @OLD_COLLATION_CONNECTION=@@COLLATION_CONNECTION */;
/*!40101 SET NAMES utf8 */;

--
-- Database: `keuangan_gereja`
--

-- --------------------------------------------------------

--
-- Table structure for table `tbl_admin`
--

CREATE TABLE IF NOT EXISTS `tbl_admin` (
  `kode_admin` char(8) NOT NULL,
  `nama_admin` varchar(100) NOT NULL,
  `kode_terpilih` enum('TIDAKADA','KOMISI','BIDANG') NOT NULL,
  `kode` char(8) DEFAULT NULL,
  `password` char(64) NOT NULL,
  `pertanyaan_pemulihan` enum('Siapa nama ayah ada?','Siapa nama ibu anda?','Siapa guru Sekolah Minggu yang paling anda sukai?','Siapa nama paman yang paling anda sukai?','Dimana anda lahir?','Berapa 3 angka terakhir nomer telepon pertama anda?','Dimana ayah anda lahir?','Ayat paling anda sukai?','Tokoh Alkitab yang paling menginspirasi?') NOT NULL,
  `jawaban_pertanyaan_pemulihan` varchar(30) NOT NULL,
  `alamat_admin` varchar(90) NOT NULL,
  `no_telepon_admin` varchar(15) NOT NULL,
  `email_admin` varchar(50) NOT NULL,
  `otoritas_administrasi` enum('TIDAKADA','BACA','TULIS','BACATULIS') NOT NULL,
  `otoritas_pemasukan` enum('TIDAKADA','BACA','TULIS','BACATULIS') NOT NULL,
  `otoritas_pengeluaran` enum('TIDAKADA','BACA','TULIS','BACATULIS') NOT NULL,
  `status` tinyint(1) NOT NULL DEFAULT '1'
) ENGINE=InnoDB DEFAULT CHARSET=latin1;

--
-- Dumping data for table `tbl_admin`
--

INSERT INTO `tbl_admin` (`kode_admin`, `nama_admin`, `kode_terpilih`, `kode`, `password`, `pertanyaan_pemulihan`, `jawaban_pertanyaan_pemulihan`, `alamat_admin`, `no_telepon_admin`, `email_admin`, `otoritas_administrasi`, `otoritas_pemasukan`, `otoritas_pengeluaran`, `status`) VALUES
('admin', 'admin', 'TIDAKADA', NULL, '4153a94abe5b151f0dbd700632515979ed3a00359305c21863a39cf82ccaa3e9', 'Dimana anda lahir?', 'yogyakarta', 'Jln Wahidin Sudirohusodo No 40 Yogyakarta', '0274513570', 'gkj.gondokusuman@yahoo.com', 'BACATULIS', 'BACATULIS', 'BACATULIS', 1),
('Bumega', 'Ersti Wati Meganingsih', 'TIDAKADA', NULL, 'ff254e19c243d43cd2c94486c51b380073087f5dcecd6b17e1da3004b42ef18f', 'Dimana anda lahir?', 'Yogyakarta', 'Klitren Lor GK.III/472\nYogyakarta\n', '085292381387', 'gkjgondokusuman@yahoo.com', 'BACATULIS', 'BACATULIS', 'BACATULIS', 1),
('hantoro', 'tri hantoro djoko sp', 'TIDAKADA', NULL, 'e966687d4370e57efa947468044c3e1d32b88d875ff5e071c984a7c3fbbe4339', 'Dimana anda lahir?', 'klaten', 'Nanggulan RT 07/RW 17 No. 55A\nMaguwoharjo, Depok Sleman\nYogyakarta', '081328896443', 'handenavan@gmail.com', 'BACATULIS', 'BACATULIS', 'BACATULIS', 1),
('lina', 'fransiska herlina sri hargiyanti', 'TIDAKADA', NULL, '8a890a242ca3d022a1865e4ae1894ac6c8a8335362cef38bffe0e6f2a33fc9bb', 'Dimana anda lahir?', 'sleman', 'mancasan pandowoharjo sleman\n', '08175457464', 'lina_gtuloh@yahoo.com', 'BACATULIS', 'BACATULIS', 'BACATULIS', 1),
('wawan', 'Tjandrayana Setiawan', 'TIDAKADA', NULL, '9eb25a26cf84f6204a71eda95fc548b07c3538c339a5c0eebb95fd0e4751320b', 'Tokoh Alkitab yang paling menginspirasi?', 'daniel', 'UKDW', '089647875840', 'tjandrayana.setiawan@ti.ukdw.ac.id', 'TIDAKADA', 'BACATULIS', 'TIDAKADA', 1);

-- --------------------------------------------------------

--
-- Table structure for table `tbl_bidang`
--

CREATE TABLE IF NOT EXISTS `tbl_bidang` (
  `kode_bidang` char(7) NOT NULL,
  `nama_bidang` varchar(50) NOT NULL,
  `kode_jenis_akun` char(7) DEFAULT NULL,
  `pengurus_1` char(8) DEFAULT NULL,
  `pengurus_2` char(8) DEFAULT NULL,
  `pengurus_3` char(8) DEFAULT NULL,
  `tgl_dibentuk` date NOT NULL,
  `deskripsi` varchar(200) NOT NULL,
  `status` tinyint(1) NOT NULL DEFAULT '1'
) ENGINE=InnoDB DEFAULT CHARSET=latin1;

-- --------------------------------------------------------

--
-- Table structure for table `tbl_bukti_transaksi`
--

CREATE TABLE IF NOT EXISTS `tbl_bukti_transaksi` (
  `kode_bukti_transaksi` char(8) NOT NULL,
  `kode_jenis_akun` char(7) NOT NULL,
  `tipe_transaksi` enum('DEBET','KREDIT') NOT NULL,
  `jumlah` int(15) NOT NULL,
  `keterangan` varchar(150) DEFAULT NULL,
  `tanggal_bukti_transaksi` date NOT NULL,
  `bendahara` char(8) NOT NULL,
  `penerima` char(8) NOT NULL,
  `penyetor` char(8) NOT NULL,
  `waktu_posting` timestamp NULL DEFAULT NULL,
  `waktu_input` timestamp NOT NULL DEFAULT CURRENT_TIMESTAMP,
  `kode_admin` char(8) NOT NULL
) ENGINE=InnoDB DEFAULT CHARSET=latin1;

--
-- Dumping data for table `tbl_bukti_transaksi`
--

INSERT INTO `tbl_bukti_transaksi` (`kode_bukti_transaksi`, `kode_jenis_akun`, `tipe_transaksi`, `jumlah`, `keterangan`, `tanggal_bukti_transaksi`, `bendahara`, `penerima`, `penyetor`, `waktu_posting`, `waktu_input`, `kode_admin`) VALUES
('1012016', 'D101.03', 'KREDIT', 61600, 'Sisa KC2', '2016-01-09', 'B102', 'B101', 'ADM 2', '2016-09-21 04:20:08', '2016-05-16 03:21:44', 'admin'),
('21B', 'D101.01', 'KREDIT', 1000000, 'Service dan pergantian sparepart mobil putih AB 1334 KH', '2016-02-29', '99', 'ADM 1', 'ADM 2', '2016-11-22 03:24:11', '2016-11-21 05:29:48', 'admin'),
('34BB', 'D101.01', 'KREDIT', 330000, 'Konsumsi Penyusunan Lagu bln. Januari - Maret 2016', '2016-02-25', '99', '99', 'B101', '2016-11-22 06:35:54', '2016-11-22 04:49:14', 'admin'),
('35BB', 'D101.01', 'KREDIT', 1400000, 'Sewa Studio untuk Latihan dan Snack. Bon Komisi Kebaktian Obaja Febuari', '2016-02-25', '99', '99', 'B101', '2016-11-22 06:35:58', '2016-11-22 04:46:21', 'admin'),
('38A', 'D203.02', 'KREDIT', 10954000, 'Pembagian Beasiswa bln. maret 2016 Cek CFm 358073', '2016-02-24', 'B101', '99', 'B101', '2016-11-22 03:22:37', '2016-11-21 05:34:51', 'admin'),
('42BB', 'D101.01', 'KREDIT', 815000, 'pengadaan alat pendukung pa dan senam aerobik', '2016-02-29', '99', '99', 'B101', '2016-11-22 03:24:47', '2016-11-21 03:39:50', 'admin'),
('B 02', 'D203.02', 'KREDIT', 7000000, 'cek CFM  358011, gula teh kertas, bon 2 tanggal 4 januari 2016', '2016-01-04', 'B101', 'ADM 2', 'B104', '2016-09-30 06:16:59', '2016-09-30 05:44:25', 'admin'),
('B-10', 'D101.01', 'KREDIT', 310000, 'Bon Kantor Gereja untuk Konsumsi Rapat', '2016-02-22', 'B104', 'ADM 1', 'B101', '2016-11-22 06:34:16', '2016-11-22 06:09:32', 'admin'),
('B-11', 'D101.01', 'KREDIT', 500000, 'Transportasi ke Jakarta', '2016-02-23', 'B101', '99', 'B104', '2016-11-22 06:34:18', '2016-11-22 06:11:00', 'admin'),
('B-12', 'D101.01', 'KREDIT', 1500000, 'Bon Service Sparepart mobil putih L-300', '2016-02-25', 'B105', 'ADM 1', 'B101', '2016-11-22 06:35:56', '2016-11-22 05:08:15', 'admin'),
('B-13', 'D203.02', 'KREDIT', 4250000, 'Bon pembelian Kertas untuk warta Jemaat 125R 25 box. Cek CFM 358074', '2016-02-25', '99', 'ADM 1', 'B101', '2016-11-22 06:35:27', '2016-11-22 04:59:17', 'admin'),
('B-14', 'D203.02', 'KREDIT', 1190000, 'Bon pembelian kertas untuk kebutuhan kantor 5box A4(25R), 2box A4 (10R) cek CFM358074', '2016-02-25', '99', 'ADM 1', 'B101', '2016-11-22 06:35:30', '2016-11-22 05:01:38', 'admin'),
('B-15', 'D203.02', 'KREDIT', 1500000, 'Uang Muka listrik Pendeta Cek CFM 358074', '2016-02-25', '99', 'ADM 1', 'B101', '2016-11-22 06:35:32', '2016-11-22 05:04:48', 'admin'),
('B-16', 'D203.02', 'KREDIT', 500000, 'Uang muka telepon Pendeta - Cek CFM 358074', '2016-02-25', '99', 'ADM 1', 'B101', '2016-11-22 06:35:35', '2016-11-22 04:55:34', 'admin'),
('B-17', 'D203.02', 'KREDIT', 2160300, 'Pembayaran Peserta Dapen Pendeta dan karyawan Cek CFM 358074', '2016-02-25', '99', 'ADM 1', 'B101', '2016-11-22 06:35:47', '2016-11-22 04:57:48', 'admin'),
('B-19', 'D203.02', 'KREDIT', 4000000, 'Uang muka kisbil kantor gereja dan gedung gereja Cek CFM 358074', '2016-02-25', '99', 'ADM 1', 'B101', '2016-11-22 06:35:49', '2016-11-22 04:53:29', 'admin'),
('B-20', 'D203.02', 'KREDIT', 1000000, 'Beasiswa untuk 2 orang Panti Asuhan Resa Putra kuliah di PETRA. Cek CFM 358074', '2016-02-25', '99', '99', 'B101', '2016-11-22 06:36:01', '2016-11-22 04:51:15', 'admin'),
('B-21', 'D203.02', 'KREDIT', 3000000, 'Pembayaran premi prudensial pendeta aktif CFM 358074', '2016-02-25', '99', 'ADM 1', 'B101', '2016-11-22 06:35:52', '2016-11-22 05:02:55', 'admin'),
('B03', 'D203.02', 'KREDIT', 14885000, 'bon kantor gereja dan cek CFM 358014', '2016-09-07', 'B101', 'B101', 'ADM 2', '2016-09-21 04:20:18', '2016-09-07 05:24:09', 'admin'),
('B06', 'D203.02', 'KREDIT', 17000000, 'Bon perjamuan kudus, listrik, premi, telp dan prudential. Bon gabungan CEK CFM 358054', '2016-02-01', 'B101', '99', 'ADM 2', '2016-11-22 03:21:57', '2016-11-21 02:02:04', 'admin'),
('B07', 'D203.02', 'KREDIT', 19815000, 'Pakaian dan sepatu Kantor gereja Bon no 7 tgl 01 Feb 2016 19.815.000', '2016-02-01', 'ADM 2', '99', 'ADM 2', '2016-11-22 03:21:38', '2016-11-21 05:41:28', 'admin'),
('B08', 'D101.01', 'KREDIT', 1000000, 'konsumsi sidang majelis gereja', '2016-02-02', 'B101', '99', 'ADM 2', '2016-11-21 01:34:00', '2016-11-18 05:57:38', 'admin'),
('B24', 'D101.01', 'KREDIT', 1100000, 'Tugas dinas Pdt. Kristi ke GKJ Bekasi', '2016-03-31', '99', '99', 'B101', '2016-11-22 03:25:57', '2016-11-22 03:12:48', 'admin'),
('B4', 'D203.02', 'KREDIT', 45000000, 'cek cfn 358016, bon retreat majelis', '2016-01-09', 'B101', 'BANK', 'ADM 2', '2016-09-21 04:20:10', '2016-09-07 04:58:43', 'admin'),
('BB 01', 'D203.02', 'KREDIT', 12687500, 'cek CFM 358007, Bon komisi bantuan dan santunan januari 2016', '2016-01-04', 'B102', '99', 'ADM 2', '2016-09-30 05:32:41', '2016-09-30 05:32:36', 'admin'),
('BB 02', 'D203.02', 'KREDIT', 11100000, 'Cek CFM 358007, Bon komisi pendidikan januari 2016, dana beasiswa', '2016-01-04', 'B102', '99', 'B104', '2016-09-30 06:16:48', '2016-09-30 05:46:14', 'admin'),
('BB 03', 'D101.01', 'KREDIT', 400000, 'Bon komisi PI dan Komunikasi , januari', '2016-01-04', 'B101', '99', 'ADM 2', '2016-09-30 06:16:51', '2016-09-30 05:39:45', 'admin'),
('BB 04', 'D203.02', 'KREDIT', 2211000, 'Cek CFM 358013, Bon KPK - multimedia desember 2015', '2016-01-04', 'B101', '99', 'ADM 2', '2016-09-30 06:16:55', '2016-09-30 05:38:09', 'admin'),
('BB 05', 'D101.01', 'KREDIT', 1200000, 'Bon Komisi Kebaktian, Ibadah Anak Januari - Februari 2016', '2016-01-04', 'B102', '99', 'B101', '2016-09-30 05:31:07', '2016-09-30 05:27:53', 'admin'),
('BB 08', 'D203.02', 'KREDIT', 15350000, 'CEK CFM 358017, BON PERAWATAN INVENTARIS BIDANG PRASARANA DAN SARANA, BON NO 8 TGL 11 JANUARI 2016', '2016-01-11', 'B101', '99', 'ADM 2', '2016-10-10 04:51:28', '2016-10-10 02:49:47', 'admin'),
('BB 09', 'D203.02', 'KREDIT', 3520000, 'BON PANTI WREDHA BIDANG DIAKONIA, JANUARI 2016, CEK CFM 358018', '2016-01-12', 'B101', '99', 'ADM 2', '2016-10-10 04:51:32', '2016-10-10 02:41:51', 'admin'),
('BB 13', 'D101.01', 'KREDIT', 1540000, 'BON PENGAJUAN ANGGARAN KOMISI PEMUDA BID.PWG, BON NO TGL 22/01/2016 DESEMEBER', '2016-01-22', 'B101', '99', 'ADM 2', '2016-10-14 06:01:50', '2016-10-14 04:24:14', 'admin'),
('BB06', 'D203.02', 'KREDIT', 8160000, 'Cek CFM 358013, Bon KOmisi Seni dan Budaya Kegiatan oktober - Desember 2015 Penerima : Suwartini', '2016-01-06', 'B101', '99', 'B104', '2016-09-30 05:31:15', '2016-09-28 06:08:43', 'admin'),
('BB10', 'D101.01', 'KREDIT', 1010000, 'Bon Komisi Adiyuswa, Januari 2016', '2016-01-18', 'B101', '99', 'B104', '2016-10-10 01:39:34', '2016-10-10 01:33:52', 'admin'),
('BB11', 'D203.02', 'KREDIT', 11100000, 'Cek CFM 358023, Bon Komisi pendidikan bidang kesaksian pelayanan B NO 11 tgl 20 Jan 2016', '2016-01-20', 'B101', '99', 'ADM 2', '2016-10-03 02:42:24', '2016-10-03 02:27:41', 'admin'),
('BB12', 'D203.02', 'KREDIT', 3000000, 'BON DIAKONIA KOMISI BANTUAN DAN SANTUNAN , CEK CFM 358024, UNTUK BUMI DAN PEMBELIAN PETI BP.HASI WIL 14', '2016-01-22', 'B101', '99', 'ADM 2', '2016-10-14 06:01:40', '2016-10-14 05:22:05', 'admin'),
('BB14', 'D101.01', 'KREDIT', 1540000, 'BON KOMISI PEMUDA BIDANG .PEG, BON NO 14 TGL 22/01/2016 JANUARI 2016', '2016-01-22', 'B101', '99', 'ADM 2', '2016-10-14 06:01:43', '2016-10-14 05:20:04', 'admin'),
('BB1482-1', 'D101.01', 'KREDIT', 735000, 'Roti perjamuan kudus', '2016-02-02', 'B101', '99', '99', '2016-11-22 03:22:03', '2016-11-21 02:41:37', 'admin'),
('BB15', 'D101.01', 'KREDIT', 11675000, 'bon komisi kpk bidang ibadah', '2016-09-07', 'B101', 'B101', 'ADM 2', '2016-09-21 04:20:16', '2016-09-07 05:22:51', 'admin'),
('BB16', 'D101.01', 'KREDIT', 1195000, 'BON KOMISI HUMAS & KOMUNIKASI BID KPI KEG JANUARI - MARET', '2016-01-26', 'B101', '99', 'ADM 2', '2016-10-14 06:02:11', '2016-10-14 05:28:29', 'admin'),
('BB18', 'D101.01', 'KREDIT', 240000, 'BON KOMISI BIDANG IBADAH, BON ON 18 TGL 30 JAN 2016', '2016-01-30', 'B101', '99', 'ADM 2', '2016-10-17 05:22:41', '2016-10-17 04:30:18', 'admin'),
('BB19', 'D101.01', 'KREDIT', 960000, 'BON KOMISI ADIYUSWO KEG.RUTIN FEB 2016 BON NO 19 TGL 30 JAN 2016', '2016-01-30', 'B101', '99', 'ADM 2', '2016-10-17 05:22:44', '2016-10-17 04:29:06', 'admin'),
('BB20', 'D203.02', 'KREDIT', 2000000, 'Bon komisi PKM bidang PWG. Cek gabungan CFM 358054. Bon no 20 tgl 01/02/2016', '2016-02-01', 'B101', '99', 'ADM 2', '2016-11-22 03:21:46', '2016-11-21 02:00:11', 'admin'),
('BB21', 'D203.02', 'KREDIT', 1753000, 'bon bidang ibadah komisi KPK bulan januari 2016, bon no 21 tgl 03/02/16 cek CFM 358058', '2016-02-05', 'B101', '99', 'ADM 2', '2016-11-21 01:35:15', '2016-11-18 05:40:36', 'admin'),
('BB22', 'D203.02', 'KREDIT', 1781000, 'bon bidang ibadah komisi pendukung kebaktian(mulmed buln feb 2016) bon no 22 3/3/2016, cek CFM 358058', '2016-02-05', 'B101', '99', 'ADM 2', '2016-11-21 01:35:22', '2016-11-18 05:38:29', 'admin'),
('BB23', 'D101.01', 'KREDIT', 1750000, 'Bon PI dan komunikai, februari, bon no 23 tgl 03/02/2016', '2016-02-05', 'B101', '99', 'ADM 2', '2016-11-21 01:35:29', '2016-11-18 05:38:15', 'admin'),
('BB24', 'D203.02', 'KREDIT', 12265000, 'Cek CFM 358055. bon bansos diakonia bulan feb 2016. bon no 24 tgl 02/02/2016', '2016-02-02', 'B101', '99', 'ADM 2', '2016-11-21 01:33:13', '2016-11-18 06:06:21', 'admin'),
('BB25', 'D101.01', 'KREDIT', 1675000, 'bon/pengajuan anggaran kegiatan KPK/bidang ibadah. bon no 25 02/02/2016', '2016-02-02', 'B101', '99', '99', '2016-11-21 01:33:40', '2016-11-18 05:59:09', 'admin'),
('BB25A', 'D101.01', 'KREDIT', 1250000, 'Bon panitia unduh - unduh', '2016-02-09', 'B101', '99', 'ADM 2', '2016-11-22 03:22:17', '2016-11-21 02:23:33', 'admin'),
('BB2801-2', 'D203.02', 'KREDIT', 61730357, 'Tambahan kas, persiapan gaji tenaga GKJ Gondokusuman bulan feb 2016', '2016-10-28', 'B101', '99', 'ADM 2', '2016-10-27 01:59:12', '2016-10-26 05:05:44', 'admin'),
('BB2801-3', 'D202.08', 'KREDIT', 38904500, 'Pemindahan ke BPD, Gaji karyawan GKJ Gondokusuman bulan feb 2016', '2016-01-28', 'B101', '99', 'ADM 2', '2016-10-27 01:58:42', '2016-10-26 05:08:24', 'admin'),
('BB280116', 'D101.01', 'KREDIT', 22825857, 'Persiapan Kas bayar gaji tenaga kerja GKJ Gondokusuman bulan Feb 2016', '2016-01-28', 'B101', '99', 'ADM 2', '2016-10-27 01:58:45', '2016-10-26 04:57:01', 'admin'),
('BB2902-1', 'D202.08', 'KREDIT', 38678500, 'Pemindahan kee BPD gaji karyawan GKJ Gondokusuman maret 2016', '2016-02-29', '99', '99', 'B101', '2016-11-22 03:24:51', '2016-11-21 03:57:09', 'admin'),
('BB2902-2', 'D101.01', 'KREDIT', 23198497, 'Persiapan biaya gaji tenaga GKJ Gondokusuman bulan maret 2016', '2016-02-29', '99', '99', 'B101', '2016-11-22 03:22:47', '2016-11-21 03:59:09', 'admin'),
('BB32', 'D203.02', 'KREDIT', 5000000, 'Bon Komisi Pralenan Bidang B Cetak Kartu Pralenan Cek CFM 358025 BON tgl 26/01/2016 No 32', '2016-01-26', '99', 'ADM 2', 'B104', '2016-10-14 03:50:46', '2016-10-14 03:23:50', 'admin'),
('BB7', 'D101.01', 'KREDIT', 16610000, 'bon komisi kebaktia sabtu(obaja) bidang ibadah, bon no 7 tgl 8 januari 2016', '2016-01-08', 'B101', 'B101', 'ADM 2', '2016-09-21 04:19:45', '2016-09-07 05:27:01', 'admin'),
('BG2', 'D203.02', 'KREDIT', 61876997, 'Cek BRI no: CFM 358075. Tambahan kas, persiapan gaji tenaga GKJ Gondokusuman', '2016-02-29', '99', 'B101', '99', '2016-11-22 03:24:13', '2016-11-21 03:53:41', 'admin'),
('K0030116', 'D101.01', 'KREDIT', 625000, 'Servis fotocopy', '2016-01-07', 'B101', 'BANK', 'ADM 2', '2016-09-21 04:19:35', '2016-09-14 04:32:46', 'admin'),
('K0040116', 'D101.01', 'KREDIT', 1535000, 'UPS kompt Bp. Mur Aryadi ( Admin )', '2016-01-07', 'B101', 'BANK', 'ADM 2', '2016-09-21 04:18:40', '2016-09-14 04:38:05', 'admin'),
('K005115', 'D101.01', 'KREDIT', 550000, 'kekuarangan LPJ BON no.187 tanggal 27 november 2015, KPK multimedia, pengadaan 2 konstruksi tu cek 477645', '2016-01-07', 'B101', 'BANK', 'ADM 2', '2016-09-21 05:15:30', '2016-09-21 04:24:25', 'admin'),
('K006116', 'D101.01', 'KREDIT', 50000, 'kekurangan LPJ bon KPK untuk natal no.252 tgl 15 des 2015 cek cfk 477693', '2016-01-07', 'B101', 'BANK', 'ADM 2', '2016-09-21 05:15:27', '2016-09-21 04:27:08', 'admin'),
('K007116', 'D101.03', 'KREDIT', 140000, 'konsumsi hitung ulang 4 januari 2915', '2016-01-04', 'B102', 'B102', 'ADM 2', '2016-09-21 05:15:20', '2016-09-21 04:30:12', 'admin'),
('K008116', 'D101.03', 'KREDIT', 150000, 'paguyuban pengemudi becak armada wisata malioboro (donatur)', '2016-01-04', 'B102', 'B102', 'ADM 2', '2016-09-21 05:15:14', '2016-09-21 04:34:25', 'admin'),
('K009116', 'D101.03', 'KREDIT', 100000, 'solar mobil putih nota 2 januari', '2016-01-04', 'B102', 'B102', 'ADM 2', '2016-09-21 05:15:18', '2016-09-21 04:37:22', 'admin'),
('K011116', 'D101.03', 'KREDIT', 40000, 'cuci mobil AB 1702 YA', '2016-01-05', 'B102', 'B102', 'ADM 2', '2016-09-21 05:15:25', '2016-09-21 04:45:27', 'admin'),
('K012116', 'D101.03', 'KREDIT', 20000, 'bensin kantor gereja', '2016-01-05', 'B102', 'B102', 'ADM 2', '2016-09-21 05:15:21', '2016-09-21 04:47:13', 'admin'),
('K013116', 'D101.03', 'KREDIT', 95500, 'beli plastik', '2016-01-05', 'B102', 'B102', 'ADM 2', '2016-09-21 05:15:23', '2016-09-21 04:50:16', 'admin'),
('K014116', 'D901.03', 'KREDIT', 10000, 'antar berita lelayu', '2016-01-05', 'B102', 'B102', 'ADM 2', '2016-09-21 05:15:24', '2016-09-21 04:54:00', 'admin'),
('K015116', 'D101.03', 'KREDIT', 50000, 'bongkar pasang kursi minggu 3 januari 2016', '2016-01-07', 'B102', 'B102', 'ADM 2', '2016-09-21 05:15:28', '2016-09-21 04:57:44', 'admin'),
('K016116', 'D101.03', 'KREDIT', 178500, 'aqua dan gula untuk kantor', '2016-01-07', 'B102', 'B102', 'ADM 2', '2016-09-21 04:18:43', '2016-09-09 05:27:16', 'admin'),
('K017116', 'D101.03', 'KREDIT', 50000, 'ongkos driver ministerium ke GKJ Bantul', '2016-01-07', 'B102', 'B102', 'ADM 2', '2016-09-21 04:18:46', '2016-09-09 05:21:59', 'admin'),
('K018116', 'D101.03', 'KREDIT', 100000, 'lembur libur tahun baru 2 hari @50.000', '2016-01-07', 'B102', 'B102', 'ADM 2', '2016-09-21 04:18:50', '2016-09-09 05:17:23', 'admin'),
('K019116', 'D101.03', 'KREDIT', 30000, 'uang makan 4 jan - 9 jan 2016', '2016-01-07', 'B102', 'B102', 'ADM 2', '2016-09-21 04:18:53', '2016-09-09 05:05:22', 'admin'),
('K020116', 'D101.03', 'KREDIT', 47500, 'engsel', '2016-01-07', 'B102', 'B102', 'ADM 2', '2016-09-21 04:18:56', '2016-09-09 05:00:51', 'admin'),
('K021116', 'D101.03', 'KREDIT', 90000, 'kemoceng dan sapu untuk gereja', '2016-01-07', 'B102', 'B102', 'ADM 2', '2016-09-21 04:18:59', '2016-09-09 04:56:06', 'admin'),
('K022116', 'D101.03', 'KREDIT', 30000, 'cuci mobil', '2016-01-07', 'B102', 'B102', 'ADM 2', '2016-09-21 04:19:02', '2016-09-09 04:53:48', 'admin'),
('K023116', 'D101.03', 'KREDIT', 8400, 'baut untuk mobil putih', '2016-01-07', 'B102', 'B102', 'ADM 2', '2016-09-21 04:19:05', '2016-09-09 04:21:56', 'admin'),
('K024116', 'D101.03', 'KREDIT', 4000, 'amplaz untuk membersihkan piala', '2016-01-07', 'B102', 'B102', 'ADM 2', '2016-09-21 04:19:08', '2016-09-09 04:22:45', 'admin'),
('K025116', 'D906.04', 'KREDIT', 144500, 'servis sepeda motor Pdt.Kristi', '2016-01-07', 'B102', 'B102', 'B104', '2016-09-21 04:19:28', '2016-09-09 04:35:07', 'admin'),
('K027115', 'D101.03', 'KREDIT', 94500, 'baut dan konsumsi lembur tgl 6 januari 2016 untuk pemasangan rak buku ruang kepala kantor', '2016-01-07', 'B102', 'B102', 'ADM 2', '2016-09-21 04:19:11', '2016-09-09 04:48:30', 'admin'),
('K028116', 'D101.03', 'KREDIT', 50000, 'tambahan aqua untuk polisi tahun baru', '2016-01-07', 'B102', 'B102', 'ADM 2', '2016-09-21 04:19:14', '2016-09-09 04:40:30', 'admin'),
('K029116', 'D101.03', 'KREDIT', 82500, 'konsumsi rapat tgl 7 januari 2016', '2016-01-07', 'B102', 'B102', 'ADM 2', '2016-09-21 04:19:17', '2016-09-09 04:51:58', 'admin'),
('K03/1/15', 'D906.05', 'KREDIT', 625000, 'servis fotocopy', '2016-01-07', 'B101', 'B101', 'ADM 2', '2016-09-21 04:19:21', '2016-09-02 05:34:52', 'admin'),
('K030116', 'K101.03', 'KREDIT', 1500000, 'Bantuan untuk GKJ Gunturgeni', '2016-01-08', 'B101', 'B101', 'ADM 2', '2016-09-21 04:19:40', '2016-09-07 05:14:07', 'admin'),
('K031116', 'D101.01', 'KREDIT', 481000, 'rapel tunjangan istri dan beras Pdt. Yudo Aster Daniel bulan Des 2015 dan Januari 2016', '2016-01-08', 'B101', 'B101', 'ADM 2', '2016-09-21 04:19:37', '2016-09-07 05:09:31', 'admin'),
('K032116', 'D101.03', 'KREDIT', 90000, '6 eksemplar LPPS @15.000 untuk pendeta', '2016-01-09', 'B101', 'B101', 'ADM 2', '2016-09-21 04:20:12', '2016-09-07 04:51:21', 'admin'),
('K033116', 'D101.03', 'KREDIT', 201900, 'ATK untuk bagian keuanga', '2016-01-09', 'B101', 'B101', 'ADM 2', '2016-09-21 04:20:06', '2016-09-07 04:45:37', 'admin'),
('K034116', 'D101.03', 'KREDIT', 200000, 'transport kotbah Pdt.Em. David Rubingan', '2016-01-09', 'B101', 'B101', 'ADM 2', '2016-09-21 04:19:47', '2016-09-07 04:39:38', 'admin'),
('K035116', 'D101.03', 'KREDIT', 40000, 'driver lelayu', '2016-01-09', 'B101', 'B101', 'ADM 2', '2016-09-21 04:19:49', '2016-09-07 04:36:09', 'admin'),
('K036116', 'D101.03', 'KREDIT', 30000, 'cuci mobil ambulance', '2016-01-09', 'B101', 'B101', 'ADM 2', '2016-09-21 04:19:51', '2016-09-07 04:33:14', 'admin'),
('K037116', 'D101.03', 'KREDIT', 100000, 'solar ambulance', '2016-01-09', 'B101', 'B101', 'ADM 2', '2016-09-21 04:19:53', '2016-09-07 04:30:38', 'admin'),
('K038116', 'D101.03', 'KREDIT', 371500, 'Anti Virus Kaspersky 3 kompt dan kabe;l', '2016-01-09', 'B101', 'B101', 'ADM 2', '2016-09-21 04:19:56', '2016-09-07 04:28:07', 'admin'),
('K039116', 'D101.03', 'KREDIT', 743000, 'ups keuangan dan usb hub admin kantor', '2016-01-09', 'B101', 'B101', 'ADM 2', '2016-09-21 04:19:58', '2016-09-07 04:21:12', 'admin'),
('K041116', 'D101.03', 'KREDIT', 100000, 'transport ke GKJ Gunturgeni (Bp. Rudjito dan Bp. Antonov) @ 50.000', '2016-01-09', 'B101', 'B101', 'ADM 2', '2016-09-21 04:20:00', '2016-09-07 04:54:50', 'admin'),
('K042116', 'D101.01', 'KREDIT', 264750, 'BON NO 152 TGL 08.10.2015, KEKURANGAN LPJ BON KOMISI PERAWATAN INVENTARIS CEK CFM 476212', '2016-01-11', 'B101', '99', 'ADM 2', '2016-10-10 04:51:31', '2016-10-10 02:44:51', 'admin'),
('K043116', 'D101.01', 'KREDIT', 720000, 'SNACK SIDANG MAJELIS @7200 X 100', '2016-01-14', 'B101', '99', 'ADM 2', '2016-10-10 04:51:36', '2016-10-10 02:39:59', 'admin'),
('K044116', 'D101.03', 'KREDIT', 240350, 'SERVIS MOBIL / GANTI OLI DAN WHIPER', '2016-01-14', 'B102', '99', 'ADM 2', '2016-10-10 04:51:34', '2016-10-10 02:36:30', 'admin'),
('K045116', 'D101.03', 'KREDIT', 140000, 'GAS ELPIJI 12 KG', '2016-01-12', 'B102', '99', 'ADM 2', '2016-10-10 02:29:54', '2016-10-10 02:27:46', 'admin'),
('K046116', 'D101.03', 'KREDIT', 65500, 'Koran Kantor Kerja', '2016-01-12', 'B102', '99', 'ADM 2', '2016-10-10 02:29:57', '2016-10-10 02:25:31', 'admin'),
('K047116', 'D101.03', 'KREDIT', 140000, '2 tas untuk Perjamuan Kudus', '2016-01-14', 'B102', 'B101', 'ADM 2', '2016-10-10 02:16:08', '2016-10-10 02:16:03', 'admin'),
('K048116', 'D101.03', 'KREDIT', 354800, 'ATK untuk Administrasi Kantor', '2016-01-14', 'B102', '99', 'ADM 2', '2016-10-10 02:16:11', '2016-10-10 02:13:15', 'admin'),
('K049116', 'D101.03', 'KREDIT', 38000, 'Jilid Arsip', '2016-01-14', 'B102', '99', 'ADM 2', '2016-10-10 02:11:29', '2016-10-10 02:11:22', 'admin'),
('K050116', 'D101.03', 'KREDIT', 175000, 'Konsumsi Hitung Ulang', '2016-01-14', 'B102', '99', 'ADM 2', '2016-10-10 02:11:33', '2016-10-10 02:08:54', 'admin'),
('K051116', 'D101.03', 'KREDIT', 20000, 'Kopi', '2016-01-14', 'B102', '99', 'ADM 2', '2016-10-10 02:11:36', '2016-10-10 02:05:49', 'admin'),
('K052116', 'D101.03', 'KREDIT', 50000, 'lembur Bongkar Pasang Kursi 10 / Januari 2016', '2016-01-14', 'B102', '99', 'ADM 2', '2016-10-10 02:11:39', '2016-10-10 02:04:24', 'admin'),
('K053116', 'D101.03', 'KREDIT', 37900, 'Snack / Konsumsi rapat Pdt YAD, Pdt Sudoyo + BSK', '2016-01-14', 'B102', '99', 'ADM 2', '2016-10-10 02:02:27', '2016-10-10 02:02:22', 'admin'),
('K054116', 'D101.03', 'KREDIT', 123900, '(ATK) Amplop', '2016-01-14', 'B102', 'B104', '99', '2016-10-10 02:00:28', '2016-10-10 02:00:21', 'admin'),
('K055116', 'D101.03', 'KREDIT', 260000, 'Tangga Kayu + Lampu + kons lembur pasang lampu', '2016-01-14', 'B102', '99', 'ADM 2', '2016-10-10 01:57:57', '2016-10-10 01:57:52', 'admin'),
('K056116', 'D901.03', 'KREDIT', 41490, 'Ekspedisi Pos Ke sinode (2) dan GPIB(1)', '2016-01-14', 'B102', '99', 'ADM 2', '2016-10-10 01:50:49', '2016-10-10 01:50:43', 'admin'),
('K057116', 'D101.03', 'KREDIT', 200000, 'Ongkos Pasang listrik Suryadi dan Mas Dwi', '2016-01-14', 'B102', 'B101', 'ADM 2', '2016-10-10 02:19:37', '2016-10-10 02:19:28', 'admin'),
('K058116', 'D101.01', 'KREDIT', 300000, 'Ongkos Driver / Mobil dinas ke Salatiga (2 hari)', '2016-01-18', 'B101', 'ADM 2', '99', '2016-10-10 01:39:31', '2016-10-10 01:37:42', 'admin'),
('K076116', 'D101.01', 'KREDIT', 2000000, 'Cetak amplop Kop + amplop persembahan', '2016-01-19', 'B101', 'ADM 2', 'B104', '2016-10-13 05:46:48', '2016-10-13 05:23:40', 'admin'),
('K077116', 'D101.01', 'KREDIT', 2344150, 'Perawatan kesehatan Pdt.Em.Humphprey', '2016-01-19', 'B101', '99', 'B104', '2016-10-27 01:58:23', '2016-10-26 04:54:18', 'admin'),
('K078116', 'D101.01', 'KREDIT', 3950000, 'PELUNASAN PEMBELIAN ANGGUR PERJAMUAN KUDUS', '2016-01-21', 'B101', '99', 'ADM 2', '2016-10-10 04:51:37', '2016-10-10 04:51:08', 'admin'),
('K079116', 'D101.01', 'KREDIT', 754500, 'LEMBUR SATPAM BULAN JANUARI 2016', '2016-01-22', 'B101', '99', 'ADM 2', '2016-10-10 04:51:42', '2016-10-10 04:41:03', 'admin'),
('K080116', 'D101.01', 'KREDIT', 278500, 'BB 128 TGL 18/8/2015', '2016-01-22', 'B101', '99', 'ADM 2', '2016-10-14 06:01:53', '2016-10-14 04:29:31', 'admin'),
('K08116', 'D101.01', 'KREDIT', 900000, 'KEKURANGAN LPJ KOMISI PEMUDA BID.PWD BON NO 174 TGL 10/11/2015 CEK CFM 477632 NOVEMBER 2015', '2016-01-22', 'B101', '99', 'ADM 2', '2016-10-14 06:01:46', '2016-10-14 04:27:48', 'admin'),
('K082116', 'D101.01', 'KREDIT', 150000, 'KEKURANGAN LPJ/BON KOMISI ADUYUSWO NO 10 TGL 18/01/16 RP 1.010.000 PENGELURANA 1.160.000', '2016-01-26', 'B101', '99', 'ADM 2', '2016-10-14 06:02:01', '2016-10-14 05:33:13', 'admin'),
('K083116', 'D101.03', 'KREDIT', 126500, 'KONSUMSI PPJ TAMU KEBAKTIAN TGL 24 JANUARI 2016', '2016-01-26', 'B101', '99', 'ADM 2', '2016-10-10 04:52:24', '2016-10-10 04:33:08', 'admin'),
('K084116', 'D101.03', 'KREDIT', 20000, 'BENSIN KENDARAAN DIMAS', '2016-01-26', 'B101', '99', 'ADM 2', '2016-10-10 04:52:28', '2016-10-10 04:32:25', 'admin'),
('K085116', 'D101.03', 'KREDIT', 115500, 'KONSUMSI RAPAT MODERAMEN TGL 23/1/16', '2016-01-26', 'B101', '99', 'ADM 2', '2016-10-10 04:52:30', '2016-10-10 04:29:55', 'admin'),
('K086116', 'D101.03', 'KREDIT', 200000, 'TRANSPORT KOTBAH PENDETA TGL 24 JAN 2016, PDT.EM.DAVID RUBINGAN', '2016-01-22', 'B101', '99', 'ADM 2', '2016-10-10 04:51:39', '2016-10-10 04:21:01', 'admin'),
('K087116', 'D101.03', 'KREDIT', 50000, 'Driver Ambil Anggur', '2016-01-26', 'B101', '99', 'ADM 2', '2016-10-10 04:52:32', '2016-10-10 04:16:25', 'admin'),
('K088116', 'D101.03', 'KREDIT', 40000, 'Driver Lelayu', '2016-01-26', 'B101', '99', 'ADM 2', '2016-10-10 04:52:33', '2016-10-10 04:14:53', 'admin'),
('K089116', 'D101.03', 'KREDIT', 30000, 'Cuci Ambulance', '2016-01-26', 'B101', '99', 'ADM 2', '2016-10-10 04:51:48', '2016-10-10 04:13:24', 'admin'),
('K090116', 'D101.03', 'KREDIT', 388500, 'Biaya Pengobatan Ibu Dessy Natalia GW', '2016-01-21', 'B101', '99', 'ADM 2', '2016-10-27 01:58:28', '2016-10-26 04:43:19', 'admin'),
('K091116', 'D101.03', 'KREDIT', 150000, 'Bantuan untuk Konsumsi Pertemuan rutin Komunitas Eben Ezer', '2016-01-26', 'B101', '99', 'ADM 2', '2016-10-10 04:51:50', '2016-10-10 04:09:36', 'admin'),
('K092116', 'D101.03', 'KREDIT', 82000, 'Baygon untuk Kantor', '2016-01-26', 'B101', '99', 'ADM 2', '2016-10-10 04:51:52', '2016-10-10 04:07:08', 'admin'),
('K093116', 'D101.03', 'KREDIT', 150000, 'utusan ke Pura hindu Yogyakarta (3 orang) Pdt. Kristi Pdt. Seno Vik. Christian tgl 22 Jan 2016', '2016-01-26', 'B101', '99', 'ADM 2', '2016-10-10 04:51:55', '2016-10-10 04:04:36', 'admin'),
('K094116', 'D101.03', 'KREDIT', 100000, 'utusan ke UKDW tgl 22/01/2016 Dialog iman. VIK Dorkas Natalina + Bp. Bambang Hardiyanto', '2016-01-26', 'B101', '99', 'ADM 2', '2016-10-10 04:51:57', '2016-10-10 04:02:12', 'admin'),
('K095116', 'D101.03', 'KREDIT', 200000, 'tab. Dasawarsa Mba Rita dan Bp. Sugito', '2016-01-26', 'B101', '99', 'ADM 2', '2016-10-10 04:51:59', '2016-10-10 03:59:54', 'admin'),
('K096116', 'D101.03', 'KREDIT', 229500, 'Kaca Meja Kantor', '2016-01-26', 'B101', '99', 'ADM 2', '2016-10-10 04:52:01', '2016-10-10 03:58:26', 'admin'),
('K097116', 'D101.03', 'KREDIT', 100000, 'Solar Mobil Putih', '2016-01-26', 'B101', '99', 'ADM 2', '2016-10-10 04:52:03', '2016-10-10 03:54:52', 'admin'),
('K098116', 'D101.03', 'KREDIT', 30000, 'Uang makan Mas Sasa tgl 18-23 Jan 2016', '2016-01-26', 'B101', '99', 'ADM 2', '2016-10-10 04:52:05', '2016-10-10 03:51:04', 'admin'),
('K099116', 'D101.03', 'KREDIT', 97000, 'Pengobatan Ibu Dessy Natalia GW', '2016-01-26', 'B101', '99', 'ADM 2', '2016-10-27 01:58:36', '2016-10-26 04:45:31', 'admin'),
('K100116', 'D101.03', 'KREDIT', 100000, 'transport khotbah tukar mimbar klasis 31/01/2016 Pdt Yudo Aster Daniel', '2016-01-26', 'B101', '99', 'ADM 2', '2016-10-10 04:52:07', '2016-10-10 03:46:23', 'admin'),
('K101116', 'D101.03', 'KREDIT', 100000, 'transport khotbah tukar mimbar klasis 31/01/16 (Pdt. Siswadi)', '2016-10-10', 'B101', '99', 'ADM 2', '2016-10-10 04:52:38', '2016-10-10 03:44:27', 'admin'),
('K102116', 'D101.03', 'KREDIT', 100000, 'transport khotbah tukar mimbar klasis 31/01/2015 (Pdt Seno Adhi Noegroho)', '2016-01-26', 'B101', '99', 'ADM 2', '2016-10-10 04:52:26', '2016-10-10 03:42:23', 'admin'),
('K103116', 'D101.03', 'KREDIT', 100000, 'transport khotbah tukar mimbar klasis 31/01/2016', '2016-01-26', 'B101', '99', 'ADM 2', '2016-10-10 04:52:09', '2016-10-10 03:40:25', 'admin'),
('K104116', 'D101.03', 'KREDIT', 400000, 'trasport Khotbah Tukar Mimbar Pdt. Wibowo GKJ Mergangsang 2x', '2016-01-26', 'B101', '99', 'ADM 2', '2016-10-10 04:52:11', '2016-10-10 03:38:50', 'admin'),
('K105116', 'D101.03', 'KREDIT', 400000, 'Trasport khotbah tukar mimbar Pdt Agus Prasetyo dr GKJ Bantul 2x @200.000', '2016-01-26', 'B101', '99', 'ADM 2', '2016-10-10 04:52:13', '2016-10-10 03:36:48', 'admin'),
('K106116', 'D101.03', 'KREDIT', 65000, 'Refill Pewangi Ruangan Kantor', '2016-01-26', 'B101', '99', 'ADM 2', '2016-10-10 04:52:15', '2016-10-10 03:34:15', 'admin'),
('K107116', 'D101.03', 'KREDIT', 173000, 'Nasi / Konsumsi Hitung Ulang tgl 25/01/2016', '2016-01-26', 'B101', '99', 'ADM 2', '2016-10-10 04:52:17', '2016-10-10 03:33:12', 'admin'),
('K108116', 'D901.08', 'KREDIT', 196000, 'KORAN PENDETA', '2016-01-26', 'B101', '99', 'ADM 2', '2016-10-10 04:52:18', '2016-10-10 04:27:17', 'admin'),
('K109116', 'D101.03', 'KREDIT', 165900, 'Aqua dan Gula', '2016-01-26', 'B101', '99', 'ADM 2', '2016-10-10 04:52:20', '2016-10-10 03:24:44', 'admin'),
('K110116', 'D101.03', 'KREDIT', 50000, 'Lembur Bongkar Pasang Kursi', '2016-01-26', 'B101', '99', 'ADM 2', '2016-10-10 04:52:22', '2016-10-10 03:21:25', 'admin'),
('K111116', 'D101.01', 'KREDIT', 512500, 'Pembukaan rekening bank mandiri a/n Pdt Yudo Aster Daniel', '2016-01-27', 'B101', '99', 'ADM 2', '2016-10-27 01:58:39', '2016-10-26 05:15:45', 'admin'),
('K1116', 'D401.11', 'KREDIT', 60656206, 'Perhitungan Pembayaran Gaji tenaga GKJ Gondokusuman Bulan Januari 2016', '2016-01-04', 'B101', '99', '99', '2016-10-03 02:23:41', '2016-10-03 02:21:47', 'admin'),
('K112116', 'D101.01', 'KREDIT', 1090000, 'BIAYA PENDIDIKAN/WISUDA PDT.SENO ADHI IV', '2016-01-28', 'B101', '99', 'ADM 2', '2016-10-14 06:02:20', '2016-10-14 05:11:26', 'admin'),
('K113116', 'D101.03', 'KREDIT', 20000, 'BENSIN KENDARAAN DINAS', '2016-01-30', 'B101', '99', 'ADM 2', '2016-10-17 05:22:48', '2016-10-17 04:27:22', 'admin'),
('K114116', 'D101.03', 'KREDIT', 135000, 'GAS ELPIJI 27/1/2016', '2016-01-30', 'B101', '99', 'ADM 2', '2016-10-17 05:22:51', '2016-10-17 04:25:41', 'admin'),
('K115116', 'D101.03', 'KREDIT', 78000, 'KONSUMSI LEMBUR BERSIH - BERSIH LEMARI S/D JAM 18.00 WIB', '2016-01-30', 'B101', '99', 'ADM 1', '2016-10-17 05:22:38', '2016-10-17 04:23:43', 'admin'),
('K116116', 'D101.03', 'KREDIT', 196200, 'MANTOL UNTUK KANTOR GEREJA', '2016-01-30', 'B101', '99', 'ADM 2', '2016-10-17 05:22:56', '2016-10-17 04:21:44', 'admin'),
('K118116', 'D101.03', 'KREDIT', 100000, 'TAMBAHAN TRANSPORT KOTBAH TAMU KLASIS YOGYAKARTA S', '2016-01-30', 'B101', '99', 'ADM 2', '2016-10-17 05:22:59', '2016-10-17 04:16:09', 'admin'),
('K119116', 'D101.03', 'KREDIT', 100000, 'TAMBAHAN UTUSAN TUKAR MIMBAR KLASIS YKS(TRANSPORT)', '2016-01-30', 'B101', '99', 'ADM 2', '2016-10-17 05:23:02', '2016-10-17 04:13:26', 'admin'),
('K120116', 'D101.03', 'KREDIT', 50500, 'LEMBUR BONGKAR LEMARI/ BERSIH- BERSIH RAYAP', '2016-01-30', 'B101', '99', 'ADM 2', '2016-10-17 05:23:06', '2016-10-17 04:11:52', 'admin'),
('K121116', 'D101.03', 'KREDIT', 297000, 'RAPAT BELGER 30/JAN/2016', '2016-01-30', 'B101', '99', 'ADM 2', '2016-10-17 05:23:25', '2016-10-17 04:10:11', 'admin'),
('K122116', 'D101.03', 'KREDIT', 100000, 'TAMBAHAN TRANSPORT KOTBAH TUKAR MIMBAR KLASIS 31/01/2016 (PENDETA SENO ADHI N)', '2016-01-30', 'B101', '99', 'ADM 2', '2016-10-17 05:23:42', '2016-10-17 04:05:31', 'admin'),
('K123116', 'D101.03', 'KREDIT', 253000, 'KONSUMSI TAMU DARI SINODE 26/1/2016 HARI KEDUA', '2016-01-28', 'B101', '99', 'ADM 2', '2016-10-17 05:22:22', '2016-10-17 04:03:27', 'admin'),
('K124116', 'D101.03', 'KREDIT', 348250, 'KONSUSI RAMI DARI SINODE HARI PERTAMA 25 JAN 2016', '2016-01-28', 'B101', '99', 'ADM 2', '2016-10-17 05:22:26', '2016-10-17 03:55:39', 'admin'),
('K125116', 'D101.03', 'KREDIT', 31500, 'BUKU KIDUNG CERIA', '2016-01-28', 'B101', '99', 'ADM 2', '2016-10-17 05:22:29', '2016-10-17 03:46:42', 'admin'),
('K126116', 'D101.03', 'KREDIT', 98300, 'RAPAT PANITIA PEMANGGIL PENDETA', '2016-01-28', 'B101', '99', 'ADM 2', '2016-10-17 05:22:33', '2016-10-17 03:44:27', 'admin'),
('K127116', 'D101.03', 'KREDIT', 50000, 'TRANSPORT ORGANIS MANTEN WILAYAH BARAT', '2016-01-28', 'ADM 2', '99', 'ADM 2', '2016-10-17 05:22:35', '2016-10-17 03:41:20', 'admin'),
('K128116', 'D401.10', 'KREDIT', 3000000, 'PRUDENTIAL BULAN JANUARI 2016, BON NO 01 4/1/16, CEK GAB CFM 358011', '2016-01-30', 'B101', 'ADM 2', 'B104', '2016-10-17 05:24:36', '2016-10-17 03:36:40', 'admin'),
('K129116', 'D401.10', 'KREDIT', 2160300, 'PREMI DANA PENSIUN BULAN JANUARI 2016 LPJ B1 TGL 4/1/16, CEK CFM 358011 GAB.18.160.300', '2016-01-30', 'B101', 'ADM 2', 'B104', '2016-10-17 05:24:39', '2016-10-17 04:34:59', 'admin'),
('K130116', 'D401.10', 'KREDIT', 3443315, 'LPJ B1 TGL 4/1/16, LISTRIK BULAN JAN 2016 CEK GABUNGAN, CEK CFM 358011', '2016-01-30', 'B101', '99', 'ADM 2', '2016-10-17 05:23:47', '2016-10-17 03:30:45', 'admin'),
('K131116', 'D401.10', 'KREDIT', 875527, 'LP2 B1 tgl 4/1/16 telp. Kantor Gereja bul Jan 2016 cek CFM 358011', '2016-01-30', 'B101', '99', 'ADM 2', '2016-10-17 06:20:27', '2016-10-17 05:42:35', 'admin'),
('K132116', 'D401.10', 'KREDIT', 233589, 'LPJ B 1 TGL 4/1/16, TELP PENDETA BULAN JAN 2016', '2016-01-19', 'B101', '99', 'ADM 2', '2016-10-17 06:20:19', '2016-10-17 05:49:55', 'admin'),
('K133116', 'D401.10', 'KREDIT', 1381000, 'LPJ BI TGL 4/1/16, LISTRIK PENDETA BULAN JAN 2016, CEK CFM 358011', '2016-01-30', 'B101', '99', 'ADM 2', '2016-10-14 06:02:43', '2016-10-14 05:52:23', 'admin'),
('K134116', 'D401.10', 'KREDIT', 644479, 'LPJ B 2 TGL 4/1/2016, TINTA PRINTER EPSON L110 DAN L800', '2016-01-30', 'B101', 'ADM 2', '99', '2016-10-14 06:02:46', '2016-10-14 05:56:27', 'admin'),
('K135116', 'D401.10', 'KREDIT', 1622090, 'LP2 B2 tgl 4/1/16 Gula dan teh (Bon gabungan Cek CFM 358011)', '2016-01-30', 'B101', '99', 'ADM 2', '2016-10-17 06:20:29', '2016-10-17 05:38:42', 'admin'),
('K136116', 'D401.10', 'KREDIT', 4800000, 'LPJ B2 TGL 4/1/16, KERTAS UNTUK WARTA JEMAAT', '2016-01-30', 'B101', '99', 'ADM 2', '2016-10-17 05:23:49', '2016-10-17 03:19:20', 'admin'),
('K137116', 'D101.01', 'KREDIT', 195000, 'KEKURANGAN LPJ KWDWJ WISATA ROHANI BB 184. TGL 25/11/2015 ->PERSEMBAHAN KHUSUS', '2016-01-30', 'B101', '99', 'ADM 2', '2016-10-14 06:02:31', '2016-10-14 04:58:00', 'admin'),
('K138116', 'D101.01', 'KREDIT', 39300, 'KEKURANGAN LPJ KOMISI KWDWJ WISATA ROHANI BB 196 TGL 10/12/2015', '2016-01-30', 'B101', '99', 'ADM 2', '2016-10-14 06:02:34', '2016-10-14 05:03:25', 'admin'),
('K139116', 'D401.11', 'KREDIT', 138500, 'Rapel Kenaikan Golongan Bp.Yunianto & berkala Sdri Rita', '2016-01-31', 'B101', '99', 'B104', '2016-10-27 01:59:09', '2016-10-24 03:43:57', 'admin'),
('K140116', 'D101.01', 'KREDIT', 1800000, 'PENGELUARAN SISA LPJ KOMISI PANTI WREDHA BID.DIAKONIA UNTUK DISTOR KE BANK', '2016-01-12', 'B101', '99', 'ADM 2', '2016-10-14 06:01:23', '2016-10-14 05:42:30', 'admin'),
('K141116', 'D203.02', 'KREDIT', 134085000, 'Cek CFM 358020, Pembayaran untuk Notaris Hermastuti Dwi Cahyani, SH biaya pengurusan proses beli dan balik nama a/n GKJ Gondokusuman HM no: 06454', '2016-01-21', 'B101', '99', 'B102', '2016-10-27 01:58:31', '2016-10-24 03:16:41', 'admin'),
('K142216', 'D401.11', 'KREDIT', 61730357, 'Perhitungan pembayaran gaji tenaga GKJ Gondokusuman Bulan Feb 2016', '2016-02-01', 'B101', '99', '99', '2016-11-22 03:22:00', '2016-11-21 02:11:16', 'admin'),
('K143216', 'D101.01', 'KREDIT', 500000, 'Cetak warkat pengeluaran', '2016-02-01', 'B101', 'ADM 2', 'B104', '2016-11-22 03:21:54', '2016-11-21 02:04:16', 'admin'),
('K144216', 'D101.01', 'KREDIT', 640900, 'Pengobatan Pdt.Siswandi', '2016-02-01', 'B101', '99', 'ADM 2', '2016-11-22 03:21:50', '2016-11-21 01:58:16', 'admin'),
('K145216', 'D101.01', 'KREDIT', 700000, 'Finishing warta jemaat bulan januari 2016', '2016-02-01', 'B101', 'ADM 2', '99', '2016-11-21 01:33:31', '2016-11-18 06:04:23', 'admin'),
('K146216', 'D101.01', 'KREDIT', 1000000, 'Uang makan peserta beasiswa ciputra bulan feb 2016', '2016-02-02', 'B101', '99', 'ADM 2', '2016-11-22 03:22:09', '2016-11-21 01:55:26', 'admin'),
('K147216', 'D401.10', 'KREDIT', 3050000, 'LPJ B39 tgl 8/1/2016. pembelian buku tager talak untuk majelis', '2016-02-02', 'B101', '99', 'ADM 2', '2016-11-21 01:43:14', '2016-11-18 06:09:34', 'admin'),
('K148216', 'D101.01', 'KREDIT', 735000, 'Roti perjamuan kudus', '2016-02-02', 'B101', '99', 'ADM 2', '2016-11-21 01:44:05', '2016-11-18 06:01:03', 'admin'),
('K149216', 'D401.10', 'KREDIT', 711000, 'LPJ B08 tgl 02/02/16. Komisi sidang majelis gerja', '2016-02-05', '99', 'B101', 'ADM 2', '2016-11-21 01:34:09', '2016-11-18 05:54:24', 'admin'),
('K150216', 'D203.02', 'KREDIT', 2182500, 'uang cuti Yunianto/satpam th 2016, cek CFM 358056', '2016-02-05', 'B101', '99', 'ADM 2', '2016-11-21 01:34:57', '2016-11-18 05:46:01', 'admin'),
('K151216', 'D203.02', 'KREDIT', 2042800, 'CEK CFM 358057, uang cuti Bp.Suryadi/koster th 2016', '2016-02-05', 'B101', '99', 'ADM 2', '2016-11-21 01:35:05', '2016-11-18 05:44:25', 'admin'),
('K152216', 'D101.03', 'KREDIT', 284000, 'triplex untuk lemari kena rayap', '2016-02-05', 'B101', '99', 'ADM 2', '2016-11-21 01:35:47', '2016-11-18 05:36:50', 'admin'),
('K153216', 'D101.03', 'KREDIT', 231099, 'konsumsi rapat BP04', '2016-02-05', 'B101', '99', 'ADM 2', '2016-11-21 01:35:56', '2016-11-18 05:32:58', 'admin'),
('K154216', 'D101.03', 'KREDIT', 50000, 'bensin mobil dinas', '2016-02-05', '99', 'B101', 'ADM 2', '2016-11-21 01:36:08', '2016-11-18 05:29:45', 'admin'),
('K155216', 'D101.03', 'KREDIT', 81000, 'Obat nyamuk semprot', '2016-02-05', 'B101', '99', 'ADM 2', '2016-11-21 01:36:13', '2016-11-18 05:27:53', 'admin'),
('K156216', 'D101.03', 'KREDIT', 50000, 'Utusan ke UKDW Undangan Chaplaincy Forum 2016 Pdt.Kristi', '2016-02-05', 'ADM 2', '99', 'ADM 2', '2016-11-21 01:42:54', '2016-11-16 04:38:15', 'admin'),
('K157216', 'D101.03', 'KREDIT', 100000, 'utusan hut ke TPL(ibu mega dan ibu siwi)', '2016-02-05', 'ADM 2', '99', 'ADM 2', '2016-11-21 01:36:19', '2016-11-18 05:24:54', 'admin'),
('K158215', 'D101.03', 'KREDIT', 414500, 'Kamperdas + B Flex', '2016-02-05', 'B101', '99', 'ADM 2', '2016-11-21 01:36:26', '2016-11-18 05:23:08', 'admin'),
('K160216', 'D101.03', 'KREDIT', 525555, 'Rice Cooker (RT gereja)', '2016-02-05', 'B101', 'ADM 2', '99', '2016-11-22 03:22:12', '2016-11-21 02:15:02', 'admin'),
('K161216', 'D101.03', 'KREDIT', 150000, 'Organis lelayu 3kali(wil III bidston, pemberangkatan jenazah) dan (wil V pemberangkatan jenazah)', '2016-02-05', 'B101', '99', 'ADM 2', '2016-11-21 01:37:16', '2016-11-18 05:14:26', 'admin'),
('K162216', 'D101.03', 'KREDIT', 72000, 'Konsumsi lembur 30 jan 2016(persiapan perjamuan kudus)', '2016-02-04', 'B101', '99', 'ADM 2', '2016-11-21 01:37:22', '2016-11-18 05:12:27', 'admin'),
('K163216', 'D101.03', 'KREDIT', 40000, 'Driver Ambulance', '2016-02-04', 'B101', '99', 'ADM 2', '2016-11-21 01:37:27', '2016-11-18 05:10:38', 'admin'),
('K164216', 'D101.03', 'KREDIT', 30000, 'Cuci Ambulance', '2016-02-04', 'B101', '99', 'ADM 2', '2016-11-21 01:37:34', '2016-11-18 05:08:21', 'admin'),
('K165216', 'D101.03', 'KREDIT', 50000, 'Ganti jok motor kantor', '2016-02-04', 'B101', '99', 'ADM 2', '2016-11-21 01:37:40', '2016-11-18 05:06:28', 'admin'),
('K166216', 'D101.03', 'KREDIT', 40000, 'Ganti Ban motor kantor', '2016-02-04', 'B101', '99', 'ADM 2', '2016-11-21 01:38:32', '2016-11-16 06:18:56', 'admin'),
('K167216', 'D101.03', 'KREDIT', 62000, 'Roti tawar untuk perjamuan kudus', '2016-02-04', 'B101', '99', 'ADM 2', '2016-11-21 01:38:24', '2016-11-18 04:48:36', 'admin'),
('K168216', 'D101.03', 'KREDIT', 10000, 'antar berita lelayu', '2016-02-04', 'B101', '99', 'ADM 2', '2016-11-21 01:38:07', '2016-11-18 04:58:02', 'admin'),
('K169216', 'D101.03', 'KREDIT', 90000, 'Aqua untuk kantor gereja', '2016-02-04', 'B101', '99', 'ADM 2', '2016-11-21 01:38:18', '2016-11-18 04:57:41', 'admin'),
('K170216', 'D101.03', 'KREDIT', 61400, 'Gula dan Kopi', '2016-02-04', 'B101', '99', 'ADM 2', '2016-11-21 01:38:40', '2016-11-16 06:15:23', 'admin'),
('K17116', 'D101.03', 'KREDIT', 100000, 'TAMBAHAN TRANSPORT KOTBAH TAMU KLASIS YOGYAKARTA SELATAN PDT.WIBOWO', '2016-01-30', 'B101', '99', 'ADM 2', '2016-10-17 05:24:18', '2016-10-17 04:18:10', 'admin'),
('K171216', 'D101.03', 'KREDIT', 320000, 'Ongkos Cuci taplak perjamuan', '2016-02-04', 'B101', '99', 'ADM 2', '2016-11-21 01:38:47', '2016-11-16 06:13:35', 'admin'),
('K172216', 'D101.03', 'KREDIT', 18300, 'Fotocopy buku pengajaran tentang puasa', '2016-02-03', 'B101', '99', 'ADM 2', '2016-11-21 01:38:56', '2016-11-16 06:11:07', 'admin'),
('K173216', 'D101.03', 'KREDIT', 26000, 'RIL korden ruang pralenan', '2016-02-03', 'B101', '99', 'ADM 2', '2016-11-21 01:38:00', '2016-11-18 05:01:09', 'admin'),
('K174216', 'D101.03', 'KREDIT', 173500, 'Konsumsi rapat MPH tgl 2/2/2016', '2016-02-03', 'B101', '99', 'ADM 2', '2016-11-21 01:37:52', '2016-11-18 05:05:11', 'admin'),
('K175216', 'D101.03', 'KREDIT', 25000, 'Bensin Kendaraan Dinas', '2016-02-03', 'B101', '99', 'ADM 2', '2016-11-21 01:39:00', '2016-11-16 06:08:49', 'admin'),
('K176216', 'D101.03', 'KREDIT', 248000, 'Bindek untuk arsip kantor', '2016-02-03', 'ADM 2', '99', 'ADM 2', '2016-11-21 01:39:06', '2016-11-16 06:07:24', 'admin'),
('K177216', 'D101.03', 'KREDIT', 225000, 'Konsumsi Hitung Ulang tgl 01/02/2016', '2016-02-03', 'B101', '99', 'ADM 2', '2016-11-21 01:39:12', '2016-11-16 06:04:07', 'admin'),
('K178216', 'D101.03', 'KREDIT', 33750, 'Konsumsi tamu pendeta perempuan', '2016-02-03', 'B101', '99', 'ADM 2', '2016-11-21 01:39:20', '2016-11-16 06:02:05', 'admin'),
('K179216', 'D101.03', 'KREDIT', 49821, 'Bensin Kendaraan Dinas', '2016-02-02', 'B101', '99', 'ADM 2', '2016-11-21 01:39:27', '2016-11-16 05:58:48', 'admin'),
('K180216', 'D101.03', 'KREDIT', 30000, 'Uang makan mas Sasak 25 - 30 jan 2016', '2016-02-02', 'B101', '99', 'ADM 2', '2016-11-22 03:22:06', '2016-11-21 02:28:26', 'admin'),
('K181216', 'D101.03', 'KREDIT', 50000, 'Ongkos bongkar pasang kursi', '2016-02-05', 'B101', '99', 'ADM 2', '2016-11-21 01:39:33', '2016-11-16 05:44:33', 'admin'),
('K182216', 'D101.03', 'KREDIT', 100000, 'Sampah bulan Feb 2016', '2016-02-05', 'B101', '99', 'ADM 2', '2016-11-21 01:39:39', '2016-11-16 05:42:52', 'admin'),
('K183216', 'D101.03', 'KREDIT', 30000, 'Uang makan tgl 2 - 6 jan 2016', '2016-02-06', 'B101', '99', 'ADM 2', '2016-11-21 01:40:12', '2016-11-16 05:37:15', 'admin'),
('K184216', 'D101.03', 'KREDIT', 200000, 'Ongkos Bingkar Pasang Kursi perjamuan kudus(3) Bp.Sugito 100.000 Ricky 50.000 Zendy 50.000', '2016-02-06', 'B101', '99', 'ADM 2', '2016-11-21 01:40:19', '2016-11-16 05:36:31', 'admin'),
('K185216', 'D101.03', 'KREDIT', 500000, 'Konsumsi iris roti PK', '2016-02-06', 'B101', '99', 'ADM 2', '2016-11-21 01:40:26', '2016-11-16 05:33:56', 'admin'),
('K186216', 'D101.03', 'KREDIT', 100000, 'Transport sidang Klasis Pdt.kristi', '2016-02-06', 'B101', '99', 'ADM 2', '2016-11-21 01:40:43', '2016-11-16 05:28:55', 'admin'),
('K187216', 'D101.03', 'KREDIT', 100000, 'Transport sidang Klasis Pdt.Seno', '2016-02-06', 'B101', '99', 'ADM 2', '2016-11-21 01:40:51', '2016-11-16 05:27:09', 'admin'),
('K188216', 'D101.03', 'KREDIT', 100000, 'Transport Sidang Klasis Pdt.Yudo', '2016-02-06', 'B101', '99', 'ADM 2', '2016-11-21 01:40:57', '2016-11-16 05:25:00', 'admin'),
('K189216', 'D101.03', 'KREDIT', 100000, 'Transport Sidang klasis yogyakarta selayan', '2016-02-06', 'B101', '99', 'ADM 2', '2016-11-21 01:41:04', '2016-11-16 05:23:25', 'admin'),
('K190216', 'D101.03', 'KREDIT', 100000, 'Transport sidang klasis yogyakarta selatan', '2016-02-06', 'B101', '99', 'ADM 2', '2016-11-21 01:41:10', '2016-11-16 05:21:09', 'admin'),
('K191216', 'D101.03', 'KREDIT', 100000, 'Transport kotbah utusan sidang klasis', '2016-02-06', 'B101', '99', 'ADM 2', '2016-11-21 01:41:14', '2016-11-16 05:18:32', 'admin'),
('K192216', 'D101.03', 'KREDIT', 100000, 'Transport Sidang klasis Yogyakarta Selatan', '2016-02-06', 'B101', '99', 'ADM 2', '2016-11-21 01:41:21', '2016-11-16 05:16:46', 'admin'),
('K193216', 'D101.03', 'KREDIT', 400000, 'Transport Kotbah 2x(lelayu wilayah III dan wilayah V)', '2016-02-06', 'B101', '99', 'ADM 2', '2016-11-21 01:41:26', '2016-11-16 05:14:43', 'admin'),
('K194216', 'D101.03', 'KREDIT', 100000, 'Transport Sidang Klasis Pdt.Siswandi', '2016-02-06', 'B101', '99', 'ADM 2', '2016-11-21 01:41:31', '2016-11-16 05:12:00', 'admin'),
('K195216', 'D203.02', 'KREDIT', 2400000, 'CEK CFM 358060. tenda untuk perjamuan kudus', '2016-02-09', 'B101', '99', 'ADM 2', '2016-11-22 03:22:20', '2016-11-21 02:31:02', 'admin'),
('K196216', 'D203.02', 'KREDIT', 2270000, 'Cek CFM 358061.Uang cuti ibu Christina Wijayanti tahun 2016', '2016-02-10', 'B101', '99', 'ADM 2', '2016-11-22 03:22:26', '2016-11-21 02:22:12', 'admin'),
('K197216', 'D101.01', 'KREDIT', 1500, 'Kekurangan LPJ KPK Bon tgl 3 Feb 2016 No 22 Rp. 1753.000. Total Pengeluaran 1.754.500 Cek gab CFM 358058', '2016-02-29', 'B101', '99', 'ADM 2', '2016-11-22 03:22:50', '2016-11-21 05:23:38', 'admin'),
('K2/12/15', 'D807.3', 'KREDIT', 1000000, 'Bantuan Uang konsumsi untuk Totok Sugiyanto dan Yuni Yuliani, peserta beasiswa Ciputra.', '2016-01-05', 'B101', 'ADM 2', 'B104', '2016-09-21 04:18:36', '2016-09-02 05:31:59', 'admin'),
('K224216', 'D101.01', 'KREDIT', 1678000, 'Biaya balik nama atas sertifikat HGB tanah GKJ Gondokusuman', '2016-02-16', 'B101', 'B102', 'ADM 2', '2016-11-22 03:22:31', '2016-11-21 02:48:01', 'admin'),
('K262216', 'D101.03', 'KREDIT', 200000, 'Konsumsi Hitung ulang tgl 16/02/2016', '2016-02-18', 'ADM 2', '99', 'ADM 2', '2016-11-22 06:34:11', '2016-11-22 06:31:40', 'admin'),
('K263216', 'D101.03', 'KREDIT', 335000, 'Ongkos Solar / Kendaraan dinas dan cuci Mobil perjalanan ke Salatiga ( Bon gab tgl 16/02-16 Rp. 300.000)', '2016-02-18', 'B101', '99', 'ADM 2', '2016-11-22 06:34:03', '2016-11-22 06:29:27', 'admin'),
('K264216', 'D101.01', 'KREDIT', 500000, 'Transport Khotbah Tukar Mimbar Sinode Pdt Fendi S.', '2016-02-19', 'B101', '99', 'ADM 2', '2016-11-22 06:34:13', '2016-11-22 06:16:45', 'admin'),
('K265216', 'D401.10', 'KREDIT', 136700, 'LPJ B-10 tgl 22 Februari 2016', '2016-02-24', 'B101', 'ADM 1', 'B105', '2016-11-22 06:34:56', '2016-11-22 06:06:22', 'admin'),
('K266216', 'D401.14', 'KREDIT', 10825000, 'LPJ Komisi Pendidikan BB11 tgl 20/1/2016', '2016-02-24', 'B101', '99', 'B105', '2016-11-22 06:34:21', '2016-11-22 06:01:00', 'admin'),
('K267216', 'D902.06', 'KREDIT', 4500, 'Sikat CRT Gereja', '2016-02-24', 'B101', 'ADM 1', 'ADM 2', '2016-11-22 06:34:59', '2016-11-22 05:53:52', 'admin'),
('K268216', 'D101.03', 'KREDIT', 400000, 'Kontribusi telaah buku Vik. Dorkas dan Vik. Christian', '2016-02-24', 'B101', '99', 'ADM 2', '2016-11-22 06:34:24', '2016-11-22 05:52:32', 'admin'),
('K269216', 'D101.03', 'KREDIT', 50000, 'Ongkos Bongkar pasang Kursi', '2016-02-24', 'B101', '99', 'ADM 2', '2016-11-22 06:34:27', '2016-11-22 05:51:22', 'admin'),
('K270216', 'D101.03', 'KREDIT', 50000, 'Ongkos Bongkar pasang Kursi', '2016-02-24', 'B101', '99', 'ADM 2', '2016-11-22 06:34:29', '2016-11-22 05:45:33', 'admin'),
('K271216', 'D906.08', 'KREDIT', 30000, 'Ongkos Makan mas Sasak tgl 15-20', '2016-02-24', 'B101', '99', 'ADM 2', '2016-11-22 06:34:33', '2016-11-22 05:44:10', 'admin'),
('K272216', 'D101.03', 'KREDIT', 30000, 'Ongkos makan mas Sasuk tgl 8-13 Feb', '2016-02-24', 'B101', '99', 'ADM 2', '2016-11-22 06:34:36', '2016-11-22 05:42:53', 'admin'),
('K273216', 'D101.03', 'KREDIT', 10000, 'Transport Bp. Sugito, antar berita Lelayu', '2016-02-24', 'B101', '99', 'ADM 2', '2016-11-22 06:34:38', '2016-11-22 05:42:03', 'admin'),
('K274216', 'D101.03', 'KREDIT', 70000, 'Buku Khotbah Jangkep', '2016-02-24', 'B101', 'ADM 1', 'ADM 2', '2016-11-22 06:35:02', '2016-11-22 05:39:25', 'admin'),
('K275216', 'D101.03', 'KREDIT', 110000, 'Kabel Komputer', '2016-02-24', 'B101', '99', 'ADM 2', '2016-11-22 06:34:42', '2016-11-22 05:38:04', 'admin'),
('K276216', 'D101.03', 'KREDIT', 336000, 'Buku Bahan Lelayu', '2016-02-24', 'B101', '99', 'ADM 2', '2016-11-22 06:34:44', '2016-11-22 05:35:43', 'admin'),
('K277216', 'D101.03', 'KREDIT', 105000, 'Konsumsi Hitung Ulang', '2016-02-24', 'B101', 'ADM 1', 'ADM 2', '2016-11-22 06:35:05', '2016-11-22 05:33:59', 'admin'),
('K278216', 'D101.03', 'KREDIT', 196000, 'Koran Pendeta', '2016-02-24', 'B101', '99', 'ADM 2', '2016-11-22 06:34:47', '2016-11-22 05:32:25', 'admin'),
('K279216', 'D101.03', 'KREDIT', 100000, 'Organis Lelayu', '2016-02-24', 'B101', '99', '99', '2016-11-22 06:34:50', '2016-11-22 05:26:07', 'admin'),
('K280216', 'D101.03', 'KREDIT', 47000, 'Service motor AB 5995 X', '2016-02-24', 'B101', '99', 'ADM 2', '2016-11-22 06:34:53', '2016-11-22 05:24:11', 'admin'),
('K281216', 'D101.03', 'KREDIT', 59900, 'Konsumsi rapat pastori tgl 19 Feb 2016', '2016-02-24', 'B101', 'ADM 1', 'ADM 2', '2016-11-22 06:35:07', '2016-11-22 05:16:34', 'admin'),
('K282216', 'D101.03', 'KREDIT', 56800, 'Fotocopi Liturgi (FC rusak)', '2016-02-24', '99', 'B101', 'ADM 2', '2016-11-22 06:35:19', '2016-11-22 05:14:29', 'admin'),
('K283216', 'D101.01', 'KREDIT', 1000000, 'Konser pendidikan musik Sawokembar tgl 15-2-2016', '2016-02-26', 'B101', 'B104', '99', '2016-11-22 06:36:18', '2016-11-22 04:33:56', 'admin'),
('K284216', 'D101.01', 'KREDIT', 1000000, 'Paskah dll Wilayah 2', '2016-02-27', '99', 'B103', 'B101', '2016-11-22 06:36:23', '2016-11-22 04:03:19', 'admin'),
('K285216', 'D101.01', 'KREDIT', 100000, 'Sampah bulan Feb ', '2016-02-27', '99', 'ADM 2', 'B101', '2016-11-22 03:22:42', '2016-11-21 05:43:45', 'admin'),
('K287216', 'D401.10', 'KREDIT', 2160300, 'LPJ B 6 tgl 01/02/2016 Premi Dana Pensiun Februari 2016', '2016-02-29', 'B101', 'ADM 1', 'ADM 2', '2016-11-22 03:24:16', '2016-11-21 05:17:19', 'admin'),
('K288216', 'D401.10', 'KREDIT', 3000000, 'Prudential Bulan Feb 2016 Bon gab No 6 tgl 01/02/2016 Cek CFM 358054', '2016-02-29', 'B101', 'ADM 1', 'ADM 2', '2016-11-22 03:24:38', '2016-11-21 05:13:38', 'admin'),
('K289216', 'D401.10', 'KREDIT', 3122189, 'Listrik Gereja bulan Feb Bon No 6 tgl 1/21/2016 Cek Gabungan Rp. 17.000.000 cek CFM 358054', '2016-02-29', 'B101', 'ADM 1', 'ADM 2', '2016-11-22 03:24:40', '2016-11-21 05:01:37', 'admin'),
('K290216', 'D401.10', 'KREDIT', 827086, 'Telepon + internet Kantor GKJ Gondokusuman Bon No 6 tanggal 01/02/2016 Cek Gab Rp. 17.000.000 Cek CFM 358054', '2016-02-29', 'B101', 'ADM 1', 'ADM 2', '2016-11-22 03:24:42', '2016-11-21 04:54:21', 'admin'),
('K291216', 'D401.10', 'KREDIT', 3210000, 'Konsumsi Perjamuan Kudus Bulan Feb 2016 CEK gab no 6 tgl 01/02/2016 Cek CFM 358054 Rp. 17.000.000', '2016-02-29', 'B101', '99', 'ADM 2', '2016-11-22 03:23:31', '2016-11-21 04:48:35', 'admin'),
('K292216', 'D401.10', 'KREDIT', 680000, 'Sewa TV Perjamuan bulan Feb 2016 Bon No 6 tgl 01/02/2016 Cek Gab CFM 358054', '2016-02-29', 'B101', '99', 'ADM 2', '2016-11-22 03:23:34', '2016-11-21 04:41:33', 'admin'),
('K293216', 'D401.10', 'KREDIT', 496500, 'Konsumsi Multimedia Perjamuan Kudus Bon no 6 tgl 01/02/2016 CFM 358054 Rp.17.000.000', '2016-02-29', 'B101', '99', 'ADM 2', '2016-11-22 06:36:26', '2016-11-22 04:30:27', 'admin'),
('K294216', 'D401.10', 'KREDIT', 1427211, 'Listrik Pendeto bulan Feb 2016 BB no 6 tanggal 01/02/16 Cek Gabungan 17.000.000 Cek CFM 358054', '2016-02-29', 'B101', 'ADM 1', 'ADM 2', '2016-11-22 03:24:44', '2016-11-21 04:24:20', 'admin'),
('K295216', 'D401.10', 'KREDIT', 283811, 'Telepom pendeta bulan Feb cek Gab / BB no 06 tgl 01/02/2016 17.000.000 cek CFM 358054', '2016-02-29', 'B101', 'ADM 1', 'ADM 2', '2016-11-22 03:24:46', '2016-11-21 04:15:52', 'admin'),
('K296216', 'D101.01', 'KREDIT', 350000, 'Transport kotbah, pendeta tukar mimbar sinode', '2016-02-18', 'B101', '99', 'ADM 2', '2016-11-22 03:22:34', '2016-11-21 04:02:20', 'admin'),
('K297216', 'D101.01', 'KREDIT', 250000, 'transport kotbah', '2016-02-29', 'B101', '99', 'ADM 2', '2016-11-22 03:23:37', '2016-11-21 03:50:14', 'admin'),
('K298216', 'D401.10', 'KREDIT', 1605000, 'service dan pemebelian sparepart  mobil puyih AB 1334 kh lpj b12 tgl 25 feb 2016', '2016-02-29', 'B101', '99', '99', '2016-11-22 03:23:41', '2016-11-21 03:45:55', 'admin'),
('K299216', 'D101.01', 'KREDIT', 105000, 'kekurangan lpj kantor gereja service mobil putih AB 1334 kh lpj b12 tgl 25 feb 2016', '2016-02-29', 'B101', '99', '99', '2016-11-22 03:23:43', '2016-11-21 03:48:02', 'admin'),
('K40116', 'D101.03', 'KREDIT', 59000, 'konsumsi lembur pasang/layout komputer keuangan (3orang)', '2016-01-09', 'B101', 'B101', 'ADM 2', '2016-09-21 04:20:02', '2016-09-07 04:15:22', 'admin'),
('K406316', 'D401.10', 'KREDIT', 2160300, 'Dana pensiun karyawan dan pendeta. LPJ B17 tgl 25/2/2106', '2016-03-28', 'B101', 'ADM 2', '99', '2016-11-22 03:24:53', '2016-11-22 01:54:31', 'admin');
INSERT INTO `tbl_bukti_transaksi` (`kode_bukti_transaksi`, `kode_jenis_akun`, `tipe_transaksi`, `jumlah`, `keterangan`, `tanggal_bukti_transaksi`, `bendahara`, `penerima`, `penyetor`, `waktu_posting`, `waktu_input`, `kode_admin`) VALUES
('K59116', 'D101.03', 'KREDIT', 342000, 'Buku PPA GKJ', '2016-01-18', 'B101', '99', 'ADM 2', '2016-10-03 03:37:54', '2016-10-03 03:30:52', 'admin'),
('K60116', 'D101.03', 'KREDIT', 200000, 'Ongkos Pasang Lampu 2 orang', '2016-01-18', 'B101', '99', 'ADM 2', '2016-10-03 03:37:39', '2016-10-03 03:36:45', 'admin'),
('K61116', 'D101.03', 'KREDIT', 203700, 'Aqua + kopi +teh Kantor Gereja', '2016-01-18', 'B101', '99', 'ADM 2', '2016-10-03 03:37:58', '2016-10-03 03:34:56', 'admin'),
('K62116', 'D101.03', 'KREDIT', 200000, 'Lampu Taman', '2016-01-18', 'B101', '99', 'ADM 2', '2016-10-03 03:37:35', '2016-10-03 03:28:53', 'admin'),
('K63116', 'D101.03', 'KREDIT', 400000, 'transport kotbah pendeta tamu kebaktian tgl 17 jan 2016(2 pendeta @200.000)', '2016-01-18', 'B101', '99', 'ADM 2', '2016-10-03 03:38:01', '2016-10-03 03:20:25', 'admin'),
('K64116', 'D101.03', 'KREDIT', 188000, 'konsumsi ayam goreng co-de untuk hitung ulang 18 jan 2016', '2016-01-18', 'B101', '99', 'ADM 2', '2016-10-03 03:37:24', '2016-10-03 03:17:55', 'admin'),
('K65116', 'D101.03', 'KREDIT', 98000, 'kompas pendeta Siswadi', '2016-01-18', 'B101', '99', 'B104', '2016-10-03 03:37:30', '2016-10-03 03:15:14', 'admin'),
('K66116', 'D101.03', 'KREDIT', 37900, 'konsumsi pertemuan BSK + Bp Sundoyo 12 jan 2016', '2016-01-18', 'B101', '99', 'B104', '2016-10-03 03:37:17', '2016-10-03 03:12:13', 'admin'),
('K67116', 'D101.03', 'KREDIT', 50000, 'ongkos bongkar pasang kursi tgl 17 jan 2016', '2016-01-18', 'B101', '99', 'ADM 2', '2016-10-03 03:37:21', '2016-10-03 03:10:15', 'admin'),
('K68116', 'D101.03', 'KREDIT', 30000, 'uang makan mas sasa tgl 4-9 jan 2016', '2016-01-17', 'B101', '99', 'ADM 2', '2016-10-03 03:37:52', '2016-10-03 03:08:47', 'admin'),
('K69116', 'D101.03', 'KREDIT', 30000, 'uang makan mas sasa tgl 11-16 jan 2016', '2016-01-17', 'B101', '99', 'ADM 2', '2016-10-03 03:37:49', '2016-10-03 03:06:43', 'admin'),
('K70116', 'D101.03', 'KREDIT', 102000, 'pulsa kantor gereja', '2016-01-18', 'B101', '99', 'ADM 1', '2016-10-03 03:37:42', '2016-10-03 03:04:38', 'admin'),
('K71116', 'D101.03', 'KREDIT', 93980, 'konsumsi ppj tamu dari bethesda kebaktian minggu tanggal 17 jan 2016', '2016-01-18', 'B101', '99', 'ADM 2', '2016-10-03 03:37:27', '2016-10-03 03:01:28', 'admin'),
('K72116', 'D101.01', 'KREDIT', 497800, 'tempat sabun + tempat amplop persembahan untuk gereja', '2016-01-19', 'B101', '99', 'ADM 2', '2016-10-03 03:37:13', '2016-10-03 02:54:26', 'admin'),
('K73116', 'D101.01', 'KREDIT', 145000, 'Stiker + bolpoin untuk Perjamuan Kudus', '2016-01-19', 'B101', '99', 'ADM 2', '2016-10-03 03:37:10', '2016-10-03 02:48:23', 'admin'),
('K74116', 'D101.01', 'KREDIT', 262000, 'Kekurangan LPJ komisi sosial bidang diakonia cek gabungan bon no 207 23/12/15 check CFK 477698', '2016-10-03', 'B101', '99', 'ADM 2', '2016-10-03 03:37:05', '2016-10-03 02:45:04', 'admin'),
('K75116', 'D101.01', 'KREDIT', 1613200, 'Alat tulis kantor awal tahun', '2016-01-19', 'B101', '99', 'ADM 2', '2016-10-03 02:41:58', '2016-10-03 02:41:38', 'admin'),
('KC01', 'D101.01', 'KREDIT', 2000000, 'BON KC 01', '2016-01-04', 'B102', 'ADM 2', 'B101', '2016-09-30 05:26:04', '2016-09-30 05:02:01', 'admin'),
('KC04', 'D101.01', 'KREDIT', 2000000, 'KC 04', '2016-01-18', 'B102', 'ADM 2', 'B101', '2016-10-10 01:41:32', '2016-10-10 01:41:26', 'admin'),
('KC06', 'D101.01', 'KREDIT', 2000000, 'Bon KC06', '2016-01-26', 'B102', 'ADM 2', 'B101', '2016-10-10 04:51:44', '2016-10-10 03:52:20', 'admin'),
('KC07', 'D101.01', 'KREDIT', 2000000, 'Bon KC 07', '2016-01-26', 'B102', 'ADM 2', 'B101', '2016-10-10 04:51:46', '2016-10-10 03:11:26', 'admin'),
('KC08', 'D101.01', 'KREDIT', 2000000, 'BON KC 08', '2016-01-30', 'B102', 'ADM 2', 'B101', '2016-10-17 05:24:33', '2016-10-17 03:37:55', 'admin'),
('KC09', 'D101.01', 'KREDIT', 2000000, 'KC09', '2016-02-03', 'B102', 'ADM 2', 'ADM 2', '2016-11-21 01:36:39', '2016-11-18 05:18:23', 'admin'),
('KC10', 'D101.01', 'KREDIT', 2000000, 'Bon KC10', '2016-02-05', '99', 'ADM 2', 'B101', '2016-11-21 01:40:03', '2016-11-16 05:38:43', 'admin'),
('KC11', 'D101.01', 'KREDIT', 2000000, 'Bon KC11', '2016-02-06', '99', 'ADM 2', 'B101', '2016-11-21 01:42:02', '2016-11-16 05:01:30', 'admin'),
('KC14', 'D101.01', 'KREDIT', 2000000, 'Bon KC 14', '2016-02-18', 'B105', 'ADM 2', 'B101', '2016-11-22 06:34:06', '2016-11-22 06:19:38', 'admin'),
('KC15', 'D101.01', 'KREDIT', 5000000, 'Bon KC 15', '2016-02-24', 'B105', 'ADM 1', 'B101', '2016-11-22 06:35:10', '2016-11-22 05:09:39', 'admin'),
('KC2', 'D101.01', 'KREDIT', 18610000, 'bon kc2', '2016-01-07', 'B102', 'ADM 2', 'B101', '2016-09-21 04:19:24', '2016-09-07 05:30:00', 'admin'),
('KC3', 'D101.01', 'KREDIT', 2000000, 'BON KC 3', '2016-01-09', 'B101', 'B102', 'ADM 2', '2016-09-21 04:20:04', '2016-05-16 03:15:42', 'admin'),
('KC5', 'D101.01', 'KREDIT', 2000000, 'KC 05', '2016-01-08', 'B102', 'ADM 2', 'B101', '2016-10-03 03:37:46', '2016-10-03 02:57:25', 'admin'),
('KO26116', 'D101.03', 'KREDIT', 77500, 'Kr + minggu pagi Pdt.David Rubingan', '2016-01-07', 'B102', 'B102', 'B104', '2016-09-21 04:19:32', '2016-09-09 04:30:55', 'admin'),
('M0002', 'D101.02', 'DEBET', 77802200, 'Persembahan Malam Tahun Baru 31/12/2015, Tahun Baru 1/1/2016 & Persembahan Sabtu-Minggu tgl 2-3 Januari 2016', '2016-01-04', 'B101', 'BANK', 'B104', '2016-06-02 03:34:23', '2016-05-19 04:41:23', 'Bumega'),
('M0005116', 'D203.02', 'DEBET', 1324940, 'Hasil Bunga Deposit BRI', '2016-01-07', 'B103', 'B104', 'BANK', '2016-09-30 06:17:05', '2016-09-28 06:05:07', 'admin'),
('M003116', 'D401.14', 'KREDIT', 2870100, 'SISA BON 191 TGL 10 DES 2015, CEK CFM 477678 RP 33.000.000,00 , PANITIA NATAL DAN TAHUN BARU', '2016-01-05', 'B101', 'ADM 2', '99', '2016-10-17 06:20:15', '2016-10-17 05:53:04', 'admin'),
('M01/1/16', 'D203.02', 'DEBET', 420000, 'Persmbahan Mirunggan via rek giro tgl.1-1-16', '2016-01-01', 'B103', 'ADM 2', 'B103', '2016-05-16 04:01:57', '2016-05-16 04:00:53', 'Bumega'),
('M01116', 'D203.02', 'DEBET', 420000, 'Persembahan via Rek. Giro NN tgl 1/1/16', '2016-01-01', 'B103', 'B104', 'ADM 2', '2016-10-13 05:46:42', '2016-10-13 05:17:12', 'admin'),
('M013116', 'D101.02', 'DEBET', 24845000, 'Persembahan yang diterima di Kantor Gereja tgl 30 Desember 2015 - 7 Januari 2016', '2016-01-12', 'B101', 'B101', 'B104', '2016-10-27 01:58:19', '2016-10-27 01:58:13', 'admin'),
('M014116', 'D401.14', 'KREDIT', 3360, 'SISA LPJ BON KOMISI PELAYANAN KEBAKTIAN BIDANG IBADAH, LPJ KPK-MULMED BB 4 TGL 5/1/2016', '2016-01-12', 'B101', 'ADM 2', '99', '2016-10-14 06:01:20', '2016-10-14 04:01:33', 'admin'),
('M015116', 'D401.01', 'KREDIT', 1800000, 'SISA LPJ KOMISI PANTI WREDHA BID.DIAKONIA, DESEMBER , BB198 TGL 11/12/2015', '2016-01-12', 'B101', 'ADM 2', '99', '2016-10-14 05:01:32', '2016-10-14 04:04:19', 'admin'),
('M016116', 'D401.14', 'KREDIT', 553650, 'SISA KAS LPJ PANITIA HUT KE 102 GKJ GK, BB 177 TGL 10/11/2015', '2016-01-13', 'B101', 'B104', '99', '2016-10-14 06:01:26', '2016-10-14 04:06:22', 'admin'),
('M017116', 'D101.03', 'KREDIT', 113560, 'SISA KC3', '2016-01-14', 'B102', 'B101', 'ADM 2', '2016-10-14 06:01:29', '2016-10-14 04:08:46', 'admin'),
('M019116', 'D101.03', 'KREDIT', 24420, 'SISA KC4', '2016-01-18', 'B102', 'B101', 'ADM 2', '2016-10-14 06:01:34', '2016-10-14 04:09:59', 'admin'),
('M020116', 'D401.01', 'KREDIT', 473500, 'SISA LPJ KOMISI SOSIAL BI.DIAKONIA, CEK GAB. BON NO 2017 23/12/2015, CEK CFM 477698', '2016-01-19', 'B101', '99', 'ADM 2', '2016-10-14 06:01:37', '2016-10-14 04:11:43', 'admin'),
('M02116', 'D101.02', 'DEBET', 77802200, 'Persembahan Malam Tahun Baru 31/12/2015, tahun baru 1/1/2016 dan ibadah sabtu Minggu tanggal 02-03 Januari 2016', '2016-01-04', 'B101', 'B101', 'B104', '2016-10-08 03:10:55', '2016-10-08 03:10:43', 'admin'),
('M023116', 'D101.02', 'DEBET', 2673000, 'PERSEMBAHAN MANTEN WILAYAH BARAT, JUMAT TGL 22/1/2016 PKL 10.00 WIB', '2016-01-22', 'B101', 'ADM 2', '99', '2016-10-10 04:51:40', '2016-10-10 04:47:34', 'admin'),
('M024116', 'D101.02', 'DEBET', 32286100, 'Persembahan Ibadah Sabtu-Minggu tgl 23-24 Januari 2016', '2016-01-25', 'B101', '99', 'B104', '2016-10-17 05:22:15', '2016-10-17 05:13:50', 'admin'),
('M028116', 'D101.03', 'KREDIT', 18000, 'SISA KC0 5', '2016-01-26', 'B102', 'B101', 'ADM 2', '2016-10-14 06:02:05', '2016-10-14 04:13:34', 'admin'),
('M029116', 'D101.03', 'KREDIT', 23100, 'SISA KC 06', '2016-01-26', 'B102', 'B101', 'ADM 2', '2016-10-14 06:02:08', '2016-10-14 04:18:48', 'admin'),
('M030116', 'D101.01', 'DEBET', 4500000, 'PERSEMBAHAN YAYASAN SAWOKEMBAR JANUARI 2016', '2016-01-28', 'B101', '99', 'B104', '2016-10-14 06:02:17', '2016-10-14 05:05:46', 'admin'),
('M031116', 'D101.01', 'KREDIT', 4802000, 'Pensiun Feb 2016 Klasis Yogyakarta Selatan', '2016-01-28', 'B103', 'B104', '99', '2016-10-17 05:22:19', '2016-10-17 04:40:30', 'admin'),
('M032116', 'D401.01', 'KREDIT', 417700, 'SISA LPJ BON KOMISI BANTUAN DAN SANTUNAN BIDANG DIAKONIA BB1 TGL 4/1/2015', '2016-01-29', 'B101', '99', 'ADM 2', '2016-10-14 06:02:23', '2016-10-14 05:16:16', 'admin'),
('M033116', 'D203.02', 'DEBET', 5000000, 'Persembahan NN via rek. Giro', '2016-01-30', 'B103', '99', 'B104', '2016-10-17 05:24:43', '2016-10-17 04:45:08', 'admin'),
('M034116', 'D101.03', 'KREDIT', 42250, 'SISA KC 07', '2016-01-30', 'B102', 'B101', 'ADM 2', '2016-10-17 05:24:23', '2016-10-17 03:39:13', 'admin'),
('M040116', 'D202.09', 'DEBET', 1324940, 'Hasil bunga deposito BRI', '2016-01-30', 'B103', 'B104', 'BANK', '2016-10-27 01:59:03', '2016-10-24 02:55:04', 'admin'),
('M041116', 'D202.13', 'DEBET', 3296, 'Hasil bunga bank BRI -bansoskom', '2016-01-30', 'B103', 'B104', 'BANK', '2016-10-27 01:58:54', '2016-10-24 02:59:27', 'admin'),
('M04116', 'D101.01', 'DEBET', 3742500, 'Penjualan Kalender 2016', '2016-01-06', 'B101', 'ADM 2', '99', '2016-10-14 03:50:37', '2016-10-14 03:14:07', 'admin'),
('M042116', 'D202.14', 'DEBET', 11507, 'Hasil bunga bank BRI - Tanah Makam', '2016-01-30', 'B103', 'B104', 'BANK', '2016-10-27 01:58:56', '2016-10-24 02:53:40', 'admin'),
('M047216', 'D401.10', 'KREDIT', 160000, 'Sisa LPJ pemebelian tager talak. bon no 3 tgl 8 jan 2016', '2016-02-02', 'B101', 'ADM 2', '99', '2016-11-21 01:43:06', '2016-11-18 06:07:28', 'admin'),
('M048216', 'D401.10', 'KREDIT', 289000, 'Sisa bon komisi sidang majelis gereja', '2016-02-05', 'B101', 'ADM 2', '99', '2016-11-21 01:44:08', '2016-11-18 05:56:19', 'admin'),
('M049216', 'D401.01', 'KREDIT', 23915, 'Sisa LPJ komisi PI dan komunikasi no 3 tgl 4/1/2016', '2016-02-02', 'B101', 'ADM 2', '99', '2016-11-21 01:34:24', '2016-11-18 05:51:57', 'admin'),
('M050216', 'D401.14', 'KREDIT', 7000, 'Sisa LPJ komisi PI dan komunikasi no 3 tgl 4/1/2016', '2016-02-03', 'B101', 'ADM 2', '99', '2016-11-21 01:34:47', '2016-11-18 05:49:24', 'admin'),
('M051216', 'D101.01', 'KREDIT', 13846, 'Sisa KC08', '2016-02-03', 'B102', 'B101', 'ADM 2', '2016-11-21 01:36:51', '2016-11-18 05:17:20', 'admin'),
('M052216', 'D401.14', 'KREDIT', 3569200, 'Sisa LPJ komisi anak bidang PWG BB200 tgl 11/12/2015', '2016-02-05', 'B101', '99', 'ADM 2', '2016-11-21 01:37:07', '2016-11-18 05:15:56', 'admin'),
('M053216', 'D101.03', 'KREDIT', 95229, 'Sisa bon KC09', '2016-02-05', '99', 'B101', 'ADM 2', '2016-11-21 01:39:50', '2016-11-16 05:40:02', 'admin'),
('M054216', 'D101.03', 'KREDIT', 70000, 'Sisa KC10', '2016-02-06', '99', 'B101', 'ADM 2', '2016-11-21 01:41:40', '2016-11-16 05:06:15', 'admin'),
('M057216', 'D401.01', 'KREDIT', 6333, 'BB9 tgl 12/1/2016 januari, Sisa LPJ Komisi Panti Wredha Bid Diakonia', '2016-02-10', 'B101', 'ADM 2', '99', '2016-11-21 01:42:22', '2016-11-16 04:57:58', 'admin'),
('M058216', 'D401.14', 'KREDIT', 38485, 'Sisa LPJ BP4 BB165 tgl 28/10/2015', '2016-02-10', 'B101', 'ADM 2', '99', '2016-11-21 01:42:39', '2016-11-16 04:52:16', 'admin'),
('M074216', 'D101.01', 'KREDIT', 6835, 'Sisa KC 13', '2016-02-18', 'B105', 'B101', 'ADM 2', '2016-11-22 06:34:08', '2016-11-22 06:22:21', 'admin'),
('M076216', 'D401.10', 'KREDIT', 173300, 'Kantor Gereja ( Sisa Pembelian snack rapat Team Tanah dan bid. Kehartaan)', '2016-02-24', 'B101', 'B105', 'ADM 1', '2016-11-22 06:35:21', '2016-11-22 06:07:48', 'admin'),
('M077216', 'D401.14', 'KREDIT', 275000, 'Sisa pembagian Beasiswa bln. Februari 2016', '2016-02-24', 'B101', 'B105', '99', '2016-11-22 06:35:15', '2016-11-22 06:02:42', 'admin'),
('M078216', 'K101.05', 'KREDIT', 659910, 'Premi Pensiun pft. Fendi Februari 2016', '2016-02-24', 'B103', 'B104', '99', '2016-11-22 06:35:24', '2016-11-22 05:58:58', 'admin'),
('M079216', 'D101.03', 'KREDIT', 344800, 'Sisa KC 13', '2016-02-24', 'B105', 'B101', 'ADM 2', '2016-11-22 06:35:12', '2016-11-22 05:10:38', 'admin'),
('M080216', 'K101.14', 'KREDIT', 4802000, 'Pensiun bulan Maret 2016 dr Klasis Yogsel', '2016-02-25', 'B103', 'B104', '99', '2016-11-22 06:35:37', '2016-11-22 04:44:15', 'admin'),
('M081216', 'K902.02', 'KREDIT', 174099, 'Hasil Bunga rek. giro', '2016-02-25', 'B103', 'B104', '99', '2016-11-22 06:35:39', '2016-11-22 04:42:32', 'admin'),
('M083216', 'D401.14', 'KREDIT', 100000, 'Sisa LPJ Adiyuswa BB19 tgl 30/01/2016', '2016-02-26', 'B101', '99', '99', '2016-11-22 06:36:21', '2016-11-22 04:37:59', 'admin'),
('M084216', 'D904.08', 'KREDIT', 150000, 'Pengembalian uang saku WB single (wilayah 2) / Sari Retno Warkat tgl 11/02/2016', '2016-02-26', '99', 'B101', 'ADM 2', '2016-11-22 06:36:06', '2016-11-22 04:16:56', 'admin'),
('M085216', 'D401.01', 'KREDIT', 3000000, 'Pengembalian Bon Bidang Diakonia Komisi Bantuan dan Santunan BB 12 tgl 22/1/16', '2016-02-26', 'B101', 'ADM 2', '99', '2016-11-22 06:36:03', '2016-11-22 04:14:45', 'admin'),
('M086216', 'D401.11', 'KREDIT', 1330915, 'Pengembalian sisa kewajiban 80% Vik. Dorkas dan Vik, Christian', '2016-02-26', '99', 'B101', 'ADM 2', '2016-11-22 06:36:08', '2016-11-22 04:13:11', 'admin'),
('M087216', 'D904.08', 'KREDIT', 100000, 'Pengembalian sisa transport Pdt. Siswadi Warkat Pengeluaran K. 194 tgl 06/02/2016', '2016-02-26', '99', 'B101', 'ADM 2', '2016-11-22 06:36:11', '2016-11-22 04:10:12', 'admin'),
('M09116', 'D203.02', 'DEBET', 9000000, 'Persembahan dari Kel Dr. Kunto (NN) via REK Giro', '2016-01-09', 'B101', 'B104', 'ADM 2', '2016-10-13 05:46:39', '2016-10-13 05:14:21', 'admin'),
('M092216', 'K903.01', 'KREDIT', 1299470, 'Hasil bunga deposito BRI - Pdt Siswandi', '2016-02-29', 'B103', 'B104', '99', '2016-11-22 03:24:23', '2016-11-21 03:32:52', 'admin'),
('M093216', 'K903.02', 'KREDIT', 114724, 'Hasil bunga bank mandiri - emeritus', '2016-02-29', 'B103', 'B104', '99', '2016-11-22 03:24:25', '2016-11-21 03:26:46', 'admin'),
('M094216', 'K903.01', 'KREDIT', 1366915, 'hasil bunga deposito BRI', '2016-02-29', 'B103', 'B104', '99', '2016-11-22 03:24:28', '2016-11-21 03:26:13', 'admin'),
('M095216', 'K903.02', 'KREDIT', 27444, 'hasil bunga BRI- SE', '2016-02-29', 'B103', 'B104', '99', '2016-11-22 03:24:31', '2016-11-21 03:20:25', 'admin'),
('M096216', 'K903.01', 'KREDIT', 22499, 'Hasil bunga bank BRI - tanah makam', '2016-02-29', 'B103', 'B104', '99', '2016-11-22 03:24:35', '2016-11-21 03:16:38', 'admin'),
('M097216', 'K903.02', 'KREDIT', 18894, 'Hasil bunga bank BRI pw don', '2016-02-29', 'B103', 'B104', '99', '2016-11-22 03:23:48', '2016-11-21 03:13:22', 'admin'),
('M098216', 'K903.01', 'KREDIT', 183621, 'Hasil bunga bank mandiri kemandirian', '2016-02-29', 'B103', 'B104', '99', '2016-11-22 03:23:51', '2016-11-21 03:08:11', 'admin'),
('M099216', 'D401.14', 'KREDIT', 7000, 'Pi dan humas, sisa lpj bb23 tgl 3/2/2106', '2016-02-29', 'B101', '99', '99', '2016-11-22 03:23:46', '2016-11-21 03:37:12', 'admin'),
('M100216', 'K903.02', 'KREDIT', 340615, 'Hasil bunga bank BRI- Pdt Swd', '2016-02-29', 'B103', 'B104', '99', '2016-11-22 03:23:54', '2016-11-21 03:00:47', 'admin'),
('M11/1/16', 'D101.02', 'DEBET', 34552400, 'Persembahan Ibadah Sabtu-Minggu Tanggal 9-10 Januari 2016', '2016-01-11', 'B101', 'B101', 'B104', '2016-09-21 04:20:14', '2016-06-03 04:14:58', 'admin'),
('M11116', 'D101.02', 'DEBET', 34552400, 'Persembahan Ibadah Sabtu-Minggu Tanggal 9-10 Januari 2016', '2016-01-11', 'B101', '99', 'B104', '2016-10-13 05:46:36', '2016-10-13 03:11:47', 'admin'),
('M12116', 'D401.14', 'KREDIT', 250000, 'Pengembalian bon Pak Rawi (Bp Johny) Bon tgl 08 april 2015 no 41 cek CFK 476061', '2016-01-11', 'B101', 'ADM 2', '99', '2016-10-13 05:46:45', '2016-10-13 05:19:17', 'admin'),
('M143316', 'K101.05', 'KREDIT', 4802000, 'Dana pensiun bulan april klasis tgl 23/3/2016', '2016-03-31', 'B103', 'B104', '99', '2016-11-22 03:25:04', '2016-11-22 03:17:07', 'admin'),
('M1482-1', 'D101.01', 'KREDIT', 15000, 'Sisa bon roti persembahan', '2016-02-06', 'B101', 'ADM 2', '99', '2016-11-22 03:22:14', '2016-11-21 02:39:55', 'admin'),
('M148316', 'K903.01', 'KREDIT', 1215634, 'Hasil bunga bank deposito BRI - Pdt SWD', '2016-03-31', 'B101', 'B104', '99', '2016-11-22 03:25:06', '2016-11-22 03:00:01', 'admin'),
('M149316', 'K903.02', 'KREDIT', 260057, 'Hasil bunga bank BRI - Pdt Siswandi', '2016-03-31', 'B101', 'B104', '99', '2016-11-22 03:25:08', '2016-11-22 02:58:32', 'admin'),
('M150316', 'K903.02', 'KREDIT', 214682, 'Hasil bunga bank mandiri - kemandirian', '2016-03-31', 'B101', 'B104', '99', '2016-11-22 03:25:10', '2016-11-22 02:54:01', 'admin'),
('M152316', 'K903.01', 'KREDIT', 1239460, 'Hasil bunga deposito BRI - GKJ GK', '2016-03-31', 'B101', 'B104', '99', '2016-11-22 03:25:12', '2016-11-22 02:40:31', 'admin'),
('M153316', 'K903.02', 'KREDIT', 19897, 'Hasil bunga bank BRI -GKJ GK', '2016-03-31', 'B101', 'B104', '99', '2016-11-22 03:25:14', '2016-11-22 02:38:28', 'admin'),
('M154316', 'K903.02', 'KREDIT', 8107, 'Hasil bunga bank BRI - Pdt Seno', '2016-03-31', 'B101', 'B104', '99', '2016-11-22 03:25:16', '2016-11-22 02:33:31', 'admin'),
('M155316', 'K903.02', 'KREDIT', 20311, 'Hasil bunga BRI-tanah makam', '2016-03-31', 'B101', 'B104', '99', '2016-11-22 03:25:18', '2016-11-22 02:18:57', 'admin'),
('M156316', 'K903.02', 'KREDIT', 17903, 'Hasil bunga bank BRI PW*Don', '2016-03-31', 'B101', 'B103', '99', '2016-11-22 03:24:57', '2016-11-22 02:10:42', 'admin'),
('M157316', 'K903.02', 'KREDIT', 51671, 'Hasil bunga bank BRI PW persembahan', '2016-03-31', 'B101', 'B104', '99', '2016-11-22 03:25:20', '2016-11-22 02:06:31', 'admin'),
('M158316', 'K901.04', 'KREDIT', 320000, 'Persembahan mirunggan via rek giro(NN) tgl 1 maret 2016', '2016-03-31', 'B101', 'B104', '99', '2016-11-22 03:25:22', '2016-11-22 02:03:27', 'admin'),
('M159316', 'K903.01', 'KREDIT', 3500000, 'Hasil bunga deposito feb dan maret, BPD - Pdt Seno', '2016-03-31', 'B101', 'B104', '99', '2016-11-22 03:25:24', '2016-11-22 02:01:12', 'admin'),
('M160316', 'K903.02', 'KREDIT', 345862, 'Hasil bunga bank feb-maret, BPD Pdt Seno', '2016-03-31', 'B101', 'B104', '99', '2016-11-22 03:25:26', '2016-11-22 01:59:26', 'admin'),
('M161316', 'K903.02', 'KREDIT', 134006, 'Hasil bunga bank mandiri - emeritus', '2016-03-31', 'B101', 'B104', '99', '2016-11-22 03:25:27', '2016-11-22 02:43:28', 'admin'),
('M18116', 'D101.02', 'DEBET', 40100000, 'Persembahan Ibadah Sabtu - Minggu tgl 16-17 Januari 2016', '2016-01-18', 'B101', '99', 'B104', '2016-10-14 03:50:41', '2016-10-14 03:11:33', 'admin'),
('M21116', 'D101.02', 'DEBET', 15840000, 'Persembahan yang diterima di Kantor gereja tgl 8-14 Januari 2016', '2016-01-20', 'B101', '99', 'B104', '2016-10-13 05:46:33', '2016-10-13 05:06:26', 'admin'),
('M22116', 'D203.02', 'DEBET', 500000, 'Persembahan Mirungan (NN) via rek. giro', '2016-01-22', 'B103', 'B104', '99', '2016-10-14 03:50:44', '2016-10-14 03:21:16', 'admin'),
('M27116', 'D101.02', 'DEBET', 5892500, 'Persembahan yang diterima dikator gereja tgl 14-21 Januari 2016', '2016-01-26', 'B101', '99', 'B104', '2016-10-14 03:50:49', '2016-10-14 03:50:20', 'admin'),
('M82216', 'D401.14', 'KREDIT', 500000, 'sisa LPJ Komisi Seni dan Budaya Bid. Ibadah BB 6 tgl 6/1/2016', '2016-02-25', 'B101', '99', 'ADM 2', '2016-11-22 03:22:39', '2016-11-21 05:27:31', 'admin'),
('P 24', 'D401.14', 'KREDIT', 1160000, 'LPJ BON KOMISI ADIYUSWO NO 10 TGL 18/10/2016 JANUARI 2016', '2016-01-26', 'B101', '99', 'ADM 2', '2016-10-14 06:02:14', '2016-10-14 05:33:29', 'admin'),
('P 25', 'D203.02', 'KREDIT', 81228, 'BIAYA PAJAK BUNGA REK.GIRO', '2016-01-26', 'B103', 'B104', '99', '2016-10-10 04:52:36', '2016-10-10 04:35:59', 'admin'),
('P 27', 'D401.01', 'KREDIT', 12269800, 'LPJ BON KOMISI BANTUAN DAN SANTUNAN BIDANG DIAKONIA BB1 TGL 4/1/2015', '2016-01-29', 'B101', '99', 'ADM 2', '2016-10-14 06:02:26', '2016-10-14 05:15:01', 'admin'),
('P 29', 'D401.14', 'KREDIT', 540000, 'LPJ KOMISI PEMUDA BID.PWG BULAN DES 2016, BON TGL 22/01/16 NO 13', '2016-01-22', 'B101', '99', 'ADM 2', '2016-10-14 06:01:56', '2016-10-14 05:37:50', 'admin'),
('P 46', 'D401.14', 'KREDIT', 5195000, 'LPJ KOMISI KWDWJ WISATA ROHANI BB 184 TGL 25/11/2015 ->PERSEMBAHAN KHUSUS', '2016-01-30', 'B101', '99', '99', '2016-10-14 06:02:39', '2016-10-14 04:44:39', 'admin'),
('P 47', 'D401.14', 'KREDIT', 339300, 'LPJ KOMISI KWDWJ WISATA ROHANI BB 196 TGL 10/12/2015 ->PERSEMBAHAN KHUSUS', '2016-01-30', 'B101', '99', 'ADM 2', '2016-10-14 06:02:36', '2016-10-14 04:51:17', 'admin'),
('P 48', 'D202.03', 'KREDIT', 11500, 'BIAYA ADM B,MANDIRI -PDT.YUDO', '2016-01-31', 'B103', 'B104', '99', '2016-10-14 06:02:56', '2016-10-14 04:36:50', 'admin'),
('P 49', 'D202.03', 'KREDIT', 6024, 'B.PAJAK BANK MANDIRI - PDT.YUDO', '2016-01-31', 'B103', 'B104', '99', '2016-10-14 06:02:50', '2016-10-14 04:33:25', 'admin'),
('P 50', 'D101.01', 'KREDIT', 500, 'KURANG BUKU K079 TGL 22/01/2016, LEMBUR SATPAM BULAN JANUARI 2016', '2016-01-31', '99', 'B104', '99', '2016-10-14 06:02:54', '2016-10-14 04:38:47', 'admin'),
('P01', 'D101.02', 'KREDIT', 65217700, 'Persembahan malam tahun baru dan tanggal 2-3 januari 2016', '2016-01-04', '99', '99', '99', '2016-11-09 05:33:06', '2016-11-09 05:05:00', 'admin'),
('P02', 'D203.02', 'KREDIT', 10000000, 'Tambahan Kas Bendahara', '2016-01-04', '99', '99', '99', '2016-11-09 06:11:34', '2016-11-09 05:52:52', 'admin'),
('P03', 'D101.02', 'KREDIT', 12534500, '-', '2016-01-07', '99', 'BANK', '99', '2016-11-09 06:11:37', '2016-11-09 06:04:53', 'admin'),
('P04', 'D401.14', 'KREDIT', 1400000, 'LPJ komisi keabktian obaja Desember BB 192 Tanggal 10/12/15', '2016-01-08', 'B101', 'BANK', 'BANK', '2016-09-21 04:19:42', '2016-09-14 05:27:03', 'admin'),
('P05', 'D101.02', 'KREDIT', 22971000, 'persembahan ibadah sabtu minggu 9-10 januari 2016', '2016-01-11', '99', '99', '99', '2016-11-09 05:33:13', '2016-11-09 05:06:12', 'admin'),
('P06', 'D101.02', 'KREDIT', 500000, 'Persembahan ibadah tanggal 9-10 januari 2016', '2016-01-11', '99', '99', '99', '2016-11-09 05:33:10', '2016-11-09 05:07:58', 'admin'),
('P07', 'D101.02', 'KREDIT', 24545000, 'Persembahan di kantor gereja tanggal 30 desember 2015 - 7 januari 2016', '2016-01-12', '99', 'BANK', '99', '2016-11-09 05:33:28', '2016-11-09 05:09:39', 'admin'),
('P08', 'D101.02', 'KREDIT', 100000, 'Persembahan di kantor gereja tanggal 7 januari - 16 januari wil XII', '2016-01-12', '99', 'BANK', '99', '2016-11-09 05:33:21', '2016-11-09 05:11:07', 'admin'),
('P09', 'D101.02', 'KREDIT', 200000, 'Persembahan ambulans tanggal 31 desember 2015 wil XII', '2016-01-12', '99', 'BANK', '99', '2016-11-09 05:33:17', '2016-11-09 05:12:50', 'admin'),
('P10', 'D401.14', 'KREDIT', 2207640, 'LPJ KPK-MULTIMEDIA BB 4 TGL 5/1/2016, BON KOMISI PELAYANAN KEBAKTIAN BIDANG IBADAH DESEMBER 2015 ->ANGGARAN 2016', '2016-01-12', 'B101', 'ADM 2', '99', '2016-10-14 04:00:05', '2016-10-14 03:57:38', 'admin'),
('P100', 'K701.02', 'KREDIT', 4402500, 'Pencatatan inventaris, pemebelian mesin pemotong rumput honda ercgymr 435 t tgl 16/02/2016(warkat k 243/2/16) tgl 18/2/2016', '2016-02-29', 'B103', 'B104', '99', '2016-11-22 03:24:01', '2016-11-21 02:56:17', 'admin'),
('P101', 'D401.99', 'KREDIT', 1205000, 'Penyesuaian saldo uang muka lainnya yang harus dipertanggung jawabkan', '2016-02-29', 'B103', 'B104', '99', '2016-11-22 03:24:03', '2016-11-21 02:54:03', 'admin'),
('P102', 'D401.11', 'KREDIT', 20279128, 'Penyesuaian saldo uang muka biaya hidup dan gaji tenaga gkj Gk', '2016-02-29', 'B102', 'B104', '99', '2016-11-22 03:24:06', '2016-11-21 02:52:35', 'admin'),
('P103', 'D902.01', 'KREDIT', 55000, 'Koreksi k226 tgl 16/02/2016, salah posting paket inet hp kantor', '2016-02-29', 'B103', 'B104', '99', '2016-11-22 03:24:08', '2016-11-21 02:49:59', 'admin'),
('P11', 'D101.02', 'KREDIT', 40100000, 'Persembahan ibadah sabtu minggu tanggal 16-17 januari 2016', '2016-01-18', '99', 'BANK', '99', '2016-11-09 05:33:32', '2016-11-09 05:21:40', 'admin'),
('P12', 'D203.02', 'KREDIT', 10000000, 'Tambahan Kas Bendahara', '2016-01-19', '99', '99', '99', '2016-11-09 06:11:40', '2016-11-09 05:53:30', 'admin'),
('P13', 'D101.02', 'KREDIT', 10740000, 'Persembahan yang diterima di kantor gereja tgl 8-14 januari 2016', '2016-01-20', '99', 'BANK', '99', '2016-11-09 06:11:47', '2016-11-09 05:50:41', 'admin'),
('P14', 'D101.02', 'KREDIT', 100000, 'Persembahan ambulan tgl 9 jan 2016 wil XII', '2016-01-20', '99', 'BANK', '99', '2016-11-09 06:11:46', '2016-11-09 05:48:17', 'admin'),
('P145', 'D101.02', 'KREDIT', 50000, 'koreksi m120 tgl 21/3/2016, kurang buku setor BRi. persembahan tgl 19.20 maret 2016', '2016-03-31', 'B103', 'B104', '99', '2016-11-22 03:25:29', '2016-11-22 03:04:05', 'admin'),
('P148', 'D401.14', 'KREDIT', 540000, 'PA pemuda dan minat bakat bulan feb. BB58 tgl 19/3/2016', '2016-03-31', '99', '99', '99', '2016-11-22 03:25:58', '2016-11-22 03:11:15', 'admin'),
('P149', 'D401.14', 'KREDIT', 540000, 'PA pemuda dan minat bakat buklan maret. BB59 tgl 19/3/2016', '2016-03-31', '99', '99', '99', '2016-11-22 03:26:00', '2016-11-22 03:08:15', 'admin'),
('P15', 'D101.02', 'KREDIT', 5000000, 'Persembahan pkl Donatur 9 januari 2016', '2016-01-20', '99', 'BANK', '99', '2016-11-09 06:11:42', '2016-11-09 05:45:54', 'admin'),
('P150', 'D801.01', 'KREDIT', 1675000, 'Koreksi P58A tgl 5/2/2016. LPJ KPK PPJ januari .BB15 tgl 8/1/2016, salah posting', '2016-03-31', 'B103', 'B104', '99', '2016-11-22 03:25:31', '2016-11-22 03:06:19', 'admin'),
('P151', 'D202.15', 'KREDIT', 500000, 'Koreksi P147 tgl 31/3/2016. Persembahan salah posting ke PW* Persembahan', '2016-03-31', 'B101', 'B104', '99', '2016-11-22 03:25:33', '2016-11-22 03:01:23', 'admin'),
('P152', 'D202.02', 'KREDIT', 12000, 'b.adm BRI - Pdt swd', '2016-03-31', 'B101', 'B104', '99', '2016-11-22 03:25:35', '2016-11-22 02:57:10', 'admin'),
('P153', 'D202.02', 'KREDIT', 52011, 'Biaya pajak BRI - Pdt SWD', '2016-03-31', 'B101', '99', '99', '2016-11-22 03:24:54', '2016-11-22 02:55:23', 'admin'),
('P154', 'D202.03', 'KREDIT', 42936, 'B.pajak bunga bank mandiri - kemandirian', '2016-03-31', 'B101', 'B104', '99', '2016-11-22 03:25:37', '2016-11-22 02:52:04', 'admin'),
('P155', 'D202.03', 'KREDIT', 13000, 'Biaya adm bank mandiri -kemadirian', '2016-03-31', 'B101', 'B103', '99', '2016-11-22 03:25:00', '2016-11-22 02:46:42', 'admin'),
('P156', 'D202.05', 'KREDIT', 26801, 'Biaya pajak bunga bank mandiri - emeritus', '2016-03-31', 'B101', 'B104', '99', '2016-11-22 03:25:39', '2016-11-22 02:41:33', 'admin'),
('P157', 'D202.05', 'KREDIT', 11500, 'Biaya adm bank maret', '2016-03-31', 'B101', 'B104', '99', '2016-11-22 03:25:41', '2016-11-22 02:40:17', 'admin'),
('P158', 'D202.09', 'KREDIT', 12000, 'B.simpan BRI - GKJ GK', '2016-03-31', 'B101', 'B104', '99', '2016-11-22 03:25:43', '2016-11-22 02:36:29', 'admin'),
('P159', 'D202.09', 'KREDIT', 3979, 'Biaya pajak BRI -GKJ GK', '2016-03-31', 'B101', 'B104', '99', '2016-11-22 03:25:44', '2016-11-22 02:35:31', 'admin'),
('P16', 'D203.02', 'KREDIT', 10000000, 'Tambahan Kas Bendahara', '2016-01-20', '99', '99', '99', '2016-11-09 06:11:44', '2016-11-09 05:52:03', 'admin'),
('P160', 'D202.11', 'KREDIT', 1621, 'B.pajak BRi SE-Pdt.Seno', '2016-03-31', 'B101', 'B104', '99', '2016-11-22 03:25:46', '2016-11-22 02:32:08', 'admin'),
('P161', 'D202.11', 'KREDIT', 12000, 'Biaya adm bank BRI SE - Pdt Seno', '2016-03-31', 'B101', 'B104', '99', '2016-11-22 03:25:47', '2016-11-22 02:30:26', 'admin'),
('P162', 'D202.14', 'KREDIT', 5500, 'Biaya adm BRI - tanah makam', '2016-03-31', 'B101', 'B104', '99', '2016-11-22 03:25:49', '2016-11-22 02:14:40', 'admin'),
('P163', 'D202.14', 'KREDIT', 4062, 'Biaya pajak BRI - tanah makam', '2016-03-31', 'B101', 'B103', '99', '2016-11-22 03:25:02', '2016-11-22 02:12:33', 'admin'),
('P164', 'D202.15', 'KREDIT', 3581, 'Biaya pajak BRI PW*Don', '2016-03-31', 'B101', 'B104', '99', '2016-11-22 03:25:50', '2016-11-22 02:07:48', 'admin'),
('P165', 'D202.07', 'KREDIT', 10000, 'Biaya adm feb-maret 2016', '2016-03-31', 'B101', 'B104', '99', '2016-11-22 03:25:52', '2016-11-22 01:57:46', 'admin'),
('P166', 'D202.07', 'KREDIT', 69172, 'Biaya pajak bunga bank feb-maret, BPD Pdt.Seno', '2016-03-31', 'B101', 'B104', '99', '2016-11-22 03:25:54', '2016-11-22 01:56:34', 'admin'),
('P18', 'K901.02', 'KREDIT', 12534500, 'Koreksi M02 tgl 4/1/2016, Persembahan Dana Emeritus salah posting', '2016-01-20', '99', 'B104', '99', '2016-10-27 01:58:26', '2016-10-26 04:39:32', 'admin'),
('P19', 'D101.02', 'KREDIT', 32286000, 'Persembahan ibadah sabtu 23-24 januari 2016', '2016-01-25', '99', 'BANK', '99', '2016-11-09 05:33:36', '2016-11-09 05:28:09', 'admin'),
('P20', 'D203.02', 'KREDIT', 100000, 'BIAYA CETAK BUKU CEK', '2016-01-25', 'B103', 'BANK', 'B104', '2016-10-14 06:01:58', '2016-10-14 05:26:17', 'admin'),
('P21', 'D101.02', 'KREDIT', 5892500, 'Persembahan di kantor gereja tanggal 14 - 22 januari 2016', '2016-01-26', '99', 'BANK', '99', '2016-11-09 05:33:42', '2016-11-09 05:23:27', 'admin'),
('P22', 'D101.02', 'KREDIT', 2673000, 'Persembahan manten 29 januari 2016 wil barat', '2016-01-26', '99', 'BANK', '99', '2016-11-09 05:33:39', '2016-11-09 05:24:45', 'admin'),
('P23', 'D203.02', 'KREDIT', 10000000, 'Tambahan Kas Bendahara', '2016-01-26', '99', '99', '99', '2016-11-09 06:11:49', '2016-11-09 05:54:59', 'admin'),
('P26', 'D202.01', 'KREDIT', 166302584, '-', '2016-01-27', '99', '99', '99', '2016-11-09 05:35:30', '2016-11-09 05:32:39', 'admin'),
('P28', 'D203.02', 'KREDIT', 7771500, 'CEK CFM 3580122, LPJ BON NO 5 TINTA RISSO + MASTER', '2016-01-30', 'B101', '99', 'ADM 2', '2016-10-17 05:24:28', '2016-10-17 03:21:18', 'admin'),
('P30', 'D101.02', 'KREDIT', 11081400, 'SETOR DANA KEMANDIRIAN TGL 10 JAN 2016', '2016-01-30', 'B103', 'BANK', 'B104', '2016-10-17 06:20:31', '2016-10-17 05:57:30', 'admin'),
('P31', 'D202.01', 'KREDIT', 1500, 'BIAYA ADMINISTRASI BANK MANDIRI - KEMANDIRIAN', '2016-01-30', 'B103', 'BANK', 'B104', '2016-10-17 06:20:33', '2016-10-17 05:58:50', 'admin'),
('P32`', 'D202.02', 'KREDIT', 67726, 'BIAYA PAJAK BUNGA BRI-PDT.SWD', '2016-01-30', 'B103', 'BANK', 'B104', '2016-10-17 06:20:34', '2016-10-17 06:00:26', 'admin'),
('P33', 'D202.02', 'KREDIT', 12000, 'B.ADM BANK BRI -PDT.SWD', '2016-01-30', 'B103', 'BANK', 'B104', '2016-10-17 06:20:36', '2016-10-17 06:01:30', 'admin'),
('P34', 'D202.05', 'KREDIT', 11500, 'BIAYA ADMIN MANDIRI-EMERITUS', '2016-01-30', 'B103', 'BANK', 'B104', '2016-10-17 06:20:37', '2016-10-17 06:02:36', 'admin'),
('P35', 'D202.05', 'KREDIT', 23996, 'BIAYA PAJAK MANDIRI - EMERITUS', '2016-01-30', 'B103', 'BANK', 'B104', '2016-10-17 06:20:39', '2016-10-17 06:03:34', 'admin'),
('P36', 'D202.07', 'KREDIT', 5000, 'BIAYA ADM. BPD -PDT.SENO', '2016-01-30', 'B103', 'BANK', 'B104', '2016-10-17 06:20:41', '2016-10-17 06:04:50', 'admin'),
('P37', 'D202.07', 'KREDIT', 35019, 'B.PAJAK BUNGA BANK BPD -PDT.SENO', '2016-01-30', 'B103', 'BANK', 'B104', '2016-10-17 06:20:43', '2016-10-17 06:04:50', 'admin'),
('P38', 'D202.14', 'KREDIT', 2301, 'BIAYA PAJAK BUNGA BANK BRI - TANAH MAKAM', '2016-01-30', 'B103', 'BANK', 'B104', '2016-10-17 06:20:44', '2016-10-17 06:06:10', 'admin'),
('P39', 'D202.14', 'KREDIT', 5500, 'BIAYA ADMIN BRI - TANAH MAKAM', '2016-01-30', 'B103', 'BANK', 'B104', '2016-10-17 06:20:46', '2016-10-17 06:07:22', 'admin'),
('P41', 'D202.15', 'KREDIT', 280, 'BIAYA ADM BRI-PW-DON', '2016-01-30', 'B103', 'BANK', 'B104', '2016-10-17 06:20:48', '2016-10-17 05:55:31', 'admin'),
('P42', 'D203.02', 'KREDIT', 53289500, 'CEK LFK 477644, PEMINDAHAN DANA EMERITUS YANG BLM DISETOR KE BANK MANDIRI, CADANGAN EMERITUS THN 2015. 12.029.200, 14.604.700, 13.540.600, 13.115.000', '2016-01-30', 'B103', 'B101', '99', '2016-10-17 06:20:23', '2016-10-17 06:11:42', 'admin'),
('P43', 'K901.10', 'KREDIT', 12534500, 'Koreksi p18 tgl 20 jan 2016', '2016-01-30', 'B103', 'B104', '99', '2016-10-27 01:59:00', '2016-10-26 05:10:10', 'admin'),
('P44', 'K901.10', 'KREDIT', 12534500, 'Koreksi M02 tgl 4/1/2016, salah posting ke mingguan', '2016-01-30', 'B103', 'B104', '99', '2016-10-27 01:58:48', '2016-10-26 04:36:06', 'admin'),
('P45', 'D401.14', 'KREDIT', 9600000, 'LPJ komisi KWDWJ wisata rohani. BB 182 tgl 19/11/2015 wisata rohani ke LP Nusakambangan', '2016-01-30', 'B101', '99', '99', '2016-10-27 01:58:51', '2016-10-26 05:17:49', 'admin'),
('P49', 'D202.03', 'KREDIT', 6024, 'B.pajak Bank Mandiri -Pdt.Yudo', '2016-01-31', 'B103', 'B104', '99', '2016-10-27 01:59:06', '2016-10-24 03:28:09', 'admin'),
('P54', 'D401.14', 'KREDIT', 393000, 'LPJ komisi PI dan komunikasi bon no 3 tgl 4 januari 2016', '2016-02-05', 'B101', '99', '99', '2016-11-21 01:34:35', '2016-11-18 05:47:38', 'admin'),
('P58', 'D101.02', 'KREDIT', 11482500, 'Persembahan di kantor gereja tanggal 29 jan - 4 feb 2016', '2016-02-10', 'B101', 'BANK', '99', '2016-11-22 03:22:23', '2016-11-21 02:20:11', 'admin'),
('P58A', 'D401.14', 'KREDIT', 1675000, 'LPJ Komisi KPK Bidang Ibadah -PPJ Januari, BB 15 Tgl 8/1/2016', '2016-02-05', 'B101', '99', '99', '2016-11-21 01:42:46', '2016-11-16 04:40:29', 'admin'),
('P58B', 'D203.02', 'KREDIT', 10000000, 'CEK CFM 01358059, tambahan kas bendahara', '2016-02-06', '99', '99', '99', '2016-11-21 01:41:58', '2016-11-16 05:04:38', 'admin'),
('P59', 'D401.01', 'KREDIT', 3513667, 'BB9 tgl 12/1/2016, LPJ Komisi Panti Wredha Bid.Diakonia, januari, Bon No 12/jan/2016', '2016-02-10', 'B101', '99', '99', '2016-11-21 01:42:14', '2016-11-16 04:55:34', 'admin'),
('P60', 'D401.14', 'KREDIT', 10396515, 'LPJ Bon BP4 Bon no 165 tgl 28/10/1015, raker BP4 CEK CFM 476224 Rp.10.435.000', '2016-02-10', 'B101', '99', '99', '2016-11-21 01:42:32', '2016-11-16 04:47:23', 'admin'),
('P61', 'D401.14', 'KREDIT', 1754500, 'LPJ Komisi Pelayanan Kebaktian Bon 21 3/2/2016 Cek gab CFM 358058', '2016-02-10', 'B101', '99', 'ADM 2', '2016-11-22 03:22:28', '2016-11-21 05:21:10', 'admin'),
('P76', 'D203.02', 'KREDIT', 34820, 'Biaya Pajak bunga bank rek. Giro', '2016-02-25', 'B103', 'B104', '99', '2016-11-22 06:35:42', '2016-11-22 04:40:57', 'admin'),
('P77', 'D203.02', 'KREDIT', 100000, 'Biaya cetak buku cek', '2016-02-25', 'B103', 'B104', '99', '2016-11-22 06:35:44', '2016-11-22 04:39:40', 'admin'),
('P78', 'D401.14', 'KREDIT', 7660000, 'LPJ seni dan Budaya Bid. Ibadah BB 6 tgl 6/1/2016 Oktober - Desember 2016', '2016-02-29', 'B101', '99', 'ADM 2', '2016-11-22 03:24:49', '2016-11-21 05:23:49', 'admin'),
('P79', 'D401.14', 'KREDIT', 860000, 'Siraman Rohani Kunjungan Kasih Honor pelatih senam', '2016-02-26', 'B101', '99', '99', '2016-11-22 06:36:14', '2016-11-22 04:36:31', 'admin'),
('P86', 'D202.02', 'KREDIT', 12000, 'Biaya adm bank BRI pdt Swd', '2016-02-29', 'B103', 'B104', '99', '2016-11-22 03:22:53', '2016-11-21 03:30:45', 'admin'),
('P87', 'D202.05', 'KREDIT', 25000, 'Biaya rek pasif bank mandiri - emeritus', '2016-02-29', 'B103', 'B104', '99', '2016-11-22 03:22:55', '2016-11-21 03:29:06', 'admin'),
('P88', 'D202.05', 'KREDIT', 11500, 'Biaya adm bank mandiri - emeritus', '2016-02-29', 'B103', 'B104', '99', '2016-11-22 03:22:58', '2016-11-21 03:28:08', 'admin'),
('P89', 'D202.05', 'KREDIT', 22944, 'biaya pajak mandiri - emeritus', '2016-02-29', 'B103', 'B104', '99', '2016-11-22 03:23:00', '2016-11-21 03:27:21', 'admin'),
('P90', 'D202.09', 'KREDIT', 8395, 'biaya pajak bunga BRI - GKJ GK', '2016-02-29', 'B103', 'B104', '99', '2016-11-22 03:23:03', '2016-11-21 03:24:17', 'admin'),
('P91', 'D202.09', 'KREDIT', 24000, 'biaya adm NRI-gkj GK', '2016-02-29', 'B103', 'B104', '99', '2016-11-22 03:23:05', '2016-11-21 03:21:57', 'admin'),
('P92', 'D202.11', 'KREDIT', 41489, 'Biaya adm.bank BRi - SE', '2016-02-29', 'B103', 'B103', '99', '2016-11-22 03:24:18', '2016-11-21 03:18:22', 'admin'),
('P93', 'D202.14', 'KREDIT', 10000, 'Biaya adm BRI - tanah makam', '2016-02-29', 'B103', 'B104', '99', '2016-11-22 03:23:10', '2016-11-21 03:15:04', 'admin'),
('P94', 'D202.15', 'KREDIT', 3779, 'Biaya pajak BRI-PW don', '2016-02-29', 'B103', 'B104', '99', '2016-11-22 03:23:14', '2016-11-21 03:11:54', 'admin'),
('P95', 'D202.03', 'KREDIT', 13000, 'Biaya adm. Bank mandiri- kemandirian', '2016-02-29', 'B103', 'B104', '99', '2016-11-22 03:23:17', '2016-11-21 03:10:11', 'admin'),
('P96', 'D202.03', 'KREDIT', 36724, 'Biaya pajak bank mandiri- kemandirian', '2016-02-29', 'B103', 'B104', '99', '2016-11-22 03:23:20', '2016-11-21 03:06:50', 'admin'),
('P97', 'D101.02', 'KREDIT', 473000, 'Koreksi m71 tgl 18/2/2016. persemabahan pertubatan wil 2, masuk ke kas bendahara', '2016-02-29', 'B103', 'B104', '99', '2016-11-22 03:23:23', '2016-11-21 03:05:12', 'admin'),
('P98', 'D401.14', 'KREDIT', 748000, 'Pelayanan siraman rohani di LP wirogunan. Sarasehan gabungan. LPJ BB 23 tgl 3/2/2016', '2016-02-28', 'B101', '99', '99', '2016-11-22 03:22:45', '2016-11-21 03:35:19', 'admin'),
('P99', 'D202.02', 'KREDIT', 68123, 'Biaya pajak BRI Pdt.Swd', '2016-02-29', 'B103', 'B104', '99', '2016-11-22 03:23:26', '2016-11-21 02:57:38', 'admin');

-- --------------------------------------------------------

--
-- Table structure for table `tbl_gol_akun`
--

CREATE TABLE IF NOT EXISTS `tbl_gol_akun` (
  `kelompok_akun` enum('D','K') NOT NULL,
  `kode_golongan` char(2) NOT NULL,
  `nama_golongan` varchar(50) NOT NULL
) ENGINE=InnoDB DEFAULT CHARSET=latin1;

--
-- Dumping data for table `tbl_gol_akun`
--

INSERT INTO `tbl_gol_akun` (`kelompok_akun`, `kode_golongan`, `nama_golongan`) VALUES
('D', 'D1', 'K A S'),
('D', 'D2', 'BANK'),
('D', 'D3', 'PINJAMAN'),
('D', 'D4', 'UANG MUKA'),
('D', 'D5', 'INVENTARIS'),
('D', 'D8', 'KEGIATAN BADAN PEMBANTU MAJELIS'),
('D', 'D9', 'KEGIATAN KANTOR GEREJA'),
('K', 'K1', 'TITIPAN DAN CADANGAN'),
('K', 'K7', 'AKTIVA BERSIH'),
('K', 'K9', 'KEGIATAN PERSEMBAHAN');

-- --------------------------------------------------------

--
-- Table structure for table `tbl_jemaat`
--

CREATE TABLE IF NOT EXISTS `tbl_jemaat` (
  `kode_jemaat` char(8) NOT NULL,
  `nama_jemaat` varchar(50) NOT NULL,
  `wilayah` varchar(20) NOT NULL
) ENGINE=InnoDB DEFAULT CHARSET=latin1;

--
-- Dumping data for table `tbl_jemaat`
--

INSERT INTO `tbl_jemaat` (`kode_jemaat`, `nama_jemaat`, `wilayah`) VALUES
('--TB', 'Abimantara', 'TB'),
('--V', 'Surya Handayani', 'V'),
('--VIII', 'Kel. ibu Harlimpat Dwi R', 'VIII'),
('--XII', 'Banar', 'XII'),
('01-I', 'I Trasip', 'I'),
('01-WB', 'Purwanto', 'WB'),
('02-I', 'Tri mardiyati', 'I'),
('02-TA', 'Sri Astuti Suratno', 'TA'),
('02-VII', 'Totok Mujoto', 'VII'),
('02-VIII', 'Jantan Vibrianto', 'VIII'),
('03-TA', 'ANT', 'TA'),
('03-X', 'Wahyuningsih', 'X'),
('04-TA', 'YT', 'TA'),
('05-WB', 'Madiani Dyah Natalia', 'WB'),
('100-I', 'Ibu Sumarningsih', 'I'),
('100-VII', 'Darmawan', 'VII'),
('101-VII', 'Pdt. Yudo Aster Daniel', 'VII'),
('102-IX', 'Wibowo Hadi', 'IX'),
('102-WB', 'Edi Asri Handoko', 'WB'),
('105-XIV', 'Ibu Soegiyono', 'XIV'),
('106-XIV', 'Ibu Soegiyono', 'XIV'),
('107-XIV', 'Ibu Soegiyono', 'XIV'),
('108-WB', 'Madiani Dyah Natalia', 'WB'),
('109-XIV', 'Ibu Sugiarti', 'XIV'),
('11-II', 'Kristianto', 'II'),
('111-XII', 'Putra Roman', 'XII'),
('111-XIV', 'Ibu Soegiyono', 'XIV'),
('112-XII', 'Candra M', 'XII'),
('114-XIV', 'Ibu Soegiyono', 'XIV'),
('12-VII', 'Hendro Martono', 'VII'),
('12-XIII', 'Suswanto', 'XIII'),
('121-VII', 'Sukini', 'VII'),
('124-IX', 'Poniyem', 'IX'),
('125-XII', 'Saud & Nurendah', 'XII'),
('13-WB', 'Harwantiningsih', 'WB'),
('131-IX', 'Augustin Hascaryo', 'IX'),
('132-IX', 'Audy Swari', 'IX'),
('133-IX', 'Brian Ganang', 'IX'),
('134-IX', 'Hascaryo Budi P.', 'IX'),
('14-III', 'Dr. Gapong', 'III'),
('14-WB', 'Maharani', 'WB'),
('144-XII', 'Priyo Hadi Nurjanto', 'XII'),
('15-X', 'Margareta', 'X'),
('16-III', 'Ibu Dulngajib', 'III'),
('16-IV', 'Basuki', 'IV'),
('16-XII', 'Endang Mulyaningsing', 'XII'),
('16-XIII', 'Tukijo Brojosumarto', 'XIII'),
('160-XII', 'Pdt. Seno Adhi Noegroho', 'XII'),
('166-XII', 'Sundari', 'XII'),
('170-XII', 'Christian Muryati', 'XII'),
('171-XII', 'Dorkas Natalia', 'XII'),
('18-IV', 'Aditya Prasta', 'IV'),
('18-IX', 'Partini Suherman', 'IX'),
('186-XIV', 'Ibu Sugiarti', 'XIV'),
('19-XI', 'Ibu Sugihardjo', 'XI'),
('2-TB', 'Pdt. Em. David Rubingan', 'TB'),
('20-IV', 'Gerson Tri Z', 'IV'),
('21-VII', 'Sukini', 'VII'),
('21-WS', 'Wasito Hadi A.', 'WS'),
('22-TA', 'Ibu Sutopo', 'TA'),
('22-VIII', 'Djayusman', 'VIII'),
('23-II', 'Djemingun', 'II'),
('23-IX', 'Erstanto', 'IX'),
('23-TA', 'Eni Rostiana', 'TA'),
('23-VIII', 'Djayusman', 'VIII'),
('24-IX', 'Widodo', 'IX'),
('24-TA', 'Lukas Dody Setiawan', 'TA'),
('24-WB', 'Kel. Marsudi', 'WB'),
('24-X', 'E. Retno Watyas', 'X'),
('24-XI', 'Djumariah Santosa', 'XI'),
('25-WB', 'Susy Marwulan', 'Wb'),
('25-XI', 'Rukmono W', 'XI'),
('26-V', 'Tri Budiono', 'V'),
('26-XIV', 'Ibu Sugiarti', 'XIV'),
('27-TA', 'Ery Huthomo', 'TA'),
('27-WB', 'Erlina Widya', 'WB'),
('27-X', 'Sulistyo Budi Purwoko', 'X'),
('27-XII', 'Ani Soemarto', 'XII'),
('28-II', 'Sudiman', 'II'),
('28-TA', 'Tasmidi', 'TA'),
('29-I', 'Sutaryono', 'I'),
('29-V', 'Maharyono', 'V'),
('3-TB', 'Herwi David Rubingan', 'TB'),
('3-X', 'Wahyuningsih', 'X'),
('3-XII', 'Suryantoro. MS', 'XII'),
('30-VII', 'Daniel Sunardjo', 'VII'),
('32-X', 'Christina Mulyaniaty', 'X'),
('33-III', 'Bernard Dwi C', 'III'),
('33-VIII', 'Dyah Wakitoningsih', 'VIII'),
('33-X', 'Kel. Soehadi', 'X'),
('35-III', 'Retni Madu H.', 'III'),
('35-X', 'Maju Singarimbun', 'X'),
('37-WB', 'Sigit Widiatmoko', 'WB'),
('38-VII', 'Dewi Paramitasari', 'VII'),
('39-I', 'Hani Widiyanto', 'I'),
('39-II', 'Sugianto', 'II'),
('39-III', 'Suparyono', 'III'),
('4-VI', 'Yohanes Sutrisna', 'VI'),
('4-WS', 'Endang Sri P.', 'WS'),
('4-X', 'Step. Surono', 'X'),
('40-IX', 'Hariroh', 'IX'),
('40-XII', 'Ibu Bambang Mintarto', 'XII'),
('41-X', 'Suryo Widiarso', 'X'),
('42-I', 'Ediyanto', 'I'),
('42-III', 'Seno Adi Lukito', 'III'),
('42-VIII', 'Wenny Hartanto', 'VIII'),
('42-X', 'Dewi P', 'X'),
('44-IX', 'Bayu S', 'IX'),
('44-XII', 'Eunike Set Satyarini', 'XII'),
('45-IX', 'Prabowo Hadi', 'IX'),
('48-II', 'Ny. Sunarti', 'II'),
('49-VI', 'Siswanto Pramoedyo', 'VI'),
('5-III', 'Alfitranto K. Hadi', 'III'),
('50-WS', 'Lies Aryanti', 'WS'),
('51-V', 'Soehardjinah Soemanto', 'V'),
('52-I', 'Tri Murdiyati', 'I'),
('55-VIII', 'NN', 'VIII'),
('56-TA', 'Ny. Ery Guthomo', 'TA'),
('56-WS', 'Stevanus Danan N.', 'WS'),
('57-WS', 'Hana Dewi Pratiwi', 'WS'),
('58-TA', 'Yonathan Pudjo', 'TA'),
('58-V', 'Eko Subagyo', 'V'),
('58-WS', 'Gideon Rizal G', 'WS'),
('59-VI', 'Pdt. Em R. S. Sungkono', 'VI'),
('60-V', 'Hartoyo', 'V'),
('62-XI', 'Kelik Mulyono', 'XI'),
('63-V', 'Ris Kusbianto', 'V'),
('63-XI', 'Aria Kurniawati', 'XI'),
('64-XI', 'Krisbianto', 'XI'),
('65-III', 'Merry Tini', 'III'),
('66-TA', 'S. Rini S', 'TA'),
('66-TB', 'Graciades Hadi Herdanto', 'TB'),
('66-V', 'Ibu Sarimin', 'V'),
('67-IX', 'Tutik Winarti', 'IX'),
('67-TB', 'Nugroho Agung', 'TB'),
('67-V', 'Purwantini Yuli Astuti', 'V'),
('7-II', 'Edi Winarti', 'II'),
('7-III', 'Budi Prihantoro', 'III'),
('70-III', 'Sastro Diharjo', 'III'),
('71-III', 'Ruri Setyawan', 'III'),
('71-VII', 'Madijana', 'VII'),
('71-XIV', 'Ester Rika Kasiyem', 'XIV'),
('72-XI', 'Antonius Nugroho', 'XI'),
('72-XII', 'Inti Aris Rinanto', 'XII'),
('73-X', 'Suparmi Soenarno', 'X'),
('76-I', 'Apri Nurgroho', 'I'),
('76-IX', 'Sri Yulianingrum', 'IX'),
('77-I', 'Iriani Setyanawati', 'I'),
('77-VII', 'Daniel Tri', 'VII'),
('78-I', 'I. Kartini M.', 'I'),
('78-TA', 'Nurcahyo Nugroho', 'TA'),
('78-X', 'Ery Utami', 'X'),
('79-I', 'Eny Rusnoto', 'I'),
('79-XII', 'Sundari', 'XII'),
('8-I', 'Djatmiko', 'I'),
('80-II', 'Kurniawati', 'II'),
('80-XII', 'Pranata Widagdo', 'XII'),
('81-IX', 'Partini Suherman', 'IX'),
('82-I', 'Sumarto', 'I'),
('82-WB', 'Arvina', 'WB'),
('83-WB', 'Dadit C', 'WB'),
('85-II', 'Rani Sugiarti', 'II'),
('86-I', 'Rendiyanto', 'I'),
('86-II', 'Ellyandra', 'II'),
('87-I', 'Budianto', 'I'),
('9-I', 'Budi Prasetyo', 'I'),
('9-II', 'Septi Suwarsi', 'II'),
('9-X', 'Retno Wijayanti', 'X'),
('9-XII', 'Sukesmi', 'XII'),
('90-TB', 'Pdt. Kristi', 'TB'),
('91-III', 'Rinentah Dwi Yulianti', 'III'),
('91-TB', 'Daniel Krismantoro', 'Tb'),
('92-TB', 'Hendrayana Mandala', 'TB'),
('95-I', 'Mulyadi', 'I'),
('95-VII', 'Rigen Pratitisari', 'VII'),
('95-WB', 'Widiatmo', 'WB'),
('96-WB', 'Marfuah', 'WB'),
('97-WB', 'Ismarti Andari', 'WB'),
('AAW-NN', 'AAW', 'NN'),
('AD7-NN', 'AD7', 'NN'),
('AH-X', 'Antonov Hendratmoko', 'X'),
('AP-XII', 'Agus Prasmanto', 'XII'),
('AY-X', 'Aditya + Yuda', 'X'),
('B46-V', 'B46', 'V'),
('BWC-NN', 'BWC', 'NN'),
('DA-VIII', 'Daniel Aditya', 'VIII'),
('DKR-NN', 'kel. Dr. Kunto', 'NN'),
('DR-TB', 'Pdt. Em. David Rubingan', 'TB'),
('E-TA', 'Elisia', 'TA'),
('ES-NN', 'Endang Saptini', 'NN'),
('GK--', 'GKI KLATEN', '-'),
('GKJC-NN', 'GKJ Cawas', 'NN'),
('GKJM-NN', 'GKJ Manissrenggo', 'NN'),
('KM--', 'Keluarga Marsudi', '-'),
('M/US-NN', 'M/US', 'NN'),
('MS15-NN', 'MS15', 'NN'),
('NN-I', 'NN', 'I'),
('NN-II', 'NN', 'II'),
('NN-III', 'NN', 'III'),
('NN-IV', 'NN', 'IV'),
('NN-IX', 'NN', 'IX'),
('NN-NN', 'NN', 'NN'),
('NN-TA', 'NN', 'TA'),
('NN-TB', 'NN', 'TB'),
('NN-V', 'NN', 'V'),
('NN-VI', 'NN', 'VI'),
('NN-VII', 'NN', 'VII'),
('NN-VIII', 'NN', 'VIII'),
('NN-WB', 'NN WB', 'WB'),
('NN-WS', 'NN', 'WS'),
('NN-X', 'NN', 'X'),
('NN-XI', 'NN', 'XI'),
('NN-XII', 'NN XII', 'XII'),
('NN-XIII', 'NN', 'XIII'),
('NN-XIV', 'NN', 'XIV'),
('PB-NN', 'PB', 'NN'),
('PB-V', 'P. Merapi B46', 'V'),
('PP-III', 'PP', 'III'),
('PP-NN', 'PP', 'NN'),
('PP-VII', 'PP', 'VII'),
('PW-NN', 'PW', 'NN'),
('S-X', 'Sarwoko', 'X'),
('S-XIII', 'Suswanto', 'XIII'),
('SK-XII', 'Sugeng Kiswanto', 'XII'),
('U.S.A.', 'U.S.A.', 'U.S.A.'),
('UKR--', 'Umat Kristiani RSUPS', '-'),
('US-NN', 'US', 'NN'),
('W12-XII', 'Wilayah 12', 'XII'),
('W4-IV', 'Wilayah 4', 'IV'),
('YT-XII', 'YT', 'XII');

-- --------------------------------------------------------

--
-- Table structure for table `tbl_jenis_akun`
--

CREATE TABLE IF NOT EXISTS `tbl_jenis_akun` (
  `kode_sub_gol_akun` char(4) NOT NULL,
  `kode_jenis_akun` char(7) NOT NULL,
  `nama_kode_jenis_akun` varchar(100) NOT NULL,
  `jenis_partisipan` enum('Individu','Non Individu') DEFAULT NULL
) ENGINE=InnoDB DEFAULT CHARSET=latin1;

--
-- Dumping data for table `tbl_jenis_akun`
--

INSERT INTO `tbl_jenis_akun` (`kode_sub_gol_akun`, `kode_jenis_akun`, `nama_kode_jenis_akun`, `jenis_partisipan`) VALUES
('D101', 'D101.01', 'Kas Bendahara', NULL),
('D101', 'D101.02', 'Kas Setoran Persembahan', NULL),
('D101', 'D101.03', 'Kas Kecil', NULL),
('D101', 'D101.04', 'Biaya Kegiatan Bidang/Komisi Lainnya', NULL),
('D201', 'D201.01', 'Bank MANDIRI', NULL),
('D201', 'D201.02', 'BRI', NULL),
('D201', 'D201.03', 'Bank Pembanguan Daerah', NULL),
('D201', 'D201.04', 'Bank Mandiri, No.AD449238 Tgl.20-02-2014 Dana Tanah Belger', NULL),
('D201', 'D201.05', 'BCA, No.AH667747 Tgl.11-02-2014 Dana Tanah Belger', NULL),
('D201', 'D201.06', 'BCA, No.AH667748 Tgl.11-02-2014 Dana Tanah Belger', NULL),
('D201', 'D201.07', 'BNI, No.AA276470 David Rubingan, Dana Abadi Reksa Putra', NULL),
('D202', 'D202.01', 'Bank Mandiri, Cadangan Dana Kemandirian (Pdt. David R.)', NULL),
('D202', 'D202.02', 'Tabungan Bank BRI Tampung Bunga Deposito (Pdt. Siswadi, S.Si)', NULL),
('D202', 'D202.03', 'Bank Mandiri, Pdt.Yudo Aster Daniel, Dana Kemandirian', NULL),
('D202', 'D202.05', 'Bank Mandiri, Cadangan Dana Emiritus', NULL),
('D202', 'D202.06', 'Bank Mandiri, Cadangan Dana Tanah Belger', NULL),
('D202', 'D202.07', 'Bank BPD DIY Senopati-Tampung Bunga Deposito', NULL),
('D202', 'D202.08', 'Bank BPD DIY Senopati, penampungan gaji karyawan', NULL),
('D202', 'D202.09', 'GKJ Gondokusuman, Tabungan BRI BritAma', NULL),
('D202', 'D202.10', 'BRI Dana Sawo Kembar Emergency (Pdt.Seno AN)', NULL),
('D202', 'D202.11', 'BCA, Cadangan Dana Pembangunan di Tanah Belger', NULL),
('D202', 'D202.12', 'BRI Tabungan BANSOSKOM', NULL),
('D202', 'D202.13', 'BRI -Tanah Makam, Rudjito QQ GKJ Gondokusuman', NULL),
('D202', 'D202.14', ' BRI -SOEWONDO QQ PANTI WERDA*DON*GKJ GONDOKUSUMAN', NULL),
('D202', 'D202.15', 'BRI -Soewondo QQ Panti Werda GKJ GK*Persembahan*', NULL),
('D202', 'D202.16', 'BRI PW*Persembahan', NULL),
('D203', 'D203.02', 'Giro BRI Katamso', NULL),
('D301', 'D301.01', 'Modal Pengelola Pinjaman', NULL),
('D301', 'D301.02', 'Christina Wijayanti, Pinjm.Penyelesaian Urusan Tanah di Wonosobo', 'Individu'),
('D301', 'D301.03', 'Christina Wijayanti, pinjam Persembhn Tanah BelGer', 'Individu'),
('D302', 'D302.02', 'Pinjaman dana kpd STAK MARTURIA via Bapelklas XXVIII Yk.Selatan', NULL),
('D302', 'D302.10', 'Pinjaman Lainnya', NULL),
('D401', 'D401.01', 'Uang Muka Untuk Pelayanan Diakonia', NULL),
('D401', 'D401.05', 'Uang Muka Bayar Listrik dan Air beban Kantor dan Pendeta', NULL),
('D401', 'D401.06', 'Uang Muka Bayar Telepon beban Kantor dan Pendeta', NULL),
('D401', 'D401.10', 'Uang muka biaya-biaya keperluan Kantor Gereja', NULL),
('D401', 'D401.11', 'Uang muka Biaya Hidup dan Gaji Tenaga GKJ', NULL),
('D401', 'D401.13', 'Uang Muka Kegiatan Bidang/Komis', NULL),
('D401', 'D401.14', 'Uang Muka Komisi', NULL),
('D401', 'D401.99', 'UM KR dan Minggu Pagi', NULL),
('D501', 'D501.01', 'Tanah Kantor & Toko TPK', NULL),
('D501', 'D501.02', 'Tanah Gedung Gereja', NULL),
('D501', 'D501.03', 'Tanah Rumah Pastori', NULL),
('D501', 'D501.04', 'Tanah Rumah Asrama', NULL),
('D501', 'D501.05', 'Tanah Kosong', NULL),
('D501', 'D501.06', 'Tanah Makam', NULL),
('D502', 'D502.01', 'Bangunan kantor & Toko TPK', NULL),
('D502', 'D502.02', 'Bangunan Gereja', NULL),
('D502', 'D502.03', 'Bangunan Rmh Pastori', NULL),
('D502', 'D502.04', 'Bangunan Rumah Asrama', NULL),
('D503', 'D503.01', 'Kendaraan Mobil', NULL),
('D503', 'D503.02', 'Sepeda Motor', NULL),
('D504', 'D504.01', 'Mesin Foto Copy', NULL),
('D504', 'D504.02', 'Mesin Risograph EZ-231 No.76740224, Kwits.18-7-2013', NULL),
('D504', 'D504.03', 'Komputer & Perlengkapannya', NULL),
('D504', 'D504.04', 'Air Condotion', NULL),
('D505', 'D505.01', 'Meja', NULL),
('D505', 'D505.02', 'Kursi', NULL),
('D505', 'D505.03', 'Almari', NULL),
('D506', 'D506.01', 'Peralatan Sound system', NULL),
('D506', 'D506.02', 'Alat Musik dan Perlengkapannya', NULL),
('D506', 'D506.03', 'Alat Musik Keroncong', NULL),
('D506', 'D506.04', 'Alat Musik Gamelan', NULL),
('D507', 'D507.01', 'Kamera', NULL),
('D507', 'D507.02', 'Komputer', 'Individu'),
('D507', 'D507.03', 'Handy & Walky Talky', NULL),
('D507', 'D507.04', 'Tripod dan Monopod', NULL),
('D507', 'D507.05', 'Power Supply', NULL),
('D507', 'D507.06', 'TV Monitor', NULL),
('D507', 'D507.07', 'Video-Audio Splitter', NULL),
('D507', 'D507.08', 'Video Switcher, Splitter, Converter', NULL),
('D507', 'D507.09', 'Tool Box', NULL),
('D507', 'D507.10', 'Kabel', NULL),
('D507', 'D507.11', 'Televisi & LCD Projector', NULL),
('D507', 'D507.12', 'Perlengkapan Multimedia Lainnya', NULL),
('D508', 'D508.01', 'Perlengkapan Persembahan & Busana', NULL),
('D508', 'D508.02', 'Perlengkapan Perjamuan Kudus', NULL),
('D508', 'D508.03', 'Perlengkapan Kotak Salib', NULL),
('D508', 'D508.04', ' Hiasan Dinding', NULL),
('D508', 'D508.05', 'Perlengkapan Meja', NULL),
('D508', 'D508.06', 'Perlengkapan Bunga', NULL),
('D508', 'D508.07', 'Perlengkapan Mimbar', NULL),
('D508', 'D508.08', 'Peralatan Makan & Dapur', NULL),
('D508', 'D508.99', 'Perlengkapan & Peralatan Lain-lain', NULL),
('D801', 'D801.01', 'Komisi Kebaktian', NULL),
('D801', 'D801.02', 'Komisi Pendukung Kebaktian', NULL),
('D801', 'D801.03', 'Komisi Seni & Budaya', NULL),
('D801', 'D801.04', 'Koordinasi dan Adm Bidang', NULL),
('D802', 'D802.01', 'Komisi Pekabaran Injil dan Komunikasi', NULL),
('D802', 'D802.02', 'Komisi Pendidikan', NULL),
('D802', 'D802.03', 'Komisi Pralenan', NULL),
('D802', 'D802.04', 'Komisi Sawokembar Emergency', NULL),
('D802', 'D802.05', 'BANSOSKOM', NULL),
('D802', 'D802.06', 'Koordinasi dan Administrasi Bidang', NULL),
('D803', 'D803.01', 'Komisi Pengkaderan', NULL),
('D803', 'D803.02', 'Komisi Anak', NULL),
('D803', 'D803.03', 'Komisi Remaja', NULL),
('D803', 'D803.04', 'Komisi Pemuda', NULL),
('D803', 'D803.05', 'Komisi Dewasa Muda', NULL),
('D803', 'D803.06', 'Komisi Pemberdayaan Kel. (PKM)', NULL),
('D803', 'D803.07', 'Komisi Warga Dewasa Wanita Jemaat', NULL),
('D803', 'D803.08', 'Komisi Adiyuswa', NULL),
('D803', 'D803.09', 'Koordinasi dan Adm. Bidang', NULL),
('D804', 'D804.01', 'Komisi Pembangunan', NULL),
('D804', 'D804.02', 'Komisi Pemeliharaan & Inventaris Gereja', NULL),
('D804', 'D804.03', 'Koordinasi dan Administrasi Bidang', NULL),
('D805', 'D805.01', 'Komisi Perencanaan Program dan Anggaran', NULL),
('D805', 'D805.02', 'Komisi Pengendalian Program', NULL),
('D805', 'D805.03', 'Komisi Litbang dan Evaluasi', NULL),
('D805', 'D805.04', 'Koordinasi dan Administrasi Bidang', NULL),
('D806', 'D806.01', 'Komisi Pengawasan dan Pemeriksaan Administrasi', NULL),
('D806', 'D806.02', 'Komisi Pengawasan dan Pemeriksaan Keuangan dan Logistik', NULL),
('D806', 'D806.03', 'Koordinasi dan Aministrasi Bidang Wasrik', NULL),
('D807', 'D807.01', 'PA Rekso Putra Bag Putra', NULL),
('D807', 'D807.02', 'PA Rekso Putra Bag Putri', NULL),
('D807', 'D807.03', 'Bantuan biaya hidup di Surabaya unt 2 org', 'Individu'),
('D807', 'D807.3', 'Bantuan', NULL),
('D808', 'D808.01', 'Biaya Pengurusan Surat Tanah', NULL),
('D808', 'D808.02', 'Biaya Kegiatan Bidang/Komisi Lainnya', NULL),
('D808', 'D808.03', 'Biaya balik nama', NULL),
('D808', 'D808.04', '-', NULL),
('D809', 'D809.01', 'Panitia Pemanggilan Pendeta', NULL),
('D809', 'D809.02', 'Tanah Makam', NULL),
('D809', 'D809.03', 'Pembangunan Tanah Belger', NULL),
('D809', 'D809.04', 'Peringatan HUT GKJ Gondokusuman', NULL),
('D809', 'D809.06', 'Bantuan untuk semua wilayah', NULL),
('D809', 'D809.08', '', NULL),
('D809', 'D809.09', '', NULL),
('D810', 'D810.01', 'Komisi Sosial', NULL),
('D810', 'D810.02', 'Komisi Bantuan dan Santunan', NULL),
('D810', 'D810.03', 'Komisi Panti Werda', NULL),
('D810', 'D810.04', 'Komisi Pastoral', NULL),
('D810', 'D810.05', 'Komisi Transformatif & PEJ', NULL),
('D810', 'D810.06', 'Koordinasi dan Adm Bidang Diakonia', NULL),
('D811', 'D811.01', 'Pemeliharaan Iman', NULL),
('D811', 'D811.02', 'Pastoral', NULL),
('D811', 'D811.03', 'Konseling', NULL),
('D811', 'D811.04', 'Nilai/Karakter', NULL),
('D811', 'D811.05', 'Koordinasi dan Administrasi Bidang', NULL),
('D901', 'D901.01', 'Alat Tulis Kantor', NULL),
('D901', 'D901.02', 'Alkitab, Nyanyian Rohani, Buku2 Lainnya', NULL),
('D901', 'D901.03', 'Biaya Surat Menyurat', NULL),
('D901', 'D901.04', 'Kertas Berbagai ukuran dan jenis', NULL),
('D901', 'D901.05', 'Biaya Fotocopy di luar kantor', NULL),
('D901', 'D901.06', 'Cetak Formulir dan Kalender', NULL),
('D901', 'D901.07', 'Cetak Warta Jemaat', NULL),
('D901', 'D901.08', 'Surat Kabar untuk Kantor dan Pendeta', NULL),
('D902', 'D902.01', 'Listrik', NULL),
('D902', 'D902.02', 'Telepon', NULL),
('D902', 'D902.03', 'Pajak Bumi dan Bangunan', NULL),
('D902', 'D902.04', 'Pajak Kendaraan Bermotor (STNK)', NULL),
('D902', 'D902.05', 'Bensin Kendaraan Dinas', NULL),
('D902', 'D902.06', 'Rumah Tangga Kantor Gereja', NULL),
('D902', 'D902.07', 'Tugas Pengamanan', NULL),
('D902', 'D902.08', 'Biaya Lembur Pegawai', NULL),
('D902', 'D902.09', 'Bunga Mimbar', NULL),
('D903', 'D903.01', 'Iuran Dana Kemandirian Klasis', NULL),
('D903', 'D903.02', 'Iuran Dana Abadi Klasis/ Sinode', NULL),
('D903', 'D903.03', 'Iuran PGI Wilayah/ Kotamadya', NULL),
('D903', 'D903.04', 'Perjamuan Kudus dan Kelengkapannya', NULL),
('D903', 'D903.05', 'Honor Organis Pemberkatan Nikah', NULL),
('D903', 'D903.06', 'Bantuan Antar Gereja', NULL),
('D903', 'D903.07', 'Bantuan Untuk Lembaga Kristen', NULL),
('D903', 'D903.08', 'Pelayanan Kasih Tanda Kasih', NULL),
('D903', 'D903.09', 'Sidang Majelis Gereja Terbuka (SMGT)', NULL),
('D903', 'D903.10', 'Rapat-rapat', NULL),
('D903', 'D903.11', 'Pisah Sambut Majelis', NULL),
('D903', 'D903.12', 'Retreat Majelis/ Karyawan', NULL),
('D904', 'D904.01', 'Biaya Hidup Pendeta', NULL),
('D904', 'D904.02', 'Gaji Tenaga Non Pendeta', NULL),
('D904', 'D904.03', 'Transport Khotbah Pendeta Tamu', NULL),
('D904', 'D904.04', 'Tukar Mimbar Klasis Sinode/PGI', NULL),
('D904', 'D904.05', 'Bantuan Transport', NULL),
('D904', 'D904.06', 'Bantuan untuk Pamulang', NULL),
('D904', 'D904.07', 'Bantuan Transport Guru Agama', NULL),
('D904', 'D904.08', 'Perjalanan Dinas', NULL),
('D904', 'D904.09', 'Honorarium Tenaga Tidak Tetap', NULL),
('D905', 'D905.01', 'Pembayaran Uang Pensiun Pendeta', NULL),
('D905', 'D905.02', 'Pembayaran Uang Pensiun Non Pendeta', NULL),
('D905', 'D905.03', 'Voucher HP', NULL),
('D905', 'D905.04', 'Perawatan Kesehatan', NULL),
('D905', 'D905.05', 'Tunjangan Cuti Tahunan, Tunjangan Khusus', NULL),
('D905', 'D905.06', 'Tunjangan Hari Raya Natal', 'Individu'),
('D905', 'D905.07', 'Pakaian dan Sepatu', 'Individu'),
('D905', 'D905.08', 'Biaya Pendidikan Anak Pendeta', 'Individu'),
('D905', 'D905.09', 'Pembayaran Premi Pensiun', NULL),
('D905', 'D905.10', 'Pengadaan Buku untuk Pendeta', NULL),
('D905', 'D905.11', 'Studi Lanjut Pendeta/Pelatihan/Seminar Pendeta', NULL),
('D905', 'D905.12', 'Asuransi bagi Pendeta yng Aktif', NULL),
('D906', 'D906.01', 'Pemeliharaan Gedung oleh Kantor', NULL),
('D906', 'D906.02', 'Pemeliharaan Inventaris', NULL),
('D906', 'D906.03', 'Pemeliharaan Taman', NULL),
('D906', 'D906.04', 'Perawatan Kendaraan Dinas', NULL),
('D906', 'D906.05', 'Perawatan Peralatan Kantor', NULL),
('D906', 'D906.06', 'Sewa Tenda dan Kursi', 'Individu'),
('D906', 'D906.07', 'Pengadaan Peralatan Kantor ', NULL),
('D906', 'D906.08', 'Kegiatan Kebersihan Lingkungan Gereja', NULL),
('D907', 'D907.01', 'Biaya Simpan Dana di Bank', NULL),
('D907', 'D907.02', 'Pajak Jasa Tabungan Bank', NULL),
('D908', 'D908.01', 'Cadangan Tabungan Kemandirian', NULL),
('D908', 'D908.02', 'Cadangan Tabungan Emiritus Pendeta', NULL),
('D908', 'D908.03', '', NULL),
('D999', 'D999.01', 'Dana Penyangga', NULL),
('D999', 'D999.99', 'Biaya Kegiatan Kantor Lainnya', NULL),
('K101', 'K101.01', 'Titipan Persembahan Peduli Rekso Putro', NULL),
('K101', 'K101.02', 'Titipan Diakonia', NULL),
('K101', 'K101.03', 'Titipan Lainnya/Umum', NULL),
('K101', 'K101.05', 'Dana Pembayaran Pensiun dari Sinode', NULL),
('K101', 'K101.07', 'Titipan Persembahan Bea Siswa', NULL),
('K101', 'K101.14', 'Titipan Uang Iuran Pensiun Pdt. Fendi S.', NULL),
('K101', 'K101.90', 'Selisih Lebih Kas', NULL),
('K102', 'K102.01', 'Cadangan Dana Emiritus', NULL),
('K102', 'K102.02', 'Cadangan Dana Kemandirian', NULL),
('K701', 'K701.01', 'Aktiva Bersih', NULL),
('K701', 'K701.02', 'Kenaikan Aktiva Bersih', NULL),
('K901', 'K901.01', 'Persembahan Bulanan', 'Individu'),
('K901', 'K901.02', 'Persembahan Mingguan', 'Non Individu'),
('K901', 'K901.03', 'Persembahan Perjamuan Kudus', 'Non Individu'),
('K901', 'K901.04', 'Persembahan Mirunggan', 'Individu'),
('K901', 'K901.05', 'Persembahan Persepuluhan', 'Individu'),
('K901', 'K901.06', 'Persembahan Baptis, Sidhi, Pertobatan', 'Non Individu'),
('K901', 'K901.07', 'Persembahan Pemberkatan Pernikahan', 'Non Individu'),
('K901', 'K901.08', 'Persembahan Hari Besar Kristen', 'Non Individu'),
('K901', 'K901.09', 'Persembahan Dana Kemandirian', 'Non Individu'),
('K901', 'K901.10', 'Persembahan Dana Emeritus', 'Non Individu'),
('K901', 'K901.11', 'Persembahan Pemakaian Gd Pertemuan', 'Individu'),
('K901', 'K901.12', 'Persembahan Tanah Pastori', 'Individu'),
('K901', 'K901.13', 'Persembahan untuk Bea Siswa', 'Individu'),
('K901', 'K901.14', 'Persembahan untuk Diakonia / Panti Wreda', 'Individu'),
('K901', 'K901.15', 'Persembahan Peduli Reksa Putra', 'Individu'),
('K901', 'K901.16', 'Persembahan untuk Tanah Belger', 'Individu'),
('K901', 'K901.99', 'Persembahan Lain-lain', 'Individu'),
('K902', 'K902.01', 'Persembahan Yayasan Sawo Kembar', NULL),
('K902', 'K902.02', 'Rekening bunga bansoskom', NULL),
('K903', 'K903.01', 'Bunga Deposito', NULL),
('K903', 'K903.02', 'Bunga Tabungan dan Giro Bank', NULL),
('K999', 'K999.01', 'Hasil Penjualan Kalender', 'Individu'),
('K999', 'K999.02', 'Persembahan untuk Tanah Belger', 'Individu'),
('K999', 'K999.99', 'Penerimaan Lain-lain', 'Individu');

-- --------------------------------------------------------

--
-- Table structure for table `tbl_komisi`
--

CREATE TABLE IF NOT EXISTS `tbl_komisi` (
  `kode_komisi` char(8) NOT NULL,
  `nama_komisi` varchar(50) NOT NULL,
  `kode_bidang` char(8) NOT NULL,
  `kode_jenis_akun` char(7) NOT NULL,
  `pengurus_1` char(8) DEFAULT NULL,
  `pengurus_2` char(8) DEFAULT NULL,
  `pengurus_3` char(8) DEFAULT NULL,
  `tgl_dibentuk` date NOT NULL,
  `deskripsi` varchar(200) NOT NULL,
  `status` tinyint(1) NOT NULL DEFAULT '1'
) ENGINE=InnoDB DEFAULT CHARSET=latin1;

-- --------------------------------------------------------

--
-- Table structure for table `tbl_nota`
--

CREATE TABLE IF NOT EXISTS `tbl_nota` (
  `kode_nota` char(10) NOT NULL,
  `kode_toko` char(8) NOT NULL,
  `kode_transaksi` int(6) DEFAULT NULL,
  `tgl_pengeluaran` date NOT NULL,
  `kode_jenis_akun` char(7) NOT NULL,
  `jumlah` int(15) NOT NULL,
  `pelaksana` varchar(50) NOT NULL,
  `waktu_input` timestamp NOT NULL DEFAULT CURRENT_TIMESTAMP,
  `kode_admin` char(8) NOT NULL
) ENGINE=InnoDB DEFAULT CHARSET=latin1;

--
-- Dumping data for table `tbl_nota`
--

INSERT INTO `tbl_nota` (`kode_nota`, `kode_toko`, `kode_transaksi`, `tgl_pengeluaran`, `kode_jenis_akun`, `jumlah`, `pelaksana`, `waktu_input`, `kode_admin`) VALUES
('K121116-1', 'TOKO30', 301, '2016-01-30', 'D903.10', 225000, 'KUSWANDI', '2016-10-17 04:08:00', 'admin'),
('N077116-1', 'TOKO38', 361, '2016-01-13', 'D905.04', 73500, 'personal khusus', '2016-10-26 04:48:21', 'admin'),
('N077116-2', 'TOKO38', 362, '2015-10-20', 'D905.04', 73500, 'personal khusus', '2016-10-26 04:49:19', 'admin'),
('N077116-3', 'TOKO38', 363, '2015-09-30', 'D905.04', 1178800, 'personal khusus', '2016-10-26 04:49:54', 'admin'),
('N077116-4', 'TOKO38', 364, '2015-11-02', 'D905.04', 73500, 'personal khusus', '2016-10-26 04:50:31', 'admin'),
('N077116-5', 'TOKO38', 365, '2015-11-16', 'D905.04', 197550, 'personal khusus', '2016-10-26 04:51:05', 'admin'),
('N077116-6', 'TOKO38', 366, '2015-11-23', 'D905.04', 154500, 'personal khusus', '2016-10-26 04:51:35', 'admin'),
('N077116-7', 'TOKO38', 367, '2015-12-14', 'D905.04', 159000, 'personal khusus', '2016-10-26 04:52:01', 'admin'),
('N077116-8', 'TOKO38', 368, '2015-12-14', 'D905.04', 360300, 'personal khusus', '2016-10-26 04:52:30', 'admin'),
('N077116-9', 'TOKO38', 369, '2015-12-17', 'D905.04', 73500, 'personal khusus', '2016-10-26 04:53:16', 'admin'),
('N078116-1', 'TOKO56', 194, '2016-01-21', 'D903.04', 3950000, 'LUNA P', '2016-10-10 04:50:14', 'admin'),
('N080116-1', 'TOKO56', 247, '2016-01-22', 'D401.14', 278500, 'AGUSTINUS C', '2016-10-14 04:28:47', 'admin'),
('N081116-1', 'TOKO56', 246, '2016-01-22', 'D401.14', 900000, 'AGUSTINUS C', '2016-10-14 04:26:25', 'admin'),
('N082116-1', 'TOKO56', 265, '2016-01-26', 'D401.14', 150000, '-', '2016-10-14 05:31:43', 'admin'),
('N090116-1', 'TOKO38', 359, '2016-01-20', 'D905.04', 388500, 'Dessy', '2016-10-26 04:41:44', 'admin'),
('N099116-1', 'TOKO38', 360, '2016-01-26', 'D905.04', 97000, 'Dessy', '2016-10-26 04:44:34', 'admin'),
('N100116-1', 'TOKO56', 172, '2016-01-26', 'D904.08', 100000, 'Yudo', '2016-10-10 03:45:24', 'admin'),
('N101116-1', 'TOKO56', 171, '2016-01-26', 'D904.08', 100000, '-', '2016-10-10 03:43:33', 'admin'),
('N102116-1', 'TOKO56', 170, '2016-01-26', 'D904.08', 100000, 'Seno Adhi', '2016-10-10 03:41:25', 'admin'),
('N103116-1', 'TOKO56', 169, '2016-01-26', 'D904.08', 100000, 'Pdt. Krsiti', '2016-10-10 03:39:39', 'admin'),
('N104116-1', 'TOKO56', 168, '2016-01-26', 'D904.04', 400000, 'Y. S.', '2016-10-10 03:37:55', 'admin'),
('N105116-1', 'TOKO56', 167, '2016-01-26', 'D904.04', 400000, 'Y. S.', '2016-10-10 03:35:30', 'admin'),
('N106116-1', 'TOKO56', 166, '2016-01-26', 'D902.06', 65000, 'Suryadi', '2016-10-10 03:33:08', 'admin'),
('N107116-1', 'TOKO37', 165, '2016-01-26', 'D903.10', 173000, 'Suryadi', '2016-10-10 03:32:19', 'admin'),
('N108116-1', 'TOKO36', 186, '2016-01-02', 'D901.08', 98000, 'KRIS.B', '2016-10-10 04:24:00', 'admin'),
('N108116-2', 'TOKO36', 187, '2016-01-02', 'D901.08', 98000, 'KRIS.B', '2016-10-10 04:26:10', 'admin'),
('N109116-1', 'TOKO14', 161, '2016-01-25', 'D902.06', 75900, 'Sugito', '2016-10-10 03:23:01', 'admin'),
('N109116-2', 'TOKO17', 162, '2016-01-25', 'D902.06', 90000, 'Sugito', '2016-10-10 03:24:04', 'admin'),
('N111116-1', 'TOKO35', 374, '2016-01-27', 'D202.02', 500000, 'personal khusus', '2016-10-26 05:14:15', 'admin'),
('N111116-1', 'TOKO56', 160, '2016-01-26', 'D902.08', 50000, 'Sugito', '2016-10-10 03:20:46', 'admin'),
('N111116-2', 'TOKO35', 375, '2016-01-27', 'D907.01', 12500, 'personal khusus', '2016-10-26 05:14:53', 'admin'),
('N1116-01', 'TOKO56', 86, '2016-01-01', 'D904.01', 19303506, '-', '2016-10-03 02:00:36', 'admin'),
('N1116-02', 'TOKO56', 87, '2016-01-01', 'D904.02', 18013000, '-', '2016-10-03 02:01:40', 'admin'),
('N1116-03', 'TOKO56', 88, '2016-01-01', 'D904.09', 5500000, '-', '2016-10-03 02:15:29', 'admin'),
('N1116-04', 'TOKO56', 89, '2016-01-01', 'D904.05', 3025000, '-', '2016-10-03 02:16:41', 'admin'),
('N1116-05', 'TOKO56', 90, '2016-01-01', 'D905.03', 1300000, '-', '2016-10-03 02:18:11', 'admin'),
('N1116-06', 'TOKO56', 91, '2016-01-01', 'D905.01', 6562800, '-', '2016-10-03 02:18:48', 'admin'),
('N1116-07', 'TOKO56', 92, '2016-01-01', 'D905.02', 2149900, '-', '2016-10-03 02:19:21', 'admin'),
('N1116-08', 'TOKO56', 93, '2016-01-01', 'K101.05', 4802000, '-', '2016-10-03 02:20:07', 'admin'),
('N112116-1', 'TOKO43', 257, '2016-01-28', 'D905.11', 590000, 'SENO ADI', '2016-10-14 05:08:26', 'admin'),
('N112116-2', 'TOKO44', 258, '2016-01-05', 'D905.11', 500000, 'SENO ADHI', '2016-10-14 05:10:27', 'admin'),
('N113116-1', 'TOKO28', 310, '2016-01-28', 'D902.05', 20000, 'SURYADI', '2016-10-17 04:26:45', 'admin'),
('N114116-1', 'TOKO56', 309, '2016-01-30', 'D902.06', 135000, 'SURYADI', '2016-10-17 04:24:46', 'admin'),
('N115116-1', 'TOKO16', 308, '2016-01-30', 'D902.08', 78000, 'DANANG', '2016-10-17 04:22:55', 'admin'),
('N116116-1', 'TOKO52', 307, '2016-01-27', 'D902.06', 196200, 'MURYADI', '2016-10-17 04:21:04', 'admin'),
('N117116-1', 'TOKO56', 306, '2016-01-30', 'D904.04', 100000, 'Y.SUTOPO', '2016-10-17 04:17:11', 'admin'),
('N118116-1', 'TOKO56', 305, '2016-01-30', 'D904.04', 100000, 'TAMBAHAN TRANSPORT KOTBAH TAMU KLASIS YOGYAKARTA S', '2016-10-17 04:14:57', 'admin'),
('N119116-1', 'TOKO56', 304, '2016-01-30', 'D904.08', 100000, 'SISWANDI', '2016-10-17 04:12:39', 'admin'),
('N120116-1', 'TOKO56', 303, '2016-01-30', 'D902.08', 50500, 'SURYADI', '2016-10-17 04:11:00', 'admin'),
('N121116-3', 'TOKO51', 302, '2016-01-30', 'D903.10', 72000, 'KUSWANDI', '2016-10-17 04:08:56', 'admin'),
('N122116-1', 'TOKO56', 300, '2016-01-30', 'D904.08', 100000, 'SENO ADHI', '2016-10-17 04:04:16', 'admin'),
('N123116-1', 'TOKO50', 298, '2016-01-26', 'D903.10', 122000, 'SURYADI', '2016-10-17 03:58:22', 'admin'),
('N123116-2', 'TOKO56', 299, '2016-01-26', 'D903.10', 131000, 'SURYADI', '2016-10-17 03:59:43', 'admin'),
('N124116-1', 'TOKO49', 294, '2016-01-25', 'D903.10', 113250, 'SURYADI', '2016-10-17 03:49:50', 'admin'),
('N124116-2', 'TOKO49', 295, '2016-01-25', 'D903.10', 27000, 'Suryadi', '2016-10-17 03:50:52', 'admin'),
('N124116-3', 'TOKO49', 296, '2016-01-25', 'D903.10', 112000, 'SURYADI', '2016-10-17 03:52:20', 'admin'),
('N124116-4', 'TOKO56', 297, '2016-01-28', 'D903.10', 96000, 'SURYADI', '2016-10-17 03:53:53', 'admin'),
('N125116-1', 'TOKO25', 293, '2016-01-26', 'D901.02', 31500, 'CHRISTIAN MIRYATI', '2016-10-17 03:46:02', 'admin'),
('N126116-1', 'TOKO48', 292, '2016-01-28', 'D903.10', 98300, 'SURYADI', '2016-10-17 03:43:26', 'admin'),
('N127116-1', 'TOKO56', 291, '2016-01-28', 'D903.05', 50000, 'KRIYONO', '2016-10-17 03:40:33', 'admin'),
('N128116-1', 'TOKO47', 285, '2016-01-11', 'D905.12', 750000, 'Astuti W', '2016-10-17 03:33:45', 'admin'),
('N129116-1', 'TOKO45', 313, '2016-01-30', 'D905.09', 1940300, 'ASTUTI W', '2016-10-17 04:32:31', 'admin'),
('N129116-2', 'TOKO45', 314, '2016-01-30', 'K101.14', 220000, 'ASTUTI W', '2016-10-17 04:33:43', 'admin'),
('N130116-1', 'TOKO27', 277, '2016-01-20', 'D902.01', 539200, 'PERSONAL KHUSUS', '2016-10-17 03:24:37', 'admin'),
('N130116-2', 'TOKO27', 278, '2016-01-20', 'D902.01', 24910, 'PERSONAL KHUSUS', '2016-10-17 03:25:13', 'admin'),
('N130116-2', 'TOKO47', 286, '2016-01-11', 'D905.12', 500000, 'Astuti W', '2016-10-17 03:34:12', 'admin'),
('N130116-3', 'TOKO27', 279, '2016-01-20', 'D902.01', 54588, 'PERSONAL KHUSUS', '2016-10-17 03:25:51', 'admin'),
('N130116-3', 'TOKO47', 287, '2016-01-11', 'D905.12', 1000000, 'Astuti W', '2016-10-17 03:34:42', 'admin'),
('N130116-4', 'TOKO27', 280, '2016-01-20', 'D902.01', 372511, 'PERSONAL KHUSUS', '2016-10-17 03:26:23', 'admin'),
('N130116-4', 'TOKO47', 288, '2016-01-11', 'D905.12', 750000, 'Astuti W', '2016-10-17 03:35:13', 'admin'),
('N130116-5', 'TOKO27', 281, '2016-01-20', 'D902.01', 21940, 'PERSONAL KHUSUS', '2016-10-17 03:26:54', 'admin'),
('N130116-6', 'TOKO27', 282, '2016-01-21', 'D902.01', 1630600, 'PERSONAL KHUSUS', '2016-10-17 03:27:47', 'admin'),
('N130116-7', 'TOKO27', 283, '2016-01-20', 'D902.01', 673876, 'PERSONAL KHUSUS', '2016-10-17 03:28:22', 'admin'),
('N130116-8', 'TOKO27', 284, '2016-01-20', 'D902.01', 125690, 'PERSONAL KHUSUS', '2016-10-17 03:29:36', 'admin'),
('N131116-1', 'TOKO27', 329, '2016-01-30', 'D902.02', 661934, '-', '2016-10-17 05:40:49', 'admin'),
('N131116-2', 'TOKO27', 330, '2016-01-30', 'D902.02', 213593, '-', '2016-10-17 05:41:30', 'admin'),
('N132116-1', 'TOKO27', 331, '2016-01-19', 'D401.06', 49061, 'PERSONAL KHUSUS', '2016-10-17 05:46:27', 'admin'),
('N132116-2', 'TOKO27', 332, '2016-01-19', 'D401.06', 44343, 'PERSONAL KHUSUS', '2016-10-17 05:46:54', 'admin'),
('N132116-3', 'TOKO27', 333, '2016-01-19', 'D401.06', 36270, 'PERSONAL KHUSUS', '2016-10-17 05:47:19', 'admin'),
('N132116-4', 'TOKO27', 334, '2016-01-19', 'D401.06', 50845, 'PERSONAL KHUSUS', '2016-10-17 05:47:46', 'admin'),
('N132116-5', 'TOKO27', 335, '2016-01-19', 'D401.06', 48370, 'PERSONAL KHUSUS', '2016-10-17 05:48:36', 'admin'),
('N132116-6', 'TOKO27', 336, '2016-01-19', 'D401.06', 4700, 'PERSONAL KHUSUS', '2016-10-17 05:49:05', 'admin'),
('N133115-5', 'TOKO27', 269, '2016-01-20', 'D401.05', 89866, 'PERSONAL KHUSUS', '2016-10-14 05:50:13', 'admin'),
('N133116-1', 'TOKO27', 270, '2016-01-20', 'D401.05', 373153, '-', '2016-10-14 05:47:05', 'admin'),
('N133116-2', 'TOKO27', 271, '2016-01-20', 'D401.05', 401344, '-', '2016-10-14 05:47:50', 'admin'),
('N133116-3', 'TOKO27', 272, '2016-01-20', 'D401.05', 51240, 'PERSONAL KHUSUS', '2016-10-14 05:48:43', 'admin'),
('N133116-4', 'TOKO27', 273, '2016-01-20', 'D401.05', 465397, 'PERSONAL KHUSUS', '2016-10-14 05:49:26', 'admin'),
('N134116-1', 'TOKO46', 274, '2016-01-04', 'D901.01', 644479, 'PERSONAL KHUSUS', '2016-10-14 05:55:19', 'admin'),
('N135116-1', 'TOKO53', 327, '2016-01-30', 'D903.10', 736740, 'Suryadi', '2016-10-17 05:34:37', 'admin'),
('N135116-2', 'TOKO54', 328, '2016-01-30', 'D903.10', 885350, 'Suryadi', '2016-10-17 05:37:26', 'admin'),
('N136116-1', 'TOKO56', 275, '2016-01-30', 'D901.07', 4800000, 'PERSONAL KHUSUS', '2016-10-17 03:18:20', 'admin'),
('N137116-1', 'TOKO56', 254, '2016-01-30', 'D401.01', 195000, 'ARI', '2016-10-14 04:56:28', 'admin'),
('N138116-1', 'TOKO56', 255, '2016-01-30', 'D401.14', 39300, 'ARI', '2016-10-14 05:02:24', 'admin'),
('N139116-1', 'TOKO56', 355, '2016-01-31', 'D904.02', 35000, 'Rita Winarni', '2016-10-24 03:41:18', 'admin'),
('N139116-2', 'TOKO56', 356, '2016-01-31', 'D904.02', 103500, 'Yunianto', '2016-10-24 03:42:25', 'admin'),
('N140116-1', 'TOKO45', 268, '2016-01-12', 'D401.10', 1800000, 'SOEWARDI', '2016-10-14 05:40:38', 'admin'),
('N141116-1', 'TOKO56', 353, '2016-01-21', 'K701.02', 134085000, 'personal khusus', '2016-10-24 03:12:13', 'admin'),
('N142216-1', 'TOKO56', 486, '2016-02-01', 'D904.01', 20377657, 'Personal Khusus', '2016-11-21 02:06:09', 'admin'),
('N142216-2', 'TOKO56', 487, '2016-02-01', 'D904.02', 18013000, 'Personal Khusus', '2016-11-21 02:06:37', 'admin'),
('N142216-3', 'TOKO56', 488, '2016-02-01', 'D904.09', 5500000, 'Personal Khusus', '2016-11-21 02:07:06', 'admin'),
('N142216-4', 'TOKO56', 489, '2016-02-01', 'D904.05', 3025000, 'Personal Khusus', '2016-11-21 02:07:37', 'admin'),
('N142216-5', 'TOKO56', 490, '2016-02-01', 'D905.03', 1300000, 'Personal Khusus', '2016-11-21 02:08:11', 'admin'),
('N142216-6', 'TOKO56', 491, '2016-02-01', 'D905.01', 6562800, 'Personal Khusus', '2016-11-21 02:08:38', 'admin'),
('N142216-7', 'TOKO56', 492, '2016-02-01', 'D905.02', 2149900, 'Personal Khusus', '2016-11-21 02:09:12', 'admin'),
('N142216-8', 'TOKO56', 493, '2016-02-01', 'K101.05', 4802000, 'Personal Khusus', '2016-11-21 02:09:47', 'admin'),
('N143216-1', 'TOKO42', 485, '2016-02-01', 'D901.06', 500000, 'Astuti W', '2016-11-21 02:03:16', 'admin'),
('N144216-1', 'TOKO63', 482, '2016-01-31', 'D905.04', 640900, 'Siswandi', '2016-11-21 01:57:25', 'admin'),
('N145216-1', 'TOKO42', 476, '2015-12-30', 'D901.07', 700000, 'Astuti W', '2016-11-18 06:03:20', 'admin'),
('N146216-1', 'TOKO1', 480, '2016-02-02', 'D807.3', 500000, 'Danang', '2016-11-21 01:52:20', 'admin'),
('N146216-2', 'TOKO1', 481, '2016-02-02', 'D807.3', 500000, 'Danang', '2016-11-21 01:53:40', 'admin'),
('N147216-1', 'TOKO25', 479, '2016-02-02', 'D901.02', 3050000, 'Uji Lestari', '2016-11-18 06:08:23', 'admin'),
('N148216-1', 'TOKO58', 475, '2016-02-01', 'D903.04', 735000, 'Eksi L', '2016-11-18 06:00:22', 'admin'),
('N149216-1', 'TOKO56', 471, '2016-02-05', 'D903.10', 711000, 'Antonov H', '2016-11-18 05:53:13', 'admin'),
('N150216-1', 'TOKO56', 467, '2016-02-05', 'D905.05', 2182500, 'Yunianto', '2016-11-18 05:45:04', 'admin'),
('N151216-1', 'TOKO56', 466, '2016-02-05', 'D905.05', 2042800, 'Suryadi', '2016-11-18 05:43:24', 'admin'),
('N152216-1', 'TOKO62', 461, '2016-01-30', 'D902.06', 274500, 'Muryadi', '2016-11-18 05:35:28', 'admin'),
('N152216-2', 'TOKO56', 462, '2016-01-29', 'D902.05', 9500, 'Muryadi', '2016-11-18 05:36:06', 'admin'),
('N153216-1', 'TOKO56', 459, '2016-01-30', 'D903.10', 124099, 'Suryadi', '2016-11-18 05:31:20', 'admin'),
('N153216-2', 'TOKO56', 460, '2016-01-30', 'D903.10', 107000, 'Suryadi', '2016-11-18 05:32:52', 'admin'),
('N154216-1', 'TOKO28', 458, '2016-01-30', 'D902.05', 50000, 'Antonov H', '2016-11-18 05:29:01', 'admin'),
('N155216-1', 'TOKO40', 457, '2016-01-28', 'D902.06', 81000, 'Mur Ayadi', '2016-11-18 05:27:01', 'admin'),
('N156216-1', 'TOKO56', 403, '2016-01-30', 'D904.08', 50000, 'Pdt.Kristi', '2016-11-16 04:35:27', 'admin'),
('N158216-1', 'TOKO61', 453, '2016-01-30', 'D902.06', 379000, 'Personal Khusus', '2016-11-18 05:21:07', 'admin'),
('N158216-2', 'TOKO61', 454, '2016-01-30', 'D902.06', 21500, 'Personal Khusus', '2016-11-18 05:21:45', 'admin'),
('N158216-3', 'TOKO56', 455, '2016-01-30', 'D902.06', 14000, 'Personal Khusus', '2016-11-18 05:22:13', 'admin'),
('N160216-1', 'TOKO56', 494, '2016-01-31', 'D902.06', 525555, 'Astuti W', '2016-11-21 02:13:47', 'admin'),
('N161216-1', 'TOKO56', 449, '2016-02-05', 'D903.05', 150000, 'Personal Khusus', '2016-11-18 05:13:07', 'admin'),
('N162216-1', 'TOKO56', 448, '2016-02-04', 'D902.08', 72000, 'Danang', '2016-11-18 05:11:42', 'admin'),
('N163216-1', 'TOKO56', 447, '2016-02-04', 'D904.08', 40000, 'Agus Pramono', '2016-11-18 05:09:54', 'admin'),
('N164216-1', 'TOKO56', 446, '2016-02-04', 'D906.04', 30000, 'Agus Pramono', '2016-11-18 05:07:53', 'admin'),
('N165216-1', 'TOKO56', 445, '2016-02-04', 'D906.04', 50000, 'Suryadi', '2016-11-18 05:05:49', 'admin'),
('N166216-1', 'TOKO56', 438, '2016-02-04', 'D905.04', 40000, 'Suryadi', '2016-11-16 06:18:18', 'admin'),
('N167216-1', 'TOKO58', 439, '2016-02-04', 'D903.04', 62000, 'Suryadi', '2016-11-18 04:47:53', 'admin'),
('N168216-1', 'TOKO56', 441, '2016-02-04', 'D901.03', 10000, 'Sugito', '2016-11-18 04:49:24', 'admin'),
('N169216-1', 'TOKO17', 440, '2016-02-04', 'D902.06', 90000, 'Sugito', '2016-11-16 06:16:19', 'admin'),
('N170216-1', 'TOKO14', 436, '2016-02-04', 'D902.06', 61400, 'Sugito', '2016-11-16 06:14:48', 'admin'),
('N171216-1', 'TOKO56', 435, '2016-02-04', 'D903.04', 320000, 'Suryadi', '2016-11-16 06:12:44', 'admin'),
('N172216-1', 'TOKO31', 434, '2016-02-03', 'D901.05', 18300, 'Suryadi', '2016-11-16 06:10:20', 'admin'),
('N173216-1', 'TOKO59', 442, '2016-02-03', 'D902.06', 26000, 'Suryadi', '2016-11-18 05:00:20', 'admin'),
('N174216-1', 'TOKO56', 443, '2016-02-02', 'D903.10', 85000, 'Suryadi', '2016-11-18 05:02:37', 'admin'),
('N174216-2', 'TOKO6', 444, '2016-02-02', 'D903.10', 88500, 'Suryadi', '2016-11-18 05:03:21', 'admin'),
('N175216-1', 'TOKO28', 433, '2016-02-02', 'D902.05', 25000, 'Danang', '2016-11-16 06:08:15', 'admin'),
('N175216-1', 'TOKO56', 456, '2016-01-30', 'D904.08', 100000, 'Personal Khusus', '2016-11-18 05:24:04', 'admin'),
('N176216-1', 'TOKO8', 432, '2016-02-02', 'D901.01', 248000, 'Danang', '2016-11-16 06:05:31', 'admin'),
('N177216-1', 'TOKO57', 431, '2016-02-01', 'D903.10', 225000, 'Suryadi', '2016-11-16 06:03:01', 'admin'),
('N178216-1', 'TOKO14', 430, '2016-02-01', 'D903.10', 33750, 'Suryadi', '2016-11-16 06:00:20', 'admin'),
('N179216-1', 'TOKO28', 428, '2016-02-01', 'D902.05', 20000, 'Suryadi', '2016-11-16 05:56:22', 'admin'),
('N179216-2', 'TOKO28', 429, '2016-02-02', 'D902.05', 29821, 'Suryadi', '2016-11-16 05:57:44', 'admin'),
('N180216-1', 'TOKO56', 498, '2016-02-02', 'D906.08', 30000, 'Sasaktohadi', '2016-11-21 02:28:11', 'admin'),
('N181216-1', 'TOKO56', 427, '2016-02-02', 'D902.08', 50000, 'Sugito', '2016-11-16 05:43:50', 'admin'),
('N182216-1', 'TOKO56', 426, '2016-02-02', 'D906.08', 100000, 'Pak Supri', '2016-11-16 05:41:52', 'admin'),
('N184216-1', 'TOKO56', 422, '2016-02-06', 'D903.04', 200000, 'Sugito', '2016-11-16 05:35:04', 'admin'),
('N185216-1', 'TOKO57', 421, '2016-02-06', 'D903.04', 500000, 'Personal Khusus', '2016-11-16 05:32:57', 'admin'),
('N186216-1', 'TOKO56', 420, '2016-02-06', 'D904.08', 100000, 'Pdt.Kristi', '2016-11-16 05:28:10', 'admin'),
('N187216-1', 'TOKO56', 419, '2016-02-06', 'D904.08', 100000, 'Seno Adhi', '2016-11-16 05:26:00', 'admin'),
('N188216-1', 'TOKO56', 418, '2016-02-06', 'D904.08', 100000, 'Personal Khusus', '2016-11-16 05:24:05', 'admin'),
('N189216-1', 'TOKO56', 417, '2016-02-06', 'D904.08', 100000, 'Dorkas Natalina', '2016-11-16 05:22:06', 'admin'),
('N190216-1', 'TOKO56', 416, '2016-02-06', 'D904.08', 100000, 'Personal Khusus', '2016-11-16 05:19:27', 'admin'),
('N191216-1', 'TOKO56', 415, '2016-02-06', 'D904.08', 100000, 'Christian Muryati', '2016-11-16 05:17:49', 'admin'),
('N192216', 'TOKO56', 414, '2016-02-06', 'D904.08', 100000, 'Personal Khusus', '2016-11-16 05:15:49', 'admin'),
('N193216-1', 'TOKO56', 413, '2016-02-06', 'D904.03', 400000, 'personal khusus', '2016-11-16 05:13:22', 'admin'),
('N194216-1', 'TOKO56', 412, '2016-02-06', 'D904.08', 100000, '-', '2016-11-16 05:10:45', 'admin'),
('N195216-1', 'TOKO64', 499, '2016-02-09', 'D903.04', 2400000, 'Turwanto', '2016-11-21 02:30:01', 'admin'),
('N196216-1', 'TOKO56', 496, '2016-02-10', 'D905.05', 2270000, 'Yanti', '2016-11-21 02:21:17', 'admin'),
('N197216-1', 'TOKO56', 581, '2016-02-29', 'D401.14', 1500, '-', '2016-11-21 05:22:04', 'admin'),
('N224216-1', 'TOKO56', 503, '2016-02-16', 'D808.03', 1678000, 'Rudjito', '2016-11-21 02:46:50', 'admin'),
('N262216-1', 'TOKO70', 688, '2016-02-18', 'D903.10', 200000, '-', '2016-11-22 06:30:58', 'admin'),
('N263216-1', 'TOKO28', 685, '2016-02-18', 'D902.05', 150000, '-', '2016-11-22 06:27:01', 'admin'),
('N263216-2', 'TOKO28', 686, '2016-02-18', 'D902.05', 150000, '-', '2016-11-22 06:27:28', 'admin'),
('N263216-3', 'TOKO41', 687, '2016-02-18', 'D906.04', 35000, '-', '2016-11-22 06:28:07', 'admin'),
('N264216-1', 'TOKO56', 682, '2016-02-19', 'D904.08', 500000, '-', '2016-11-22 06:16:00', 'admin'),
('N265216-1', 'TOKO56', 678, '2016-02-24', 'D903.10', 136700, '-', '2016-11-22 06:05:09', 'admin'),
('N266216-1', 'TOKO56', 676, '2016-02-24', 'D802.02', 10825000, '-', '2016-11-22 06:00:07', 'admin'),
('N267216-1', 'TOKO56', 674, '2016-02-24', 'D902.06', 4500, '-', '2016-11-22 05:53:19', 'admin'),
('N268216-1', 'TOKO56', 673, '2016-02-24', 'D904.08', 400000, '-', '2016-11-22 05:51:09', 'admin'),
('N269216-1', 'TOKO56', 672, '2016-02-24', 'D902.08', 50000, '-', '2016-11-22 05:47:47', 'admin'),
('N270216-1', 'TOKO56', 671, '2016-02-24', 'D902.08', 50000, '-', '2016-11-22 05:45:18', 'admin'),
('N271216-1', 'TOKO56', 670, '2016-02-24', 'D906.08', 30000, '-', '2016-11-22 05:44:03', 'admin'),
('N272216-1', 'TOKO56', 669, '2016-02-24', 'D906.08', 30000, '-', '2016-11-22 05:41:53', 'admin'),
('N273216-1', 'TOKO56', 668, '2016-02-24', 'D901.03', 10000, '-', '2016-11-22 05:41:01', 'admin'),
('N274216-1', 'TOKO25', 667, '2016-02-24', 'D901.02', 70000, '-', '2016-11-22 05:39:18', 'admin'),
('N275216-1', 'TOKO56', 665, '2016-02-24', 'D902.06', 50000, '-', '2016-11-22 05:37:04', 'admin'),
('N275216-2', 'TOKO56', 666, '2016-02-24', 'D902.06', 60000, '-', '2016-11-22 05:37:39', 'admin'),
('N276216-1', 'TOKO56', 664, '2016-02-24', 'D901.02', 336000, '-', '2016-11-22 05:35:40', 'admin'),
('N277216-1', 'TOKO56', 663, '2016-02-24', 'D903.10', 105000, '-', '2016-11-22 05:33:54', 'admin'),
('N278216-1', 'TOKO36', 661, '2016-02-24', 'D901.08', 98000, '-', '2016-11-22 05:31:30', 'admin'),
('N278216-2', 'TOKO36', 662, '2016-02-24', 'D901.08', 98000, '-', '2016-11-22 05:31:54', 'admin'),
('N279216-1', 'TOKO56', 660, '2016-02-24', 'D903.05', 100000, '-', '2016-11-22 05:26:04', 'admin'),
('N280216-1', 'TOKO13', 659, '2016-02-24', 'D906.04', 47000, '-', '2016-11-22 05:23:49', 'admin'),
('N281216-1', 'TOKO56', 658, '2016-02-18', 'D903.10', 59900, '-', '2016-11-22 05:16:31', 'admin'),
('N282216-1', 'TOKO69', 657, '2016-02-24', 'D901.05', 56800, '-', '2016-11-22 05:14:18', 'admin'),
('N2830216-1', 'TOKO56', 637, '2016-02-26', 'D808.04', 1000000, '-', '2016-11-22 04:32:39', 'admin'),
('N284216-1', 'TOKO56', 625, '2016-02-27', 'D809.09', 1000000, '-', '2016-11-22 04:00:57', 'admin'),
('N285216-1', 'TOKO56', 587, '2016-02-27', 'D906.08', 100000, '-', '2016-11-21 05:42:52', 'admin'),
('N287216-1', 'TOKO56', 578, '2016-02-29', 'D905.09', 1940300, '-', '2016-11-21 05:16:04', 'admin'),
('N287216-2', 'TOKO56', 579, '2016-02-29', 'K101.14', 220000, '-', '2016-11-21 05:17:07', 'admin'),
('N288216-1', 'TOKO56', 577, '2016-02-29', 'D905.12', 3000000, '-', '2016-11-21 05:04:03', 'admin'),
('N288216-1', 'TOKO67', 631, '2016-02-29', 'D903.04', 105000, '-', '2016-11-21 04:31:22', 'admin'),
('N288216-2', 'TOKO56', 632, '2016-02-29', 'D903.04', 142500, '-', '2016-11-21 04:32:49', 'admin'),
('N288216-3', 'TOKO56', 633, '2016-02-29', 'D903.04', 43000, '-', '2016-11-21 04:33:20', 'admin'),
('N288216-4', 'TOKO56', 634, '2016-02-29', 'D903.04', 86500, '-', '2016-11-21 04:33:47', 'admin'),
('N288216-5', 'TOKO56', 635, '2016-02-29', 'D903.04', 35500, '-', '2016-11-21 04:35:18', 'admin'),
('N288216-6', 'TOKO56', 636, '2016-02-29', 'D903.04', 84000, '-', '2016-11-21 04:35:50', 'admin'),
('N289216-1', 'TOKO27', 569, '2016-02-29', 'D902.01', 66350, '-', '2016-11-21 04:56:45', 'admin'),
('N289216-2', 'TOKO27', 570, '2016-02-29', 'D902.01', 23128, '-', '2016-11-21 04:57:19', 'admin'),
('N289216-3', 'TOKO27', 571, '2016-02-29', 'D902.01', 702819, '-', '2016-11-21 04:58:03', 'admin'),
('N289216-4', 'TOKO27', 572, '2016-02-29', 'D902.01', 377200, '-', '2016-11-21 04:58:58', 'admin'),
('N289216-5', 'TOKO27', 573, '2016-02-29', 'D902.01', 358018, '-', '2016-11-21 04:59:26', 'admin'),
('N289216-6', 'TOKO27', 574, '2016-02-29', 'D902.01', 129967, '-', '2016-11-21 04:59:49', 'admin'),
('N289216-7', 'TOKO27', 575, '2016-02-29', 'D902.01', 25207, '-', '2016-11-21 05:00:21', 'admin'),
('N289216-8', 'TOKO27', 576, '2016-02-29', 'D902.01', 1439500, '-', '2016-11-21 05:01:24', 'admin'),
('N290216-1', 'TOKO27', 567, '2016-02-29', 'D902.02', 132022, '-', '2016-11-21 04:53:14', 'admin'),
('N290216-2', 'TOKO27', 568, '2016-02-29', 'D902.02', 695064, '-', '2016-11-21 04:53:51', 'admin'),
('N291216-1', 'TOKO56', 559, '2016-02-29', 'D903.04', 1680000, '-', '2016-11-21 04:44:05', 'admin'),
('N291216-2', 'TOKO56', 560, '2016-02-29', 'D903.04', 450000, '-', '2016-11-21 04:44:44', 'admin'),
('N291216-3', 'TOKO56', 561, '2016-02-29', 'D903.04', 555000, '-', '2016-11-21 04:45:13', 'admin'),
('N291216-4', 'TOKO56', 562, '2016-02-29', 'D903.04', 90000, '-', '2016-11-21 04:45:39', 'admin'),
('N291216-5', 'TOKO56', 563, '2016-02-29', 'D903.04', 60000, '-', '2016-11-21 04:46:06', 'admin'),
('N291216-6', 'TOKO56', 564, '2016-02-29', 'D903.04', 60000, '-', '2016-11-21 04:46:42', 'admin'),
('N291216-7', 'TOKO56', 565, '2016-02-29', 'D903.04', 225000, '-', '2016-11-21 04:47:07', 'admin'),
('N291216-8', 'TOKO56', 566, '2016-02-29', 'D903.04', 90000, '-', '2016-11-21 04:48:29', 'admin'),
('N292216-1', 'TOKO68', 558, '2016-02-29', 'D903.04', 680000, '-', '2016-11-21 04:40:19', 'admin'),
('N294216-1', 'TOKO27', 547, '2016-02-29', 'D401.05', 360940, '-', '2016-11-21 04:19:34', 'admin'),
('N294216-2', 'TOKO27', 548, '2016-02-29', 'D401.05', 422695, '-', '2016-11-21 04:20:16', 'admin'),
('N294216-3', 'TOKO26', 549, '2016-02-28', 'D401.05', 57360, '-', '2016-11-21 04:22:03', 'admin'),
('N294216-4', 'TOKO26', 550, '2016-02-29', 'D401.05', 505432, '-', '2016-11-21 04:25:19', 'admin'),
('N294216-5', 'TOKO27', 551, '2016-02-29', 'D401.05', 80784, '-', '2016-11-21 04:24:12', 'admin'),
('N295216', 'TOKO27', 541, '2016-02-29', 'D401.06', 59700, '-', '2016-11-21 04:07:16', 'admin'),
('N295216-1', 'TOKO26', 542, '2016-02-29', 'D401.06', 44874, '-', '2016-11-21 04:08:24', 'admin'),
('N295216-2', 'TOKO26', 543, '2016-02-29', 'D401.06', 36270, '-', '2016-11-21 04:11:08', 'admin'),
('N295216-3', 'TOKO27', 544, '2016-02-29', 'D401.06', 45660, '-', '2016-11-21 04:11:40', 'admin'),
('N295216-4', 'TOKO27', 545, '2016-02-29', 'D401.06', 49745, '-', '2016-11-21 04:15:31', 'admin'),
('N295216-5', 'TOKO26', 546, '2016-02-29', 'D401.06', 47562, '-', '2016-11-21 04:12:51', 'admin'),
('N296216-1', 'TOKO56', 540, '2016-02-18', 'D904.08', 350000, '-', '2016-11-21 04:00:18', 'admin'),
('N297216-1', 'TOKO56', 536, '2016-02-29', 'D904.08', 250000, '-', '2016-11-21 03:49:25', 'admin'),
('N298216-1', 'TOKO65', 532, '2016-02-29', 'D906.04', 800000, 'Desy', '2016-11-21 03:42:37', 'admin'),
('N298216-2', 'TOKO56', 533, '2016-02-29', 'D906.04', 20000, 'Desy', '2016-11-21 03:43:19', 'admin'),
('N298216-3', 'TOKO56', 534, '2016-02-29', 'D906.04', 785000, 'Desy', '2016-11-21 03:44:06', 'admin'),
('N299216-1', 'TOKO56', 535, '2016-02-29', 'D401.10', 105000, 'Desy', '2016-11-21 03:46:31', 'admin'),
('N406316-1', 'TOKO56', 588, '2016-03-28', 'D905.09', 1940300, 'Astuti W', '2016-11-22 01:51:08', 'admin'),
('N406316-2', 'TOKO56', 589, '2016-03-28', 'K101.05', 220000, 'Astuti W', '2016-11-22 01:53:12', 'admin'),
('N42116-1', 'TOKO56', 157, '2016-01-11', 'D401.14', 264750, 'JOHNY N', '2016-10-10 02:43:33', 'admin'),
('N43116-1', 'TOKO56', 155, '2016-01-12', 'D903.10', 720000, 'TINI P', '2016-10-10 02:38:59', 'admin'),
('N44116-1', 'TOKO56', 151, '2016-01-09', 'D906.04', 50000, 'S.Tumijan', '2016-10-10 02:31:39', 'admin'),
('N44116-2', 'TOKO33', 152, '2016-01-11', 'D906.04', 35000, '-', '2016-10-10 02:33:50', 'admin'),
('N44116-3', 'TOKO56', 153, '2016-01-09', 'D906.04', 10000, '-', '2016-10-10 02:34:35', 'admin'),
('N44116-4', 'TOKO34', 154, '2016-01-09', 'D906.04', 145350, '-', '2016-10-10 02:35:28', 'admin'),
('N45116-1', 'TOKO14', 150, '2016-01-11', 'D902.06', 140000, 'SURYADI', '2016-10-10 02:26:50', 'admin'),
('N46116-1', 'TOKO12', 149, '2016-01-12', 'D901.08', 65500, '-', '2016-10-10 02:23:26', 'admin'),
('N47116-1', 'TOKO32', 147, '2016-01-12', 'D903.04', 140000, 'Antonov', '2016-10-10 02:15:21', 'admin'),
('N48116-1', 'TOKO8', 146, '2016-01-11', 'D901.01', 354800, 'Suryati', '2016-10-10 02:12:34', 'admin'),
('N49116-1', 'TOKO31', 145, '2016-01-14', 'D901.05', 38000, 'Danang', '2016-10-10 02:10:39', 'admin'),
('N50116-1', 'TOKO30', 144, '2016-01-14', 'D903.10', 175000, 'Suryadi', '2016-10-10 02:08:11', 'admin'),
('N51116-1', 'TOKO56', 143, '2016-01-14', 'D902.06', 20000, 'Sugito', '2016-10-10 02:05:15', 'admin'),
('N52116', 'TOKO56', 142, '2016-01-14', 'D902.08', 50000, 'Sugito', '2016-10-10 02:03:21', 'admin'),
('N53116-1', 'TOKO56', 141, '2016-01-14', 'D903.10', 37900, 'Sugito', '2016-10-10 02:01:23', 'admin'),
('N54116-1', 'TOKO8', 140, '2016-01-12', 'D901.01', 123900, 'Suryati', '2016-10-10 01:59:38', 'admin'),
('N55116-1', 'TOKO56', 136, '2016-01-13', 'D902.06', 175000, 'Suryati', '2016-10-10 01:52:21', 'admin'),
('N55116-2', 'TOKO6', 137, '2016-01-13', 'D902.06', 20000, 'Suryati', '2016-10-10 01:53:46', 'admin'),
('N55116-3', 'TOKO29', 138, '2016-01-13', 'D902.06', 40000, 'Suryati', '2016-10-10 01:55:57', 'admin'),
('N55116-4', 'TOKO56', 139, '2016-01-13', 'D902.06', 25000, 'Suryati', '2016-10-10 01:56:33', 'admin'),
('N56116-1', 'TOKO27', 133, '2016-01-12', 'D901.03', 13330, 'Yanti', '2016-10-10 01:48:14', 'admin'),
('N56116-2', 'TOKO27', 134, '2016-01-12', 'D901.03', 13330, 'Yanti', '2016-10-10 01:46:03', 'admin'),
('N56116-3', 'TOKO27', 135, '2016-01-12', 'D901.03', 14830, 'Yanti', '2016-10-10 01:46:46', 'admin'),
('N57116-1', 'TOKO56', 148, '2016-01-14', 'D902.06', 200000, 'Antonov', '2016-10-10 02:18:44', 'admin'),
('N58116', 'TOKO56', 131, '2016-01-18', 'D904.08', 300000, 'S Tumijan', '2016-10-10 01:35:54', 'admin'),
('N59116-1', 'TOKO25', 111, '2016-01-13', 'D901.02', 342000, 'desy', '2016-10-03 03:24:23', 'admin'),
('N60116-1', 'TOKO56', 114, '2016-01-14', 'D902.06', 200000, 'Dwi Yatmoko', '2016-10-03 03:36:06', 'admin'),
('N61116-1', 'TOKO14', 112, '2016-01-14', 'D902.06', 113700, '-', '2016-10-03 03:33:16', 'admin'),
('N61116-2', 'TOKO17', 113, '2016-01-14', 'D902.06', 90000, '-', '2016-10-03 03:34:13', 'admin'),
('N62116-1', 'TOKO26', 110, '2016-01-14', 'D902.06', 200000, 'Suryadi', '2016-10-03 03:27:58', 'admin'),
('N63116-1', 'TOKO56', 108, '2016-01-18', 'D904.03', 400000, 'y.sutopo', '2016-10-03 03:18:51', 'admin'),
('N64116-1', 'TOKO18', 107, '2016-01-18', 'D903.10', 188000, 'maryadi', '2016-10-03 03:16:39', 'admin'),
('N65116-1', 'TOKO24', 106, '2016-01-18', 'D901.08', 98000, 'risni', '2016-10-03 03:14:25', 'admin'),
('N66116-1', 'TOKO56', 105, '2016-01-18', 'D903.10', 37900, 'suryadi', '2016-10-03 03:11:06', 'admin'),
('N67116-1', 'TOKO56', 104, '2016-01-18', 'D902.08', 50000, 'sugito', '2016-10-03 03:09:27', 'admin'),
('N68116-1', 'TOKO56', 103, '2016-01-17', 'D906.08', 30000, 'sasaktohadi', '2016-10-03 03:08:01', 'admin'),
('N69116', 'TOKO56', 102, '2016-01-17', 'D906.08', 30000, 'sasaktohadi', '2016-10-03 03:05:42', 'admin'),
('N70116-1', 'TOKO22', 101, '2016-01-17', 'D902.02', 102000, 'yanti', '2016-10-03 03:03:14', 'admin'),
('N71116-1', 'TOKO21', 100, '2016-01-17', 'D903.10', 93980, 'suryati', '2016-10-03 03:00:04', 'admin'),
('N72116-1', 'TOKO56', 98, '2016-01-18', 'D902.06', 497800, 'yanti', '2016-10-03 02:50:24', 'admin'),
('N73116-1', 'TOKO8', 97, '2016-01-18', 'D903.04', 145000, 'Yanti', '2016-10-03 02:46:12', 'admin'),
('N74116-1', 'TOKO56', 96, '2016-01-19', 'D401.01', 262000, '-', '2016-10-03 02:43:48', 'admin'),
('N75116-1', 'TOKO8', 95, '2016-01-19', 'D901.01', 1613200, 'Yanti', '2016-10-03 02:40:38', 'admin'),
('N760116-1', 'TOKO42', 216, '2016-01-19', 'D901.06', 2000000, 'Dessy', '2016-10-13 05:22:43', 'admin'),
('N79116-1', 'TOKO56', 192, '2016-01-22', 'D902.08', 754500, '-', '2016-10-10 04:40:10', 'admin'),
('N83116-1', 'TOKO56', 190, '2016-01-22', 'D903.10', 126500, 'SURYADI', '2016-10-10 04:31:55', 'admin'),
('N84116-1', 'TOKO28', 189, '2016-01-25', 'D902.05', 20000, 'SURYADI', '2016-10-10 04:31:28', 'admin'),
('N85116-1', 'TOKO16', 188, '2016-01-23', 'D903.10', 115500, 'SURYADI', '2016-10-10 04:28:45', 'admin'),
('N86116-1', 'TOKO56', 185, '2016-01-22', 'D904.03', 200000, 'Y.SUTOPO', '2016-10-10 04:18:28', 'admin'),
('N87116-1', 'TOKO56', 184, '2016-01-26', 'D904.08', 50000, 'S. Tumiyo', '2016-10-10 04:15:44', 'admin'),
('N88116-1', 'TOKO56', 183, '2016-01-26', 'D904.08', 40000, 'Agus P.', '2016-10-10 04:14:23', 'admin'),
('N89116-1', 'TOKO41', 182, '2016-01-21', 'D906.04', 30000, 'Agus P.', '2016-10-10 04:12:53', 'admin'),
('N91116-1', 'TOKO56', 181, '2016-01-19', 'D903.07', 150000, 'Petrus', '2016-10-10 04:08:36', 'admin'),
('N92116-1', 'TOKO40', 180, '2016-01-21', 'D902.06', 82000, 'Sugito', '2016-10-10 04:06:17', 'admin'),
('N93116-1', 'TOKO56', 179, '2016-01-26', 'D904.08', 150000, 'Christian Muryati', '2016-10-10 04:03:23', 'admin'),
('N94116-1', 'TOKO56', 178, '2016-01-26', 'D904.08', 100000, 'Bambang H', '2016-10-10 04:00:56', 'admin'),
('N95116-1', 'TOKO56', 177, '2016-01-26', 'D904.02', 200000, 'Dessy', '2016-10-10 03:59:12', 'admin'),
('N96116-1', 'TOKO39', 176, '2016-01-19', 'D902.06', 229500, 'Suryadi', '2016-10-10 03:57:51', 'admin'),
('N97116-1', 'TOKO6', 175, '2016-01-19', 'D902.05', 100000, 'Suryadi', '2016-10-10 03:54:08', 'admin'),
('N98116-1', 'TOKO56', 173, '2016-01-26', 'D906.08', 30000, 'Sasaktohadi', '2016-10-10 03:50:16', 'admin'),
('NOTA 35', 'TOKO1', 63, '2016-01-07', 'D807.3', 1000000, 'Astuti W', '2016-09-14 04:13:32', 'admin'),
('NOTA 36', 'TOKO56', 62, '2016-01-07', 'D906.05', 625000, 'Rizal', '2016-09-14 04:30:53', 'admin'),
('NOTA 37', 'TOKO56', 64, '2016-01-05', 'D906.07', 535000, 'Ekoadi P', '2016-09-14 04:36:03', 'admin'),
('NOTA10', 'TOKO7', 33, '2016-01-08', 'D906.04', 30000, '-', '2016-09-07 04:32:21', 'admin'),
('NOTA12', 'TOKO56', 34, '2016-01-09', 'D904.08', 40000, '-', '2016-09-07 04:35:04', 'admin'),
('NOTA13', 'TOKO56', 35, '2016-01-09', 'D904.03', 200000, '-', '2016-09-07 04:38:25', 'admin'),
('NOTA14', 'TOKO8', 36, '2016-01-07', 'D901.01', 201900, '-', '2016-09-07 04:42:20', 'admin'),
('NOTA15', 'TOKO9', 37, '2016-01-07', 'D901.02', 90000, '-', '2016-09-07 04:48:28', 'admin'),
('NOTA16', 'TOKO56', 38, '2016-01-09', 'D904.08', 100000, '-', '2016-09-07 04:53:16', 'admin'),
('NOTA17', 'TOKO56', 40, '2015-12-04', 'D904.01', 481000, '-', '2016-09-07 05:00:50', 'admin'),
('NOTA18', 'TOKO56', 41, '2015-12-23', 'K101.03', 1500000, '-', '2016-09-07 05:11:36', 'admin'),
('NOTA19', 'TOKO10', 46, '2016-01-07', 'D906.04', 8400, '-', '2016-09-07 05:51:10', 'admin'),
('NOTA2', 'TOKO2', 27, '2016-01-07', 'D906.01', 625000, '-', '2016-09-02 04:39:07', 'admin'),
('NOTA20', 'TOKO11', 47, '2016-01-07', 'D902.06', 4000, '-', '2016-09-07 05:55:02', 'admin'),
('NOTA21', 'TOKO12', 48, '2016-01-07', 'D401.99', 77500, '-', '2016-09-09 04:30:03', 'admin'),
('NOTA22', 'TOKO13', 49, '2016-01-07', 'D906.04', 144500, 'Pdt Kristi', '2016-09-09 04:34:02', 'admin'),
('NOTA23', 'TOKO14', 50, '2016-01-07', 'D903.10', 50000, 'sugito', '2016-09-09 04:39:21', 'admin'),
('NOTA24', 'TOKO15', 51, '2016-01-07', 'D902.08', 78500, 'danang', '2016-09-09 04:43:11', 'admin'),
('NOTA25', 'TOKO56', 52, '2016-01-07', 'D902.06', 16000, 'danang', '2016-09-09 04:43:50', 'admin'),
('NOTA26', 'TOKO16', 53, '2016-01-07', 'D903.10', 82500, 'sugito', '2016-09-09 04:50:55', 'admin'),
('NOTA27', 'TOKO7', 54, '2016-01-07', 'D906.04', 30000, '-', '2016-09-09 04:53:10', 'admin'),
('NOTA28', 'TOKO56', 55, '2016-01-07', 'D902.06', 90000, '-', '2016-09-09 04:55:02', 'admin'),
('NOTA29', 'TOKO56', 56, '2016-01-07', 'D902.06', 47500, '-', '2016-09-09 05:00:07', 'admin'),
('NOTA30', 'TOKO56', 57, '2016-01-07', 'D906.08', 30000, 'sasaktohadi', '2016-09-09 05:05:17', 'admin'),
('NOTA31', 'TOKO56', 58, '2016-01-07', 'D906.08', 100000, 'sasaktohadi', '2016-09-09 05:16:24', 'admin'),
('NOTA32', 'TOKO56', 59, '2016-01-01', 'D904.08', 50000, '-', '2016-09-09 05:20:49', 'admin'),
('NOTA33', 'TOKO14', 60, '2016-01-05', 'D902.06', 88500, 'sugito', '2016-09-09 05:25:32', 'admin'),
('NOTA34', 'TOKO17', 61, '2016-01-05', 'D902.06', 90000, 'sugito', '2016-09-09 05:26:09', 'admin'),
('NOTA35', 'TOKO56', 66, '2016-01-07', 'D401.14', 550000, 'Setyawan', '2016-09-21 04:22:31', 'admin'),
('NOTA36', 'TOKO56', 67, '2016-01-07', 'D401.01', 50000, 'setyawan', '2016-09-21 04:25:53', 'admin'),
('NOTA37', 'TOKO18', 68, '2016-01-07', 'D903.10', 140000, 'suryati', '2016-09-21 04:28:25', 'admin'),
('NOTA38', 'TOKO56', 69, '2016-01-04', 'D903.08', 150000, 'sudarmo', '2016-09-21 04:31:36', 'admin'),
('NOTA39', 'TOKO6', 70, '2016-01-02', 'D902.05', 100000, 'agus permana', '2016-09-21 04:36:21', 'admin'),
('NOTA40', 'TOKO56', 71, '2015-12-31', 'D906.04', 40000, 'srumijan', '2016-09-21 04:44:36', 'admin'),
('NOTA41', 'TOKO6', 72, '2016-01-05', 'D902.05', 20000, 'danang', '2016-09-21 04:46:26', 'admin'),
('NOTA42', 'TOKO20', 73, '2016-01-05', 'D902.06', 95500, 'danang', '2016-09-21 04:49:36', 'admin'),
('NOTA43', 'TOKO56', 74, '2015-12-30', 'D901.03', 10000, 'sugito', '2016-09-21 04:51:43', 'admin'),
('NOTA44', 'TOKO56', 75, '2016-01-07', 'D903.08', 50000, 'sugito', '2016-09-21 04:57:40', 'admin'),
('NOTA5', 'TOKO3', 28, '2016-01-09', 'D902.08', 59000, '-', '2016-09-07 04:11:05', 'admin'),
('NOTA6', 'TOKO4', 29, '2016-01-09', 'D906.07', 743000, '-', '2016-09-07 04:18:36', 'admin'),
('NOTA7', 'TOKO4', 30, '2016-01-08', 'D902.06', 339000, '-', '2016-09-07 04:23:29', 'admin'),
('NOTA8', 'TOKO5', 31, '2016-01-08', 'D902.06', 32500, '-', '2016-09-07 04:26:01', 'admin'),
('NOTA9', 'TOKO6', 32, '2016-01-08', 'D902.05', 100000, '-', '2016-09-07 04:29:43', 'admin');

-- --------------------------------------------------------

--
-- Table structure for table `tbl_penanggungjawab`
--

CREATE TABLE IF NOT EXISTS `tbl_penanggungjawab` (
  `kode_penanggungjawab` char(8) NOT NULL,
  `nama_penanggungjawab` varchar(30) NOT NULL,
  `jabatan` varchar(20) NOT NULL,
  `alamat_penanggungjawab` varchar(90) NOT NULL,
  `no_telepon_penanggungjawab` varchar(15) NOT NULL
) ENGINE=InnoDB DEFAULT CHARSET=latin1;

--
-- Dumping data for table `tbl_penanggungjawab`
--

INSERT INTO `tbl_penanggungjawab` (`kode_penanggungjawab`, `nama_penanggungjawab`, `jabatan`, `alamat_penanggungjawab`, `no_telepon_penanggungjawab`) VALUES
('99', 'Personal Khusus', 'Pelaksana', '-', '0'),
('ADM 1', 'DESSY NATALIA', 'KEPALA KANTOR', 'PURBONEGARAN', '089671448774'),
('ADM 2', 'ASTUTI WIDAYATI', 'ADMINISTRASI', 'KLITREN LOR', '0274513573'),
('B101', 'ANTONOV HENDRATMOKO', 'KETUA KOMISI KAS', 'Komp Balapan', '081804212990'),
('B102', 'RUDJITO', 'KETUA KOMISI AKUTANS', 'Mino Martani', '085729255799'),
('B103', 'TRI HANTORO', 'KETUA BID. KEHARTAAN', 'Yogyakarta', '081328896443'),
('B104', 'Fransiska Herlina Sri Hargiyan', 'Anggota Komisi Akunt', 'mancasan pandowoharjo sleman\r\n', '08175457464'),
('B105', 'Siwi Pujianti. W.', 'Anggota komisi', '-', '0'),
('BANK', 'BANK', 'BANK', '-', '0');

-- --------------------------------------------------------

--
-- Table structure for table `tbl_penerimaan_individual`
--

CREATE TABLE IF NOT EXISTS `tbl_penerimaan_individual` (
  `no_kwitansi` char(12) NOT NULL,
  `kode_transaksi` int(6) DEFAULT NULL,
  `tanggal_penerimaan` date NOT NULL,
  `kode_jenis_akun` char(7) NOT NULL,
  `pemberi` char(8) NOT NULL,
  `jumlah` int(15) NOT NULL,
  `penerima` char(8) NOT NULL,
  `bulan` varchar(15) DEFAULT NULL,
  `tahun` year(4) DEFAULT NULL,
  `waktu_input` timestamp NOT NULL DEFAULT CURRENT_TIMESTAMP,
  `kode_admin` char(8) NOT NULL
) ENGINE=InnoDB DEFAULT CHARSET=latin1;

--
-- Dumping data for table `tbl_penerimaan_individual`
--

INSERT INTO `tbl_penerimaan_individual` (`no_kwitansi`, `kode_transaksi`, `tanggal_penerimaan`, `kode_jenis_akun`, `pemberi`, `jumlah`, `penerima`, `bulan`, `tahun`, `waktu_input`, `kode_admin`) VALUES
('M01/I/16', 3, '2016-01-01', 'K901.04', 'NN-I', 420000, 'ADM 2', NULL, NULL, '2016-05-16 03:52:43', 'Bumega'),
('PB030116-01', 115, '2016-01-03', 'K901.01', '82-WB', 1200000, 'B101', NULL, NULL, '2016-09-30 06:02:51', 'admin'),
('PB030116-02', 115, '2016-01-03', 'K901.01', '83-WB', 1200000, 'B101', NULL, NULL, '2016-09-30 06:03:41', 'admin'),
('PB030116-03', 115, '2016-01-03', 'K901.01', '78-X', 20000, 'B101', NULL, NULL, '2016-09-30 06:04:21', 'admin'),
('PB030116-04', 115, '2016-01-03', 'K901.01', '92-TB', 50000, 'B101', NULL, NULL, '2016-09-30 06:04:50', 'admin'),
('PB030116-05', 115, '2016-01-03', 'K901.01', '95-VII', 50000, 'B101', NULL, NULL, '2016-09-30 06:05:22', 'admin'),
('PB030116-06', 115, '2016-01-03', 'K901.01', '38-VII', 30000, 'B101', NULL, NULL, '2016-09-30 06:05:42', 'admin'),
('PB030116-07', 115, '2016-01-03', 'K901.01', '45-IX', 210000, 'B101', NULL, NULL, '2016-09-30 06:06:04', 'admin'),
('PB030116-08', 115, '2016-01-03', 'K901.01', '102-IX', 1000000, 'B101', NULL, NULL, '2016-09-30 06:06:26', 'admin'),
('PB030116-09', 115, '2016-01-03', 'K901.01', '52-I', 20000, 'B101', NULL, NULL, '2016-09-30 06:06:49', 'admin'),
('PB030116-10', 115, '2016-01-03', 'K901.01', '71-XIV', 50000, 'B101', NULL, NULL, '2016-09-30 06:07:13', 'admin'),
('PB030116-11', 115, '2016-01-03', 'K901.01', '25-XI', 100000, 'B101', NULL, NULL, '2016-09-30 06:07:52', 'admin'),
('PB030116-12', 115, '2016-01-03', 'K901.01', '108-WB', 100000, 'B101', NULL, NULL, '2016-09-30 06:08:14', 'admin'),
('PB040116-1', 377, '2016-01-04', 'K901.01', '11-II', 10000, 'B101', NULL, NULL, '2016-10-26 06:01:07', 'admin'),
('PB040116-10', 377, '2016-01-04', 'K901.01', '9-XII', 15000, 'B101', NULL, NULL, '2016-10-26 06:08:16', 'admin'),
('PB040116-11', 377, '2016-01-04', 'K901.01', '111-XII', 5000, 'B101', NULL, NULL, '2016-10-26 06:08:42', 'admin'),
('PB040116-12', 377, '2016-01-04', 'K901.01', '3-TB', 100000, 'B101', NULL, NULL, '2016-10-26 06:09:23', 'admin'),
('PB040116-13', 377, '2016-01-04', 'K901.01', '66-TB', 50000, 'B101', NULL, NULL, '2016-10-26 06:09:57', 'admin'),
('PB040116-14', 377, '2016-01-04', 'K901.01', '67-TB', 10000, 'B101', NULL, NULL, '2016-10-26 06:10:16', 'admin'),
('PB040116-2', 377, '2016-01-04', 'K901.01', '39-II', 10000, 'B101', NULL, NULL, '2016-10-26 06:01:29', 'admin'),
('PB040116-3', 377, '2016-01-04', 'K901.01', '48-II', 10000, 'B101', NULL, NULL, '2016-10-26 06:02:03', 'admin'),
('PB040116-4', 377, '2016-01-04', 'K901.01', '80-II', 20000, 'B101', NULL, NULL, '2016-10-26 06:02:23', 'admin'),
('PB040116-5', 377, '2016-01-04', 'K901.01', '28-II', 100000, 'B101', NULL, NULL, '2016-10-26 06:03:58', 'admin'),
('PB040116-6', 377, '2016-01-04', 'K901.01', '60-V', 9000000, 'B101', NULL, NULL, '2016-10-26 06:04:35', 'admin'),
('PB040116-7', 377, '2016-01-04', 'K901.01', '42-III', 300000, 'B101', NULL, NULL, '2016-10-26 06:06:21', 'admin'),
('PB040116-8', 377, '2016-01-04', 'K901.01', '49-VI', 300000, 'B101', NULL, NULL, '2016-10-26 06:06:47', 'admin'),
('PB040116-9', 377, '2016-01-04', 'K901.01', '112-XII', 5000, 'B101', NULL, NULL, '2016-10-26 06:07:46', 'admin'),
('PB050116-1', 377, '2016-01-05', 'K901.01', '171-XII', 50000, 'B101', NULL, NULL, '2016-10-26 06:11:33', 'admin'),
('PB050116-2', 377, '2016-01-05', 'K901.01', '24-XI', 200000, 'B101', NULL, NULL, '2016-10-26 06:12:03', 'admin'),
('PB050116-3', 377, '2016-01-05', 'K901.01', '4-VI', 300000, 'B101', NULL, NULL, '2016-10-26 06:12:53', 'admin'),
('PB050116-4', 377, '2016-01-05', 'K901.01', '71-VII', 50000, 'B101', NULL, NULL, '2016-10-26 06:13:43', 'admin'),
('PB050116-5', 377, '2016-01-05', 'K901.01', '77-VII', 10000, 'B101', NULL, NULL, '2016-10-26 06:14:05', 'admin'),
('PB050116-6', 377, '2016-01-05', 'K901.01', '27-XII', 10000, 'B101', NULL, NULL, '2016-10-26 06:14:36', 'admin'),
('PB050116-7', 377, '2016-01-05', 'K901.01', '101-VII', 350000, 'B101', NULL, NULL, '2016-10-26 06:15:16', 'admin'),
('PB050116-8', 377, '2016-01-05', 'K901.01', '23-IX', 500000, 'B101', NULL, NULL, '2016-10-26 06:15:50', 'admin'),
('PB050116-9', 377, '2016-01-05', 'K901.01', '76-IX', 500000, 'B101', NULL, NULL, '2016-10-26 06:16:08', 'admin'),
('PB060116-1', 377, '2016-01-05', 'K901.01', '35-X', 50000, 'B101', NULL, NULL, '2016-10-26 06:16:48', 'admin'),
('PB060116-10', 377, '2016-01-06', 'K901.01', '41-X', 25000, 'B101', NULL, NULL, '2016-10-26 06:20:57', 'admin'),
('PB060116-11', 377, '2016-01-06', 'K901.01', '42-X', 25000, 'B101', NULL, NULL, '2016-10-26 06:21:19', 'admin'),
('PB060116-12', 377, '2016-01-06', 'K901.01', '9-X', 50000, 'B101', NULL, NULL, '2016-10-26 06:21:42', 'admin'),
('PB060116-13', 377, '2016-01-06', 'K901.01', '9-I', 50000, 'B101', NULL, NULL, '2016-10-26 06:22:04', 'admin'),
('PB060116-14', 377, '2016-01-06', 'K901.01', '72-XII', 30000, 'B101', NULL, NULL, '2016-10-26 06:22:30', 'admin'),
('PB060116-15', 377, '2016-01-06', 'K901.01', '62-XI', 150000, 'B101', NULL, NULL, '2016-10-26 06:22:51', 'admin'),
('PB060116-16', 377, '2016-01-06', 'K901.01', '170-XII', 230000, 'B101', NULL, NULL, '2016-10-26 06:23:16', 'admin'),
('PB060116-2', 377, '2016-01-05', 'K901.01', '32-X', 200000, 'B101', NULL, NULL, '2016-10-26 06:17:11', 'admin'),
('PB060116-3', 377, '2016-01-05', 'K901.01', '86-I', 20000, 'B101', NULL, NULL, '2016-10-26 06:17:57', 'admin'),
('PB060116-4', 377, '2016-01-05', 'K901.01', '42-I', 150000, 'B101', NULL, NULL, '2016-10-26 06:18:22', 'admin'),
('PB060116-5', 377, '2016-01-05', 'K901.01', '12-XIII', 42000, 'B101', NULL, NULL, '2016-10-26 06:18:50', 'admin'),
('PB060116-6', 377, '2016-01-05', 'K901.01', '16-XII', 300000, 'B101', NULL, NULL, '2016-10-26 06:19:15', 'admin'),
('PB060116-7', 377, '2016-01-05', 'K901.01', '51-V', 360000, 'B101', NULL, NULL, '2016-10-26 06:19:38', 'admin'),
('PB060116-8', 377, '2016-01-05', 'K901.01', '4-X', 25000, 'B101', NULL, NULL, '2016-10-26 06:20:09', 'admin'),
('PB060116-9', 377, '2016-01-06', 'K901.01', '15-X', 25000, 'B101', NULL, NULL, '2016-10-26 06:20:35', 'admin'),
('PB070116-1', 377, '2016-01-07', 'K901.01', '27-X', 200000, 'B101', NULL, NULL, '2016-10-26 06:24:00', 'admin'),
('PB070116-10', 377, '2016-01-07', 'K901.01', '14-III', 100000, 'B101', NULL, NULL, '2016-10-26 06:27:08', 'admin'),
('PB070116-11', 377, '2016-01-07', 'K901.01', '22-VIII', 350000, 'B101', NULL, NULL, '2016-10-26 06:27:30', 'admin'),
('PB070116-12', 377, '2016-01-07', 'K901.01', '23-VIII', 350000, 'B101', NULL, NULL, '2016-10-26 06:27:48', 'admin'),
('PB070116-2', 377, '2016-01-07', 'K901.01', '91-III', 50000, 'B101', NULL, NULL, '2016-10-26 06:24:28', 'admin'),
('PB070116-3', 377, '2016-01-07', 'K901.01', '39-III', 50000, 'B101', NULL, NULL, '2016-10-26 06:24:48', 'admin'),
('PB070116-4', 377, '2016-01-07', 'K901.01', '9-II', 120000, 'B101', NULL, NULL, '2016-10-26 06:25:03', 'admin'),
('PB070116-5', 377, '2016-01-07', 'K901.01', '7-II', 120000, 'B101', NULL, NULL, '2016-10-26 06:25:21', 'admin'),
('PB070116-6', 377, '2016-01-07', 'K901.01', '91-TB', 150000, 'B101', NULL, NULL, '2016-10-26 06:25:44', 'admin'),
('PB070116-7', 377, '2016-01-07', 'K901.01', '90-TB', 400000, 'B101', NULL, NULL, '2016-10-26 06:26:04', 'admin'),
('PB070116-8', 377, '2016-01-07', 'K901.01', '7-III', 200000, 'B101', NULL, NULL, '2016-10-26 06:26:29', 'admin'),
('PB070116-9', 377, '2016-01-07', 'K901.01', '14-III', 400000, 'B101', NULL, NULL, '2016-10-26 06:26:46', 'admin'),
('PB080116-1', 205, '2016-01-08', 'K901.01', '81-IX', 150000, 'B101', NULL, NULL, '2016-10-13 04:07:27', 'admin'),
('PB080116-2', 205, '2016-01-08', 'K901.01', '18-IX', 150000, 'B101', NULL, NULL, '2016-10-13 04:08:03', 'admin'),
('PB080116-3', 205, '2016-01-08', 'K901.01', '125-XII', 300000, 'B101', NULL, NULL, '2016-10-13 04:08:56', 'admin'),
('PB080116-4', 205, '2016-01-08', 'K901.01', '3-XII', 100000, 'B101', NULL, NULL, '2016-10-13 04:09:50', 'admin'),
('PB080116-5', 205, '2016-01-08', 'K901.01', '44-XII', 75000, 'B101', NULL, NULL, '2016-10-13 04:10:43', 'admin'),
('PB080116-6', 205, '2016-01-08', 'K901.01', '40-XII', 100000, 'B101', NULL, NULL, '2016-10-13 04:11:35', 'admin'),
('PB080116-7', 205, '2016-01-08', 'K901.01', '144-XII', 50000, 'B101', NULL, NULL, '2016-10-13 04:12:13', 'admin'),
('PB090116-1', 205, '2016-01-09', 'K901.01', '22-TA', 75000, 'B101', NULL, NULL, '2016-10-13 04:13:11', 'admin'),
('PB090116-2', 205, '2016-01-09', 'K901.01', '23-TA', 25000, 'B101', NULL, NULL, '2016-10-13 04:13:37', 'admin'),
('PB090116-3', 205, '2016-01-09', 'K901.01', '24-TA', 25000, 'B101', NULL, NULL, '2016-10-13 04:14:08', 'admin'),
('PB100116-1', 195, '2016-01-10', 'K901.01', '63-V', 50000, 'B101', NULL, NULL, '2016-10-13 02:11:41', 'admin'),
('PB100116-10', 195, '2016-01-10', 'K901.01', '21-WS', 150000, 'B101', NULL, NULL, '2016-10-13 02:19:16', 'admin'),
('PB100116-11', 195, '2016-01-10', 'K901.01', '02-VIII', 40000, 'B101', NULL, NULL, '2016-10-13 02:19:38', 'admin'),
('PB100116-12', 195, '2016-01-10', 'K901.01', '02-VII', 40000, 'B101', NULL, NULL, '2016-10-13 02:20:28', 'admin'),
('PB100116-13', 195, '2016-01-10', 'K901.01', '26-V', 50000, 'B101', NULL, NULL, '2016-10-13 02:20:48', 'admin'),
('PB100116-14', 195, '2016-01-10', 'K901.01', '102-WB', 140000, 'B101', NULL, NULL, '2016-10-13 02:38:03', 'admin'),
('PB100116-15', 195, '2016-01-10', 'K901.01', '01-I', 20000, 'B101', NULL, NULL, '2016-10-13 02:38:21', 'admin'),
('PB100116-16', 195, '2016-01-10', 'K901.01', '87-I', 10000, 'B101', NULL, NULL, '2016-10-13 02:38:43', 'admin'),
('PB100116-17', 195, '2016-01-10', 'K901.01', '100-VII', 50000, 'B101', NULL, NULL, '2016-10-13 02:39:11', 'admin'),
('PB100116-18', 195, '2016-01-10', 'K901.01', '03-X', 50000, 'B101', NULL, NULL, '2016-10-13 02:39:27', 'admin'),
('PB100116-19', 195, '2016-01-10', 'K901.01', '35-III', 100000, 'B101', NULL, NULL, '2016-10-13 02:39:53', 'admin'),
('PB100116-2', 195, '2016-01-10', 'K901.01', '58-WS', 50000, 'B101', NULL, NULL, '2016-10-13 02:12:10', 'admin'),
('PB100116-20', 195, '2016-01-10', 'K901.01', '56-WS', 120000, 'B101', NULL, NULL, '2016-10-13 02:40:12', 'admin'),
('PB100116-21', 195, '2016-01-10', 'K901.01', '4-WS', 100000, 'B101', NULL, NULL, '2016-10-13 02:40:34', 'admin'),
('PB100116-22', 195, '2016-01-10', 'K901.01', '57-WS', 50000, 'B101', NULL, NULL, '2016-10-13 02:40:55', 'admin'),
('PB100116-23', 195, '2016-01-10', 'K901.01', '58-V', 100000, 'B101', NULL, NULL, '2016-10-13 02:41:12', 'admin'),
('PB100116-24', 195, '2016-01-10', 'K901.01', '95-WB', 50000, 'B101', NULL, NULL, '2016-10-13 02:41:28', 'admin'),
('PB100116-25', 195, '2016-01-10', 'K901.01', '66-TA', 50000, 'B101', NULL, NULL, '2016-10-13 02:41:42', 'admin'),
('PB100116-3', 195, '2016-01-10', 'K901.01', '78-TA', 150000, 'B101', NULL, NULL, '2016-10-13 02:13:15', 'admin'),
('PB100116-4', 195, '2016-01-10', 'K901.01', '24-X', 50000, 'B101', NULL, NULL, '2016-10-13 02:13:33', 'admin'),
('PB100116-5', 195, '2016-01-10', 'K901.01', '33-X', 100000, 'B101', '	    		', NULL, '2016-10-13 02:16:26', 'admin'),
('PB100116-6', 195, '2016-01-10', 'K901.01', '33-VIII', 20000, 'B101', NULL, NULL, '2016-10-13 02:17:01', 'admin'),
('PB100116-7', 195, '2016-01-10', 'K901.01', '73-X', 50000, 'B101', NULL, NULL, '2016-10-13 02:17:57', 'admin'),
('PB100116-8', 195, '2016-01-10', 'K901.01', '02-TA', 120000, 'B101', NULL, NULL, '2016-10-13 02:18:22', 'admin'),
('PB100116-9', 195, '2016-01-10', 'K901.01', '28-TA', 100000, 'B101', NULL, NULL, '2016-10-13 02:18:42', 'admin'),
('PB110116-1', 205, '2016-01-11', 'K901.01', '67-IX', 2000000, 'B101', NULL, NULL, '2016-10-13 04:15:09', 'admin'),
('PB110116-10', 205, '2016-01-11', 'K901.01', '27-TA', 150000, 'B101', NULL, NULL, '2016-10-13 04:22:14', 'admin'),
('PB110116-11', 205, '2016-01-11', 'K901.01', '56-TA', 150000, 'B101', NULL, NULL, '2016-10-13 04:22:30', 'admin'),
('PB110116-12', 205, '2016-01-11', 'K901.01', '58-TA', 150000, 'B101', NULL, NULL, '2016-10-13 04:22:51', 'admin'),
('PB110116-13', 205, '2016-01-11', 'K901.01', '160-XII', 60000, 'B101', NULL, NULL, '2016-10-13 04:24:00', 'admin'),
('PB110116-14', 205, '2016-01-11', 'K901.01', '59-VI', 240000, 'B101', NULL, NULL, '2016-10-13 04:24:33', 'admin'),
('PB110116-16', 205, '2016-01-11', 'K901.01', '24-WB', 50000, 'B101', NULL, NULL, '2016-10-13 04:24:52', 'admin'),
('PB110116-17', 205, '2016-01-11', 'K901.01', '25-WB', 25000, 'B101', NULL, NULL, '2016-10-13 04:25:11', 'admin'),
('PB110116-18', 205, '2016-01-11', 'K901.01', '27-WB', 50000, 'B101', NULL, NULL, '2016-10-13 04:25:29', 'admin'),
('PB110116-19', 205, '2016-01-11', 'K901.01', '37-WB', 20000, 'B101', NULL, NULL, '2016-10-13 04:25:48', 'admin'),
('PB110116-2', 205, '2016-01-11', 'K901.01', '109-XIV', 150000, 'B101', NULL, NULL, '2016-10-13 04:16:04', 'admin'),
('PB110116-20', 205, '2016-01-11', 'K901.01', '55-VIII', 100000, 'B101', NULL, NULL, '2016-10-13 04:26:10', 'admin'),
('PB110116-21', 205, '2016-01-11', 'K901.01', '19-XI', 120000, 'B101', NULL, NULL, '2016-10-13 04:26:29', 'admin'),
('PB110116-3', 205, '2016-01-11', 'K901.01', '26-XIV', 150000, 'B101', NULL, NULL, '2016-10-13 04:16:36', 'admin'),
('PB110116-4', 205, '2016-01-11', 'K901.01', '186-XIV', 50000, 'B101', NULL, NULL, '2016-10-13 04:17:05', 'admin'),
('PB110116-5', 205, '2016-01-11', 'K901.01', '105-XIV', 150000, 'B101', NULL, NULL, '2016-10-13 04:17:51', 'admin'),
('PB110116-6', 205, '2016-01-11', 'K901.01', '106-XIV', 150000, 'B101', NULL, NULL, '2016-10-13 04:18:07', 'admin'),
('PB110116-7', 205, '2016-01-11', 'K901.01', '107-XIV', 150000, 'B101', NULL, NULL, '2016-10-13 04:18:26', 'admin'),
('PB110116-8', 205, '2016-01-11', 'K901.01', '111-XIV', 150000, 'B101', NULL, NULL, '2016-10-13 04:18:52', 'admin'),
('PB110116-9', 205, '2016-01-11', 'K901.01', '114-XIV', 50000, 'B101', NULL, NULL, '2016-10-13 04:21:12', 'admin'),
('PB120116-1', 205, '2016-01-12', 'K901.01', '63-XI', 1250000, 'B101', NULL, NULL, '2016-10-13 04:27:14', 'admin'),
('PB120116-2', 205, '2016-01-12', 'K901.01', '100-I', 50000, 'B101', NULL, NULL, '2016-10-13 04:27:31', 'admin'),
('PB120116-3', 205, '2016-01-12', 'K901.01', '79-XII', 250000, 'B101', NULL, NULL, '2016-10-13 04:27:51', 'admin'),
('PB120116-4', 205, '2016-01-12', 'K901.01', '166-XII', 250000, 'B101', NULL, NULL, '2016-10-13 04:28:18', 'admin'),
('PB130116-1', 205, '2016-01-13', 'K901.01', '33-III', 60000, 'B101', NULL, NULL, '2016-10-13 04:27:12', 'admin'),
('PB140116-03', 205, '2016-01-14', 'K901.01', '96-WB', 50000, 'B101', NULL, NULL, '2016-10-13 04:29:26', 'admin'),
('PB140116-04', 205, '2016-01-14', 'K901.01', '97-WB', 50000, 'B101', NULL, NULL, '2016-10-13 04:29:45', 'admin'),
('PB140116-05', 205, '2016-01-14', 'K901.01', '79-I', 200000, 'B101', NULL, NULL, '2016-10-13 04:30:02', 'admin'),
('PB140116-06', 205, '2016-01-14', 'K901.01', '78-I', 50000, 'B101', NULL, NULL, '2016-10-13 04:30:18', 'admin'),
('PB140116-07', 205, '2016-01-14', 'K901.01', '70-III', 240000, 'B101', NULL, NULL, '2016-10-13 04:30:43', 'admin'),
('PB140116-1', 205, '2016-01-14', 'K901.01', '13-WB', 150000, 'B101', NULL, NULL, '2016-10-13 04:28:36', 'admin'),
('PB140116-2', 205, '2016-01-14', 'K901.01', '14-WB', 300000, 'B101', NULL, NULL, '2016-10-13 04:29:03', 'admin'),
('PB140116-8', 205, '2016-01-14', 'K901.01', '29-V', 600000, 'B101', NULL, NULL, '2016-10-13 04:33:06', 'admin'),
('PB150116-1', 229, '2016-01-15', 'K901.01', '16-XIII', 1000000, 'B104', '	    		', NULL, '2016-10-14 03:32:24', 'admin'),
('PB150116-2', 229, '2016-01-15', 'K901.01', '82-I', 100000, 'B104', NULL, NULL, '2016-10-14 03:33:32', 'admin'),
('PB170116-1', 217, '2016-01-17', 'K901.01', '72-XI', 100000, 'B101', NULL, NULL, '2016-10-14 03:00:10', 'admin'),
('PB170116-10', 217, '2016-01-17', 'K901.01', '65-III', 100000, 'B101', NULL, NULL, '2016-10-14 03:03:56', 'admin'),
('PB170116-11', 217, '2016-01-17', 'K901.01', '77-I', 100000, 'B101', NULL, NULL, '2016-10-14 03:04:13', 'admin'),
('PB170116-2', 217, '2016-01-17', 'K901.01', '39-I', 50000, 'B101', NULL, NULL, '2016-10-14 03:00:44', 'admin'),
('PB170116-3', 217, '2016-01-17', 'K901.01', '66-V', 30000, 'B101', NULL, NULL, '2016-10-14 03:01:16', 'admin'),
('PB170116-4', 217, '2016-01-17', 'K901.01', '121-VII', 100000, 'B101', NULL, NULL, '2016-10-14 03:01:54', 'admin'),
('PB170116-5', 217, '2016-01-17', 'K901.01', '12-VII', 300000, 'B101', NULL, NULL, '2016-10-14 03:02:20', 'admin'),
('PB170116-6', 217, '2016-01-17', 'K901.01', '16-IV', 25000, 'B101', NULL, NULL, '2016-10-14 03:02:39', 'admin'),
('PB170116-7', 217, '2016-01-17', 'K901.01', '18-IV', 50000, 'B101', NULL, NULL, '2016-10-14 03:03:01', 'admin'),
('PB170116-8', 217, '2016-01-17', 'K901.01', '20-IV', 25000, 'B101', NULL, NULL, '2016-10-14 03:03:21', 'admin'),
('PB170116-9', 217, '2016-01-17', 'K901.01', '71-III', 100000, 'B101', '	    		', NULL, '2016-10-14 03:03:37', 'admin'),
('PB190116-1', 229, '2016-01-19', 'K901.01', '124-IX', 10000, 'B104', NULL, NULL, '2016-10-14 03:34:24', 'admin'),
('PB190116-2', 229, '2016-01-19', 'K901.01', '131-IX', 200000, 'B104', NULL, NULL, '2016-10-14 03:35:04', 'admin'),
('PB190116-3', 229, '2016-01-19', 'K901.01', '132-IX', 200000, 'B104', NULL, NULL, '2016-10-14 03:35:31', 'admin'),
('PB190116-4', 229, '2016-01-19', 'K901.01', '133-IX', 200000, 'B104', NULL, NULL, '2016-10-14 03:36:19', 'admin'),
('PB190116-5', 229, '2016-01-19', 'K901.01', '134-IX', 200000, 'B104', NULL, NULL, '2016-10-14 03:34:56', 'admin'),
('PB190116-6', 229, '2016-01-19', 'K901.01', '5-III', 10000, 'B104', NULL, NULL, '2016-10-14 03:35:41', 'admin'),
('PB210116-1', 229, '2016-01-21', 'K901.01', '8-I', 120000, 'B104', NULL, NULL, '2016-10-14 03:36:52', 'admin'),
('PB210116-2', 229, '2016-01-21', 'K901.01', '76-I', 75000, 'B104', NULL, NULL, '2016-10-14 03:37:30', 'admin'),
('PB210116-3', 229, '2016-01-21', 'K901.01', '23-II', 150000, 'B104', NULL, NULL, '2016-10-14 03:38:08', 'admin'),
('PB210116-4', 229, '2016-01-21', 'K901.01', '44-IX', 10000, 'B104', NULL, NULL, '2016-10-14 03:38:38', 'admin'),
('PB210116-5', 229, '2016-01-21', 'K901.01', '95-I', 150000, 'B104', NULL, NULL, '2016-10-14 03:39:01', 'admin'),
('PB240116-1', 317, '2016-01-24', 'K901.01', '16-III', 160000, 'B101', NULL, NULL, '2016-10-17 04:53:40', 'admin'),
('PB240116-2', 317, '2016-01-24', 'K901.01', 'ES-NN', 100000, 'B101', NULL, NULL, '2016-10-17 04:54:05', 'admin'),
('PB240116-3', 317, '2016-01-24', 'K901.01', '64-XI', 50000, 'B101', NULL, NULL, '2016-10-17 04:54:21', 'admin'),
('PB240116-4', 317, '2016-01-24', 'K901.01', '50-WS', 50000, 'B101', NULL, NULL, '2016-10-17 04:54:35', 'admin'),
('PB240116-5', 317, '2016-01-24', 'K901.01', '40-IX', 100000, 'B101', NULL, NULL, '2016-10-17 04:54:50', 'admin'),
('PB240116-6', 317, '2016-01-24', 'K901.01', '01-WB', 300000, 'B101', NULL, NULL, '2016-10-17 04:55:06', 'admin'),
('PB240116-7', 317, '2016-01-24', 'K901.01', '3-X', 50000, 'B101', NULL, NULL, '2016-10-17 04:55:20', 'admin'),
('PB301215-1', 377, '2015-12-30', 'K901.01', '80-XII', 700000, 'B101', NULL, NULL, '2016-10-26 05:54:34', 'admin'),
('PB301215-2', 377, '2015-12-30', 'K901.01', '85-II', 36000, 'B101', NULL, NULL, '2016-10-26 05:55:02', 'admin'),
('PB301215-3', 377, '2015-12-30', 'K901.01', '86-II', 36000, 'B101', NULL, NULL, '2016-10-26 05:55:31', 'admin'),
('PB301215-4', 377, '2015-12-30', 'K901.01', '2-TB', 150000, 'B101', NULL, NULL, '2016-10-26 05:56:08', 'admin'),
('PB301215-5', 377, '2015-12-30', 'K901.01', '24-IX', 525000, 'B101', NULL, NULL, '2016-10-26 05:56:43', 'admin'),
('PB301215-6', 377, '2015-12-30', 'K901.01', '42-VIII', 600000, 'B101', NULL, NULL, '2016-10-26 05:57:11', 'admin'),
('PB301215-7', 377, '2015-12-30', 'K901.01', '42-VIII', 600000, 'B101', NULL, NULL, '2016-10-26 05:57:41', 'admin'),
('PB311215-1', 377, '2015-12-31', 'K901.01', '67-V', 500000, 'B101', NULL, NULL, '2016-10-26 05:58:44', 'admin'),
('PB311215-2', 377, '2015-12-31', 'K901.01', '29-I', 180000, 'B101', NULL, NULL, '2016-10-26 05:59:32', 'admin'),
('PBL030116', 121, '2016-01-03', 'K901.16', 'NN-NN', 50000, 'B101', NULL, NULL, '2016-10-08 02:57:07', 'admin'),
('PBS010116-1', 118, '2016-01-01', 'K901.13', 'NN-NN', 50000, 'B101', NULL, NULL, '2016-10-08 02:42:59', 'admin'),
('PBS030116-1', 118, '2016-01-03', 'K901.13', 'NN-NN', 50000, 'B101', NULL, NULL, '2016-10-08 02:43:28', 'admin'),
('PBS030116-10', 118, '2016-01-03', 'K901.13', 'NN-NN', 10000, 'B101', NULL, NULL, '2016-10-08 02:45:02', 'admin'),
('PBS030116-11', 118, '2016-01-03', 'K901.13', 'NN-NN', 10000, 'B101', NULL, NULL, '2016-10-08 02:43:01', 'admin'),
('PBS030116-12', 118, '2016-01-03', 'K901.13', 'NN-NN', 100000, 'B101', NULL, NULL, '2016-10-08 02:43:11', 'admin'),
('PBS030116-13', 118, '2016-01-03', 'K901.13', 'NN-NN', 10000, 'B101', NULL, NULL, '2016-10-08 02:43:20', 'admin'),
('PBS030116-14', 118, '2016-01-03', 'K901.13', 'NN-NN', 10000, 'B101', NULL, NULL, '2016-10-08 02:43:31', 'admin'),
('PBS030116-15', 118, '2016-01-03', 'K901.13', 'NN-NN', 100000, 'B101', NULL, NULL, '2016-10-08 02:43:41', 'admin'),
('PBS030116-16', 118, '2016-01-03', 'K901.13', 'NN-NN', 10000, 'B101', NULL, NULL, '2016-10-08 02:43:56', 'admin'),
('PBS030116-17', 118, '2016-01-03', 'K901.13', 'NN-NN', 50000, 'B101', NULL, NULL, '2016-10-08 02:44:08', 'admin'),
('PBS030116-18', 118, '2016-01-03', 'K901.13', 'NN-NN', 10000, 'B101', NULL, NULL, '2016-10-08 02:44:17', 'admin'),
('PBS030116-19', 118, '2016-01-03', 'K901.13', 'NN-NN', 10000, 'B101', NULL, NULL, '2016-10-08 02:44:27', 'admin'),
('PBS030116-2', 118, '2016-01-03', 'K901.13', 'NN-NN', 10000, 'B101', NULL, NULL, '2016-10-08 02:43:36', 'admin'),
('PBS030116-20', 118, '2016-01-03', 'K901.13', 'NN-NN', 52000, 'B101', NULL, NULL, '2016-10-08 02:44:37', 'admin'),
('PBS030116-21', 118, '2016-01-03', 'K901.13', 'NN-NN', 10000, 'B101', NULL, NULL, '2016-10-08 02:44:44', 'admin'),
('PBS030116-22', 118, '2016-01-03', 'K901.13', 'NN-NN', 40000, 'B101', NULL, NULL, '2016-10-08 02:45:34', 'admin'),
('PBS030116-23', 118, '2016-01-03', 'K901.13', 'NN-NN', 100000, 'B101', NULL, NULL, '2016-10-08 02:45:43', 'admin'),
('PBS030116-24', 118, '2016-01-03', 'K901.13', 'NN-NN', 50000, 'B101', NULL, NULL, '2016-10-08 02:45:54', 'admin'),
('PBS030116-25', 118, '2016-01-03', 'K901.13', 'NN-NN', 50000, 'B101', NULL, NULL, '2016-10-08 02:46:01', 'admin'),
('PBS030116-26', 118, '2016-01-03', 'K901.13', 'NN-NN', 20000, 'B101', NULL, NULL, '2016-10-08 02:46:09', 'admin'),
('PBS030116-27', 118, '2016-01-03', 'K901.13', 'NN-NN', 20000, 'B101', NULL, NULL, '2016-10-08 02:46:16', 'admin'),
('PBS030116-28', 118, '2016-01-03', 'K901.13', 'NN-NN', 5000, 'B101', NULL, NULL, '2016-10-08 02:46:31', 'admin'),
('PBS030116-29', 118, '2016-01-03', 'K901.13', 'NN-NN', 50000, 'B101', NULL, NULL, '2016-10-08 02:46:39', 'admin'),
('PBS030116-3', 118, '2016-01-03', 'K901.13', 'NN-NN', 700000, 'B101', NULL, NULL, '2016-10-08 02:43:50', 'admin'),
('PBS030116-30', 118, '2016-01-03', 'K901.13', 'NN-NN', 100000, 'B101', NULL, NULL, '2016-10-08 02:46:48', 'admin'),
('PBS030116-31', 118, '2016-01-03', 'K901.13', 'NN-NN', 10000, 'B101', NULL, NULL, '2016-10-08 02:46:56', 'admin'),
('PBS030116-32', 118, '2016-01-03', 'K901.13', 'NN-NN', 30000, 'B101', NULL, NULL, '2016-10-08 02:47:07', 'admin'),
('PBS030116-33', 118, '2016-01-03', 'K901.13', 'NN-NN', 5000, 'B101', NULL, NULL, '2016-10-08 02:47:14', 'admin'),
('PBS030116-34', 118, '2016-01-03', 'K901.13', 'NN-NN', 100000, 'B101', NULL, NULL, '2016-10-08 02:47:23', 'admin'),
('PBS030116-35', 118, '2016-01-03', 'K901.13', 'NN-NN', 25000, 'B101', NULL, NULL, '2016-10-08 02:47:33', 'admin'),
('PBS030116-36', 118, '2016-01-03', 'K901.13', 'NN-NN', 50000, 'B101', NULL, NULL, '2016-10-08 02:47:42', 'admin'),
('PBS030116-37', 118, '2016-01-03', 'K901.13', '52-I', 60000, 'B101', NULL, NULL, '2016-10-08 02:49:06', 'admin'),
('PBS030116-38', 118, '2016-01-03', 'K901.13', 'NN-NN', 20000, 'B101', NULL, NULL, '2016-10-08 02:49:23', 'admin'),
('PBS030116-39', 118, '2016-01-03', 'K901.13', 'NN-NN', 10000, 'B101', NULL, NULL, '2016-10-08 02:49:33', 'admin'),
('PBS030116-4', 118, '2016-01-03', 'K901.13', 'NN-NN', 20000, 'B101', NULL, NULL, '2016-10-08 02:44:00', 'admin'),
('PBS030116-40', 118, '2016-01-03', 'K901.13', 'NN-NN', 50000, 'B101', NULL, NULL, '2016-10-08 02:49:47', 'admin'),
('PBS030116-41', 118, '2016-01-03', 'K901.13', 'NN-NN', 10000, 'B101', NULL, NULL, '2016-10-08 02:50:02', 'admin'),
('PBS030116-42', 118, '2016-01-03', 'K901.13', 'NN-NN', 100000, 'B101', NULL, NULL, '2016-10-08 02:50:10', 'admin'),
('PBS030116-43', 118, '2016-01-03', 'K901.13', 'NN-NN', 100000, 'B101', NULL, NULL, '2016-10-08 02:50:21', 'admin'),
('PBS030116-44', 118, '2016-01-03', 'K901.13', 'NN-NN', 50000, 'B101', NULL, NULL, '2016-10-08 02:50:29', 'admin'),
('PBS030116-45', 118, '2016-01-03', 'K901.13', 'NN-NN', 40000, 'B101', NULL, NULL, '2016-10-08 02:50:37', 'admin'),
('PBS030116-46', 118, '2016-01-03', 'K901.13', 'NN-NN', 20000, 'B101', NULL, NULL, '2016-10-08 02:50:45', 'admin'),
('PBS030116-5', 118, '2016-01-03', 'K901.13', 'NN-NN', 50000, 'B101', NULL, NULL, '2016-10-08 02:44:11', 'admin'),
('PBS030116-6', 118, '2016-01-03', 'K901.13', 'NN-NN', 50000, 'B101', NULL, NULL, '2016-10-08 02:44:20', 'admin'),
('PBS030116-7', 118, '2016-01-03', 'K901.13', 'NN-NN', 200000, 'B101', NULL, NULL, '2016-10-08 02:44:31', 'admin'),
('PBS030116-8', 118, '2016-01-03', 'K901.13', 'NN-NN', 20000, 'B101', NULL, NULL, '2016-10-08 02:44:42', 'admin'),
('PBS030116-9', 118, '2016-01-03', 'K901.13', 'NN-NN', 5000, 'B101', NULL, NULL, '2016-10-08 02:44:52', 'admin'),
('PBS040116-1', 379, '2016-01-04', 'K901.13', 'DR-TB', 50000, 'B101', NULL, NULL, '2016-10-26 06:32:48', 'admin'),
('PBS050116-1', 379, '2016-01-05', 'K901.13', 'SK-XII', 50000, 'B101', NULL, NULL, '2016-10-26 06:33:17', 'admin'),
('PBS050116-2', 379, '2016-01-05', 'K901.13', 'DA-VIII', 500000, 'B101', NULL, NULL, '2016-10-26 06:33:43', 'admin'),
('PBS060116-1', 379, '2016-01-06', 'K901.13', '86-I', 50000, 'B101', NULL, NULL, '2016-10-26 06:34:18', 'admin'),
('PBS060116-2', 379, '2016-01-06', 'K901.13', 'AAW-NN', 300000, 'B101', NULL, NULL, '2016-10-26 06:34:47', 'admin'),
('PBS060116-3', 379, '2016-01-06', 'K901.13', '72-XII', 100000, 'B101', NULL, NULL, '2016-10-26 06:35:16', 'admin'),
('PBS070116-1', 379, '2016-01-07', 'K901.13', '7-III', 400000, 'B101', NULL, NULL, '2016-10-26 06:35:48', 'admin'),
('PBS090116-1', 208, '2016-01-09', 'K901.13', '22-TA', 75000, 'B101', NULL, NULL, '2016-10-13 04:40:11', 'admin'),
('PBS090116-1G', 212, '2016-01-09', 'K901.13', 'DKR-NN', 1000000, 'B101', NULL, NULL, '2016-10-13 05:12:43', 'admin'),
('PBS100116-1', 198, '2016-01-10', 'K901.13', 'NN-NN', 50000, 'B101', NULL, NULL, '2016-10-13 02:55:32', 'admin'),
('PBS100116-2', 198, '2016-01-10', 'K901.13', 'NN-NN', 660000, 'B101', NULL, NULL, '2016-10-13 02:55:48', 'admin'),
('PBS100116-3', 198, '2016-01-10', 'K901.13', 'NN-NN', 20000, 'B101', NULL, NULL, '2016-10-13 02:55:59', 'admin'),
('PBS100116-4', 198, '2016-01-10', 'K901.13', 'NN-NN', 5000, 'B101', NULL, NULL, '2016-10-13 02:56:14', 'admin'),
('PBS120116-1', 208, '2016-01-12', 'K901.13', '79-XII', 250000, 'B101', NULL, NULL, '2016-10-13 04:40:45', 'admin'),
('PBS140116-1', 208, '2016-01-14', 'K901.13', '70-III', 50000, 'B101', NULL, NULL, '2016-10-13 04:41:22', 'admin'),
('PBS150116-1', 232, '2016-01-15', 'K901.13', '82-I', 100000, 'B104', NULL, NULL, '2016-10-14 03:41:59', 'admin'),
('PBS170116-1', 220, '2016-01-17', 'K901.13', 'NN-NN', 220000, 'B101', NULL, NULL, '2016-10-14 02:43:36', 'admin'),
('PBS240116-1', 320, '2016-01-24', 'K901.13', 'NN-NN', 50000, 'B101', NULL, NULL, '2016-10-17 05:07:35', 'admin'),
('PBS311215-1', 118, '2015-12-31', 'K901.13', 'NN-NN', 15000, 'B101', NULL, NULL, '2016-10-08 02:42:14', 'admin'),
('PBS311215-2', 118, '2015-12-31', 'K901.13', 'NN-NN', 50000, 'B101', NULL, NULL, '2016-10-08 02:42:27', 'admin'),
('PDP030116-1', 119, '2016-01-03', 'K901.14', 'NN-NN', 50000, 'B101', NULL, NULL, '2016-10-08 02:51:58', 'admin'),
('PDP030116-2', 119, '2016-01-03', 'K901.14', 'NN-NN', 50000, 'B101', NULL, NULL, '2016-10-08 02:52:19', 'admin'),
('PDP030116-3', 119, '2016-01-03', 'K901.14', 'NN-NN', 500000, 'B101', NULL, NULL, '2016-10-08 02:52:39', 'admin'),
('PDP030116-4', 119, '2016-01-03', 'K901.14', 'NN-NN', 645000, 'B101', NULL, NULL, '2016-10-08 02:52:51', 'admin'),
('PDP060116-1', 380, '2016-01-06', 'K901.14', '42-I', 50000, 'B101', NULL, NULL, '2016-10-27 01:45:00', 'admin'),
('PDP080116-1', 209, '2016-01-08', 'K901.14', '--VIII', 1000000, 'B101', '	    		', NULL, '2016-10-13 04:43:18', 'admin'),
('PDP080116-2', 209, '2016-01-08', 'K901.14', 'GK--', 2000000, 'B101', NULL, NULL, '2016-10-13 04:44:24', 'admin'),
('PDP090116-1', 209, '2016-01-09', 'K901.14', 'UKR--', 2000000, 'B101', NULL, NULL, '2016-10-13 04:51:45', 'admin'),
('PDP100116-1', 199, '2016-01-10', 'K901.14', 'NN-NN', 655000, 'B101', NULL, NULL, '2016-10-13 02:58:12', 'admin'),
('PDP100116-2', 199, '2016-01-10', 'K901.14', 'NN-NN', 52000, 'B101', NULL, NULL, '2016-10-13 02:58:22', 'admin'),
('PDP140116-1', 209, '2016-01-14', 'K901.14', '70-III', 50000, 'B101', NULL, NULL, '2016-10-13 04:42:01', 'admin'),
('PDP150116-1', 233, '2016-01-15', 'K901.14', '82-I', 100000, 'B104', NULL, NULL, '2016-10-14 03:42:25', 'admin'),
('PDP170116-1', 221, '2016-01-17', 'K901.14', 'PW-NN', 220000, 'B101', NULL, NULL, '2016-10-14 02:44:54', 'admin'),
('PDP170116-2', 221, '2016-01-17', 'K901.14', 'NN-NN', 20000, 'B101', NULL, NULL, '2016-10-14 02:45:23', 'admin'),
('PDP170116-3', 221, '2016-01-17', 'K901.14', 'NN-NN', 100000, 'B101', NULL, NULL, '2016-10-14 02:45:50', 'admin'),
('PDP170116-4', 221, '2016-01-17', 'K901.14', 'NN-NN', 50000, 'B101', NULL, NULL, '2016-10-14 02:46:02', 'admin'),
('PDP170116-5', 221, '2016-01-17', 'K901.14', 'NN-NN', 50000, 'B101', NULL, NULL, '2016-10-14 02:46:13', 'admin'),
('PDP170116-6', 221, '2016-01-17', 'K901.14', 'PW-NN', 70700, 'B101', NULL, NULL, '2016-10-14 02:46:36', 'admin'),
('PDP301215-1', 380, '2015-12-30', 'K901.14', 'AH-X', 500000, 'B101', NULL, NULL, '2016-10-27 01:47:08', 'admin'),
('PERBUL20', 16, '2016-01-10', 'K901.01', '02-TA', 120000, 'B101', 'JAN ', 2016, '2016-06-02 04:30:19', 'Bumega'),
('PERSBEA1', 19, '2016-01-10', 'K901.13', 'NN-I', 50000, 'B101', NULL, NULL, '2016-06-03 03:31:25', 'admin'),
('PERSBEA2', 19, '2016-01-10', 'K901.13', 'NN-I', 660000, 'B101', NULL, NULL, '2016-06-03 03:31:54', 'admin'),
('PERSBEA3', 19, '2016-01-10', 'K901.13', 'NN-I', 20000, 'B101', NULL, NULL, '2016-06-03 03:32:41', 'admin'),
('PERSBEA4', 19, '2016-01-10', 'K901.13', 'NN-I', 5000, 'B101', NULL, NULL, '2016-06-03 03:33:00', 'admin'),
('PERSBG1', 10, '2016-01-03', 'K901.16', '52-I', 50000, 'B101', NULL, NULL, '2016-05-19 04:07:42', 'Bumega'),
('PERSBS1', 7, '2016-01-03', 'K901.13', 'NN-I', 2657000, 'B101', NULL, NULL, '2016-05-19 03:31:12', 'Bumega'),
('PERSBS2', 7, '2016-01-03', 'K901.13', '52-I', 60000, 'B101', NULL, NULL, '2016-05-17 05:41:43', 'Bumega'),
('PERSBUL1', 4, '2016-01-03', 'K901.01', '82-WB', 1200000, 'B101', 'JAN - DES', 2015, '2016-05-16 04:58:15', 'Bumega'),
('PERSBUL10', 4, '2016-01-03', 'K901.01', '71-XIV', 50000, 'B101', 'JAN - FEB', 2016, '2016-05-16 05:11:25', 'Bumega'),
('PERSBUL11', 4, '2016-01-03', 'K901.01', '25-XI', 100000, 'B101', 'JAN', 2016, '2016-05-16 05:12:17', 'Bumega'),
('PERSBUL12', 4, '2016-01-03', 'K901.01', '05-WB', 100000, 'B101', 'JAN', 2016, '2016-05-16 05:13:15', 'Bumega'),
('PERSBUL13', 16, '2016-01-10', 'K901.01', '63-V', 50000, 'B101', 'Januari', 2016, '2016-06-02 03:50:15', 'Bumega'),
('PERSBUL14', 16, '2016-01-10', 'K901.01', '58-WS', 50000, 'B101', 'JAN-MEI', 2016, '2016-06-02 03:54:05', 'Bumega'),
('PERSBUL15', 16, '2016-01-10', 'K901.01', '78-TA', 150000, 'B101', 'JAN ', 2016, '2016-06-02 04:21:41', 'Bumega'),
('PERSBUL16', 16, '2016-01-10', 'K901.01', '24-X', 50000, 'B101', 'JAN ', 2016, '2016-06-02 04:23:01', 'Bumega'),
('PERSBUL17', 16, '2016-01-10', 'K901.01', '33-VIII', 20000, 'B101', 'JAN ', 2016, '2016-06-02 04:23:46', 'Bumega'),
('PERSBUL18', 16, '2016-01-10', 'K901.01', '33-X', 100000, 'B101', 'JAN - APR', 2017, '2016-06-02 04:24:33', 'Bumega'),
('PERSBUL19', 16, '2016-01-10', 'K901.01', '73-X', 50000, 'B101', 'DES', 2015, '2016-06-02 04:29:17', 'Bumega'),
('PERSBUL2', 4, '2016-01-03', 'K901.01', '83-WB', 1200000, 'B101', 'JAN - DES ', 2015, '2016-05-16 04:59:34', 'Bumega'),
('PERSBUL21', 16, '2016-01-10', 'K901.01', '28-TA', 100000, 'B101', 'JAN ', 2016, '2016-06-02 04:30:47', 'Bumega'),
('PERSBUL22', 16, '2016-01-10', 'K901.01', '21-WS', 150000, 'B101', 'JAN ', 2016, '2016-06-02 04:31:22', 'Bumega'),
('PERSBUL23', 16, '2016-01-10', 'K901.01', '02-VIII', 40000, 'B101', 'NOV - DES', 2015, '2016-06-02 04:32:39', 'Bumega'),
('PERSBUL24', 16, '2016-01-10', 'K901.01', '02-VII', 40000, 'B101', 'NOV - DES', 2015, '2016-06-02 04:33:21', 'Bumega'),
('PERSBUL25', 16, '2016-01-10', 'K901.01', '26-V', 50000, 'B101', 'JAN', 2016, '2016-06-02 04:33:58', 'Bumega'),
('PERSBUL26', 16, '2016-01-10', 'K901.01', '102-WB', 140000, 'B101', 'JUN-DES', 2015, '2016-06-02 04:53:57', 'Bumega'),
('PERSBUL27', 16, '2016-01-10', 'K901.01', '01-I', 20000, 'B101', 'JAN', 2016, '2016-06-02 06:06:55', 'Bumega'),
('PERSBUL28', 16, '2016-01-10', 'K901.01', '87-I', 10000, 'B101', 'JAN', 2016, '2016-06-02 06:07:44', 'Bumega'),
('PERSBUL29', 16, '2016-01-10', 'K901.01', '100-VII', 50000, 'B101', 'JAN', 2016, '2016-06-02 06:08:17', 'Bumega'),
('PERSBUL3', 4, '2016-01-03', 'K901.01', '78-TA', 20000, 'B101', 'DES', 2015, '2016-05-16 05:00:45', 'Bumega'),
('PERSBUL30', 16, '2016-01-10', 'K901.01', '03-X', 50000, 'B101', 'DES', 2015, '2016-06-02 06:09:00', 'Bumega'),
('PERSBUL31', 16, '2016-01-10', 'K901.01', '35-III', 100000, 'B101', 'JAN', 2016, '2016-06-02 06:09:31', 'Bumega'),
('PERSBUL32', 16, '2016-01-10', 'K901.01', '56-WS', 120000, 'B101', 'JAN - FEB', 2016, '2016-06-02 06:11:18', 'Bumega'),
('PERSBUL33', 16, '2016-01-10', 'K901.01', '4-WS', 100000, 'B101', 'JAN - MEI', 2016, '2016-06-02 06:11:48', 'Bumega'),
('PERSBUL34', 16, '2016-01-10', 'K901.01', '57-WS', 50000, 'B101', 'JAN - MEI', 2016, '2016-06-02 06:12:20', 'Bumega'),
('PERSBUL35', 16, '2016-01-10', 'K901.01', '58-V', 100000, 'B101', 'JAN - JUN', 2016, '2016-06-02 06:13:32', 'Bumega'),
('PERSBUL36', 16, '2016-01-10', 'K901.01', '95-WB', 50000, 'B101', 'JAN', 2016, '2016-06-02 06:14:15', 'Bumega'),
('PERSBUL37', 16, '2016-01-10', 'K901.01', '66-TA', 50000, 'B101', 'JAN', 2016, '2016-06-02 06:14:45', 'Bumega'),
('PERSBUL4', 4, '2016-01-03', 'K901.01', '92-TB', 50000, 'B101', 'JAN', 2016, '2016-05-16 05:01:54', 'Bumega'),
('PERSBUL5', 4, '2016-01-03', 'K901.01', '95-VII', 50000, 'B101', 'JAN', 2016, '2016-05-16 05:03:08', 'Bumega'),
('PERSBUL6', 4, '2016-01-03', 'K901.01', '38-VII', 30000, 'B101', 'JAN', 2016, '2016-05-16 05:04:14', 'Bumega'),
('PERSBUL7', 4, '2016-01-03', 'K901.01', '45-IX', 210000, 'B101', 'JUN - DES ', 2015, '2016-05-16 05:05:55', 'Bumega'),
('PERSBUL8', 4, '2016-01-03', 'K901.01', '102-WB', 1000000, 'B101', 'JAN', 2016, '2016-05-16 05:05:43', 'Bumega'),
('PERSBUL9', 4, '2016-01-03', 'K901.01', '52-I', 20000, 'B101', 'DES', 2015, '2016-05-16 05:06:46', 'Bumega'),
('PERSD1', 8, '2016-01-03', 'K901.14', 'NN-I', 100000, 'B101', NULL, NULL, '2016-05-19 03:37:08', 'Bumega'),
('PERSD2', 8, '2016-01-03', 'K901.14', 'NN-I', 1145000, 'B101', '	    		', NULL, '2016-05-19 03:38:01', 'Bumega'),
('PERSDIA1', 20, '2016-01-10', 'K901.14', 'PW-NN', 655000, 'B101', NULL, NULL, '2016-06-03 03:35:58', 'admin'),
('PERSDIA2', 20, '2016-01-10', 'K901.14', 'PW-NN', 52000, 'B101', NULL, NULL, '2016-06-03 03:36:30', 'admin'),
('PERSEM1', 5, '2016-01-03', 'K901.04', '02-I', 50000, 'B101', NULL, NULL, '2016-05-16 04:27:08', 'Bumega'),
('PERSEM2', 5, '2016-01-03', 'K901.04', 'NN-I', 14551000, 'B101', NULL, NULL, '2016-05-16 04:28:49', 'Bumega'),
('PERSEP1', 6, '2016-01-03', 'K901.05', '03-TA', 350000, 'B101', NULL, NULL, '2016-05-16 04:42:10', 'Bumega'),
('PERSEP2', 6, '2016-01-03', 'K901.05', '04-TA', 70000, 'B101', NULL, NULL, '2016-05-16 04:43:16', 'Bumega'),
('PERSEP3', 6, '2016-01-03', 'K901.05', 'NN-I', 8745000, 'B101', NULL, NULL, '2016-05-16 04:45:05', 'Bumega'),
('PERSLL1', 11, '2016-01-03', 'K901.99', 'NN-I', 1111000, 'B101', '	    		', NULL, '2016-05-19 03:46:36', 'Bumega'),
('PERSLL2', 22, '2016-01-10', 'K901.99', 'NN-I', 100000, 'B101', NULL, NULL, '2016-06-03 03:52:03', 'admin'),
('PERSLL3', 22, '2016-01-10', 'K901.99', 'NN-VIII', 500000, 'B101', NULL, NULL, '2016-06-03 03:56:56', 'admin'),
('PERSMIR1', 17, '2016-01-10', 'K901.04', 'US-NN', 50000, 'B101', NULL, NULL, '2016-06-02 06:34:42', 'Bumega'),
('PERSMIR10', 17, '2016-01-10', 'K901.04', 'US-NN', 20000, 'B101', NULL, NULL, '2016-06-02 06:40:59', 'Bumega'),
('PERSMIR11', 17, '2016-01-10', 'K901.04', 'M/US-NN', 10000, 'B101', NULL, NULL, '2016-06-02 06:41:25', 'Bumega'),
('PERSMIR12', 17, '2016-01-10', 'K901.04', 'M/US-NN', 10000, 'B101', NULL, NULL, '2016-06-02 06:41:42', 'Bumega'),
('PERSMIR13', 17, '2016-01-10', 'K901.04', 'NN-I', 202000, 'B101', NULL, NULL, '2016-06-03 04:01:22', 'admin'),
('PERSMIR14', 17, '2016-01-10', 'K901.04', 'NN-I', 100000, 'B101', NULL, NULL, '2016-06-03 04:01:40', 'admin'),
('PERSMIR15', 17, '2016-01-10', 'K901.04', 'NN-I', 100000, 'B101', NULL, NULL, '2016-06-03 04:02:03', 'admin'),
('PERSMIR16', 17, '2016-01-10', 'K901.04', 'NN-I', 200000, 'B101', NULL, NULL, '2016-06-03 04:02:23', 'admin'),
('PERSMIR17', 17, '2016-01-10', 'K901.04', 'NN-I', 200000, 'B101', NULL, NULL, '2016-06-03 04:02:38', 'admin'),
('PERSMIR18', 17, '2016-01-10', 'K901.04', 'NN-I', 100000, 'B101', NULL, NULL, '2016-06-03 04:02:54', 'admin'),
('PERSMIR19', 17, '2016-01-10', 'K901.04', 'NN-I', 100000, 'B101', NULL, NULL, '2016-06-03 04:04:23', 'admin'),
('PERSMIR2', 17, '2016-01-10', 'K901.04', 'M/US-NN', 10000, 'B101', NULL, NULL, '2016-06-02 06:36:28', 'Bumega'),
('PERSMIR3', 17, '2016-01-10', 'K901.04', 'M/US-NN', 5000, 'B101', NULL, NULL, '2016-06-02 06:36:49', 'Bumega'),
('PERSMIR4', 17, '2016-01-10', 'K901.04', 'M/US-NN', 20000, 'B101', NULL, NULL, '2016-06-02 06:38:48', 'Bumega'),
('PERSMIR5', 17, '2016-01-10', 'K901.04', 'M/US-NN', 50000, 'B101', NULL, NULL, '2016-06-02 06:39:07', 'Bumega'),
('PERSMIR6', 17, '2016-01-10', 'K901.04', 'M/US-NN', 10000, 'B101', NULL, NULL, '2016-06-02 06:39:27', 'Bumega'),
('PERSMIR7', 17, '2016-01-10', 'K901.04', 'M/US-NN', 5000, 'B101', NULL, NULL, '2016-06-02 06:39:54', 'Bumega'),
('PERSMIR8', 17, '2016-01-10', 'K901.04', 'M/US-NN', 5000, 'B101', NULL, NULL, '2016-06-02 06:40:07', 'Bumega'),
('PERSMIR9', 17, '2016-01-10', 'K901.04', 'M/US-NN', 2000, 'B101', NULL, NULL, '2016-06-02 06:40:29', 'Bumega'),
('PERSPUL1', 18, '2016-01-10', 'K901.05', 'NN-I', 75000, 'B101', NULL, NULL, '2016-06-03 03:16:13', 'admin'),
('PERSPUL10', 18, '2016-01-10', 'K901.05', 'PP-NN', 50000, 'B101', NULL, NULL, '2016-06-03 03:21:25', 'admin'),
('PERSPUL11', 18, '2016-01-10', 'K901.05', 'PP-NN', 2000, 'B101', NULL, NULL, '2016-06-03 03:21:37', 'admin'),
('PERSPUL12', 18, '2016-01-10', 'K901.05', 'PP-VII', 50000, 'B101', '	    		', NULL, '2016-06-03 03:22:12', 'admin'),
('PERSPUL13', 18, '2016-01-10', 'K901.05', 'PP-NN', 50000, 'B101', NULL, NULL, '2016-06-03 03:22:34', 'admin'),
('PERSPUL14', 18, '2016-01-10', 'K901.05', 'PP-NN', 100000, 'B101', NULL, NULL, '2016-06-03 03:21:54', 'admin'),
('PERSPUL15', 18, '2016-01-10', 'K901.05', 'PP-NN', 150000, 'B101', NULL, NULL, '2016-06-03 03:26:14', 'admin'),
('PERSPUL16', 18, '2016-01-10', 'K901.05', 'PP-III', 300000, 'B101', '	    		', NULL, '2016-06-03 03:26:37', 'admin'),
('PERSPUL2', 18, '2016-01-10', 'K901.05', 'NN-I', 150000, 'B101', NULL, NULL, '2016-06-03 03:16:32', 'admin'),
('PERSPUL3', 18, '2016-01-10', 'K901.05', 'NN-I', 189200, 'B101', '	    		', NULL, '2016-06-03 03:16:59', 'admin'),
('PERSPUL4', 18, '2016-01-10', 'K901.05', 'NN-I', 20000, 'B101', NULL, NULL, '2016-06-03 03:17:53', 'admin'),
('PERSPUL5', 18, '2016-01-10', 'K901.05', 'NN-I', 300000, 'B101', NULL, NULL, '2016-06-03 03:18:13', 'admin'),
('PERSPUL6', 18, '2016-01-10', 'K901.05', 'NN-I', 650000, 'B101', NULL, NULL, '2016-06-03 03:18:31', 'admin'),
('PERSPUL7', 18, '2016-01-10', 'K901.05', 'NN-III', 400000, 'B101', '	    		', NULL, '2016-06-03 03:18:52', 'admin'),
('PERSPUL8', 18, '2016-01-10', 'K901.05', 'PP-NN', 100000, 'B101', '	    		', NULL, '2016-06-03 03:20:33', 'admin'),
('PERSPUL9', 18, '2016-01-10', 'K901.05', 'PP-NN', 20000, 'B101', NULL, NULL, '2016-06-03 03:21:10', 'admin'),
('PERSRP1', 9, '2016-01-03', 'K901.15', 'NN-I', 1200000, 'B101', NULL, NULL, '2016-05-19 03:43:33', 'Bumega'),
('PERSRP2', 21, '2016-01-10', 'K901.15', 'NN-I', 50000, 'B101', '	    		', NULL, '2016-06-03 03:38:32', 'admin'),
('PERSRP3', 21, '2016-01-10', 'K901.15', 'NN-I', 660000, 'B101', NULL, NULL, '2016-06-03 03:38:52', 'admin'),
('PERSRP4', 21, '2016-01-10', 'K901.15', 'NN-I', 52000, 'B101', NULL, NULL, '2016-06-03 03:39:06', 'admin'),
('PK060116', 226, '2016-01-06', 'K999.01', 'NN-NN', 3742500, 'B104', NULL, NULL, '2016-10-14 03:13:10', 'admin'),
('PL030116-1', 122, '2016-01-03', 'K901.99', 'NN-NN', 100000, 'B101', NULL, NULL, '2016-10-08 02:57:56', 'admin'),
('PL030116-10', 122, '2016-01-03', 'K901.99', 'NN-NN', 50000, 'B101', NULL, NULL, '2016-10-08 02:59:42', 'admin'),
('PL030116-11', 122, '2016-01-03', 'K901.99', 'NN-NN', 50000, 'B101', NULL, NULL, '2016-10-08 03:05:05', 'admin'),
('PL030116-12', 122, '2016-01-03', 'K901.99', 'NN-NN', 20000, 'B101', NULL, NULL, '2016-10-08 03:00:16', 'admin'),
('PL030116-13', 122, '2016-01-03', 'K901.99', 'NN-NN', 100000, 'B101', NULL, NULL, '2016-10-08 03:00:28', 'admin'),
('PL030116-14', 122, '2016-01-03', 'K901.99', 'NN-NN', 50000, 'B101', NULL, NULL, '2016-10-08 03:00:39', 'admin'),
('PL030116-15', 122, '2016-01-03', 'K901.99', 'NN-NN', 20000, 'B101', NULL, NULL, '2016-10-08 03:00:48', 'admin'),
('PL030116-16', 122, '2016-01-03', 'K901.99', 'NN-NN', 50000, 'B101', NULL, NULL, '2016-10-08 03:00:57', 'admin'),
('PL030116-17', 122, '2016-01-03', 'K901.99', 'NN-NN', 200000, 'B101', NULL, NULL, '2016-10-08 03:01:37', 'admin'),
('PL030116-18', 122, '2016-01-03', 'K901.99', 'NN-NN', 20000, 'B101', NULL, NULL, '2016-10-08 03:01:50', 'admin'),
('PL030116-19', 122, '2016-01-03', 'K901.99', 'NN-NN', 10000, 'B101', NULL, NULL, '2016-10-08 03:02:02', 'admin'),
('PL030116-2', 122, '2016-01-03', 'K901.99', 'NN-NN', 10000, 'B101', NULL, NULL, '2016-10-08 02:58:07', 'admin'),
('PL030116-20', 122, '2016-01-03', 'K901.99', 'NN-NN', 100000, 'B101', NULL, NULL, '2016-10-08 03:02:12', 'admin'),
('PL030116-21', 122, '2016-01-03', 'K901.99', 'NN-NN', 20000, 'B101', NULL, NULL, '2016-10-08 03:02:20', 'admin'),
('PL030116-3', 122, '2016-01-03', 'K901.99', 'NN-NN', 20000, 'B101', NULL, NULL, '2016-10-08 02:58:17', 'admin'),
('PL030116-4', 122, '2016-01-03', 'K901.99', 'NN-NN', 100000, 'B101', NULL, NULL, '2016-10-08 02:58:28', 'admin'),
('PL030116-5', 122, '2016-01-03', 'K901.99', 'NN-NN', 150000, 'B101', NULL, NULL, '2016-10-08 02:58:39', 'admin'),
('PL030116-6', 122, '2016-01-03', 'K901.99', 'NN-NN', 10000, 'B101', NULL, NULL, '2016-10-08 02:58:59', 'admin'),
('PL030116-7', 122, '2016-01-03', 'K901.99', 'NN-NN', 11000, 'B101', NULL, NULL, '2016-10-08 02:59:09', 'admin'),
('PL030116-8', 122, '2016-01-03', 'K901.99', 'NN-NN', 10000, 'B101', NULL, NULL, '2016-10-08 02:59:23', 'admin'),
('PL030116-9', 122, '2016-01-03', 'K901.99', 'NN-NN', 10000, 'B101', NULL, NULL, '2016-10-08 02:59:32', 'admin'),
('PL070116-1', 382, '2016-01-07', 'K901.99', 'GKJC-NN', 250000, 'B101', NULL, NULL, '2016-10-27 01:52:35', 'admin'),
('PL070116-2', 382, '2016-01-07', 'K901.99', 'W12-XII', 100000, 'B101', NULL, NULL, '2016-10-27 01:56:38', 'admin'),
('PL090116-1', 210, '2016-01-09', 'K901.99', '--XII', 100000, 'B101', NULL, NULL, '2016-10-13 04:57:31', 'admin'),
('PL100116-1', 201, '2016-01-10', 'K901.99', 'NN-NN', 100000, 'B101', NULL, NULL, '2016-10-13 03:01:56', 'admin'),
('PL100116-2', 201, '2016-01-10', 'K901.99', 'NN-NN', 500000, 'B101', NULL, NULL, '2016-10-13 03:02:25', 'admin'),
('PL150116-1', 235, '2016-01-15', 'K901.99', '82-I', 500000, 'B104', NULL, NULL, '2016-10-14 03:43:50', 'admin'),
('PL190116-1', 235, '2016-01-19', 'K901.99', '30-VII', 450000, 'B104', NULL, NULL, '2016-10-14 03:44:23', 'admin'),
('PL210116-1', 235, '2016-01-19', 'K901.99', '23-II', 100000, 'B104', '	    		', NULL, '2016-10-14 03:44:48', 'admin'),
('PL240116-1', 322, '2016-01-24', 'K901.99', 'NN-NN', 384000, 'B101', NULL, NULL, '2016-10-17 05:09:26', 'admin'),
('PL311215-1', 382, '2015-12-31', 'K901.99', 'AP-XII', 200000, 'B101', NULL, NULL, '2016-10-27 01:55:37', 'admin'),
('PM010116-1', 116, '2016-01-01', 'K901.04', 'NN-NN', 100000, 'B101', NULL, NULL, '2016-10-08 02:01:16', 'admin'),
('PM010116-10', 116, '2016-01-01', 'K901.04', 'NN-NN', 10000, 'B101', NULL, NULL, '2016-10-08 02:03:31', 'admin'),
('PM010116-11', 116, '2016-01-01', 'K901.04', 'NN-NN', 20000, 'B101', NULL, NULL, '2016-10-08 02:03:56', 'admin'),
('PM010116-12', 116, '2016-01-01', 'K901.04', 'NN-NN', 100000, 'B101', NULL, NULL, '2016-10-08 02:04:10', 'admin'),
('PM010116-13', 116, '2016-01-01', 'K901.04', 'NN-NN', 100000, 'B101', NULL, NULL, '2016-10-08 02:04:21', 'admin'),
('PM010116-14', 116, '2016-01-01', 'K901.04', 'NN-NN', 50000, 'B101', NULL, NULL, '2016-10-08 02:04:32', 'admin'),
('PM010116-15', 116, '2016-01-01', 'K901.04', 'NN-NN', 10000, 'B101', NULL, NULL, '2016-10-08 02:04:42', 'admin'),
('PM010116-16', 116, '2016-01-01', 'K901.04', 'NN-NN', 10000, 'B101', NULL, NULL, '2016-10-08 02:04:54', 'admin'),
('PM010116-17', 116, '2016-01-01', 'K901.04', 'NN-NN', 20000, 'B101', NULL, NULL, '2016-10-08 02:05:03', 'admin'),
('PM010116-18', 116, '2016-01-01', 'K901.04', 'NN-NN', 500000, 'B101', NULL, NULL, '2016-10-08 02:05:18', 'admin'),
('PM010116-19', 116, '2016-01-01', 'K901.04', 'NN-NN', 5000, 'B101', '	    		', NULL, '2016-10-08 02:05:27', 'admin'),
('PM010116-1G', 214, '2016-01-01', 'K901.04', 'NN-NN', 420000, 'B101', NULL, NULL, '2016-10-13 05:16:08', 'admin'),
('PM010116-2', 116, '2016-01-01', 'K901.04', 'NN-NN', 50000, 'B101', NULL, NULL, '2016-10-08 02:01:45', 'admin'),
('PM010116-20', 116, '2016-01-01', 'K901.04', 'NN-NN', 200000, 'B101', NULL, NULL, '2016-10-08 02:05:38', 'admin'),
('PM010116-21', 116, '2016-01-01', 'K901.04', 'NN-NN', 5000, 'B101', NULL, NULL, '2016-10-08 02:06:15', 'admin'),
('PM010116-22', 116, '2016-01-01', 'K901.04', 'NN-NN', 100000, 'B101', NULL, NULL, '2016-10-08 02:06:59', 'admin'),
('PM010116-23', 116, '2016-01-01', 'K901.04', 'NN-NN', 7000, 'B101', NULL, NULL, '2016-10-08 02:07:09', 'admin'),
('PM010116-24', 116, '2016-01-01', 'K901.04', 'NN-NN', 10000, 'B101', NULL, NULL, '2016-10-08 02:07:18', 'admin'),
('PM010116-25', 116, '2016-01-01', 'K901.04', 'NN-NN', 100000, 'B101', NULL, NULL, '2016-10-08 02:07:30', 'admin'),
('PM010116-26', 116, '2016-01-01', 'K901.04', 'NN-NN', 10000, 'B101', NULL, NULL, '2016-10-08 02:23:53', 'admin'),
('PM010116-27', 116, '2016-01-01', 'K901.04', 'NN-NN', 50000, 'B101', NULL, NULL, '2016-10-08 02:07:52', 'admin'),
('PM010116-28', 116, '2016-01-01', 'K901.04', 'NN-NN', 100000, 'B101', NULL, NULL, '2016-10-08 02:08:03', 'admin'),
('PM010116-29', 116, '2016-01-01', 'K901.04', 'NN-NN', 10000, 'B101', NULL, NULL, '2016-10-08 02:08:17', 'admin'),
('PM010116-3', 116, '2016-01-01', 'K901.04', 'NN-NN', 250000, 'B101', NULL, NULL, '2016-10-08 02:01:59', 'admin'),
('PM010116-30', 116, '2016-01-01', 'K901.04', 'NN-NN', 250000, 'B101', NULL, NULL, '2016-10-08 02:08:29', 'admin'),
('PM010116-31', 116, '2016-01-01', 'K901.04', 'NN-NN', 10000, 'B101', NULL, NULL, '2016-10-08 02:08:39', 'admin'),
('PM010116-32', 116, '2016-01-01', 'K901.04', 'NN-NN', 7000, 'B101', NULL, NULL, '2016-10-08 02:08:52', 'admin'),
('PM010116-4', 116, '2016-01-01', 'K901.04', 'NN-NN', 20000, 'B101', NULL, NULL, '2016-10-08 02:02:13', 'admin'),
('PM010116-5', 116, '2016-01-01', 'K901.04', 'NN-NN', 10000, 'B101', NULL, NULL, '2016-10-08 02:02:25', 'admin'),
('PM010116-6', 116, '2016-01-01', 'K901.04', 'NN-NN', 20000, 'B101', NULL, NULL, '2016-10-08 02:02:41', 'admin'),
('PM010116-7', 116, '2016-01-01', 'K901.04', 'NN-NN', 10000, 'B101', NULL, NULL, '2016-10-08 02:02:55', 'admin'),
('PM010116-8', 116, '2016-01-01', 'K901.04', 'NN-NN', 50000, 'B101', NULL, NULL, '2016-10-08 02:03:10', 'admin'),
('PM010116-9', 116, '2016-01-01', 'K901.04', 'NN-NN', 5000, 'B101', NULL, NULL, '2016-10-08 02:03:20', 'admin'),
('PM030116-1', 116, '2016-01-03', 'K901.04', 'NN-NN', 102000, 'B101', NULL, NULL, '2016-10-08 02:24:31', 'admin'),
('PM030116-10', 116, '2016-01-03', 'K901.04', 'NN-NN', 20000, 'B101', NULL, NULL, '2016-10-08 02:27:13', 'admin'),
('PM030116-11', 116, '2016-01-03', 'K901.04', 'NN-NN', 50000, 'B101', NULL, NULL, '2016-10-08 02:27:22', 'admin'),
('PM030116-12', 116, '2016-01-03', 'K901.04', 'NN-NN', 50000, 'B101', NULL, NULL, '2016-10-08 02:27:31', 'admin'),
('PM030116-13', 116, '2016-01-03', 'K901.04', 'NN-NN', 350000, 'B101', NULL, NULL, '2016-10-08 02:27:43', 'admin'),
('PM030116-14', 116, '2016-01-03', 'K901.04', 'NN-NN', 50000, 'B101', NULL, NULL, '2016-10-08 02:27:53', 'admin'),
('PM030116-15', 116, '2016-01-03', 'K901.04', 'NN-NN', 50000, 'B101', NULL, NULL, '2016-10-08 02:28:06', 'admin'),
('PM030116-16', 116, '2016-01-03', 'K901.04', 'NN-NN', 50000, 'B101', NULL, NULL, '2016-10-08 02:28:16', 'admin'),
('PM030116-17', 116, '2016-01-03', 'K901.04', 'NN-NN', 100000, 'B101', NULL, NULL, '2016-10-08 02:28:25', 'admin'),
('PM030116-18', 116, '2016-01-03', 'K901.04', 'NN-NN', 100000, 'B101', NULL, NULL, '2016-10-08 02:28:34', 'admin'),
('PM030116-19', 116, '2016-01-03', 'K901.04', 'NN-NN', 100000, 'B101', NULL, NULL, '2016-10-08 02:28:43', 'admin'),
('PM030116-2', 116, '2016-01-03', 'K901.04', 'NN-NN', 10000000, 'B101', NULL, NULL, '2016-10-08 02:24:59', 'admin'),
('PM030116-20', 116, '2016-01-03', 'K901.04', 'NN-NN', 100000, 'B101', NULL, NULL, '2016-10-08 02:28:53', 'admin'),
('PM030116-21', 116, '2016-01-03', 'K901.04', 'NN-NN', 50000, 'B101', NULL, NULL, '2016-10-08 02:29:03', 'admin'),
('PM030116-22', 116, '2016-01-03', 'K901.04', 'NN-NN', 440000, 'B101', NULL, NULL, '2016-10-08 02:29:16', 'admin'),
('PM030116-23', 116, '2016-01-03', 'K901.04', 'NN-NN', 100000, 'B101', NULL, NULL, '2016-10-08 02:29:27', 'admin'),
('PM030116-24', 116, '2016-01-03', 'K901.04', 'NN-NN', 5000, 'B101', NULL, NULL, '2016-10-08 02:30:15', 'admin'),
('PM030116-25', 116, '2016-01-03', 'K901.04', 'NN-NN', 5000, 'B101', NULL, NULL, '2016-10-08 02:30:23', 'admin'),
('PM030116-26', 116, '2016-01-03', 'K901.04', 'NN-NN', 50000, 'B101', NULL, NULL, '2016-10-08 02:30:34', 'admin'),
('PM030116-27', 116, '2016-01-03', 'K901.04', 'NN-NN', 32000, 'B101', NULL, NULL, '2016-10-08 02:30:44', 'admin'),
('PM030116-28', 116, '2016-01-03', 'K901.04', 'NN-NN', 32000, 'B101', NULL, NULL, '2016-10-08 02:30:56', 'admin');
INSERT INTO `tbl_penerimaan_individual` (`no_kwitansi`, `kode_transaksi`, `tanggal_penerimaan`, `kode_jenis_akun`, `pemberi`, `jumlah`, `penerima`, `bulan`, `tahun`, `waktu_input`, `kode_admin`) VALUES
('PM030116-29', 116, '2016-01-03', 'K901.04', 'NN-NN', 20000, 'B101', NULL, NULL, '2016-10-08 02:31:08', 'admin'),
('PM030116-3', 116, '2016-01-03', 'K901.04', 'NN-NN', 14000, 'B101', NULL, NULL, '2016-10-08 02:25:33', 'admin'),
('PM030116-30', 116, '2016-01-03', 'K901.04', 'NN-NN', 5000, 'B101', NULL, NULL, '2016-10-08 02:31:18', 'admin'),
('PM030116-31', 116, '2016-01-03', 'K901.04', 'NN-NN', 5000, 'B101', NULL, NULL, '2016-10-08 02:31:28', 'admin'),
('PM030116-32', 116, '2016-01-03', 'K901.04', 'NN-NN', 100000, 'B101', NULL, NULL, '2016-10-08 02:31:42', 'admin'),
('PM030116-33', 116, '2016-01-03', 'K901.04', 'NN-NN', 4000, 'B101', NULL, NULL, '2016-10-08 02:34:57', 'admin'),
('PM030116-34', 116, '2016-01-03', 'K901.04', 'NN-NN', 8000, 'B101', NULL, NULL, '2016-10-08 02:35:06', 'admin'),
('PM030116-35', 116, '2016-01-03', 'K901.04', 'NN-NN', 10000, 'B101', NULL, NULL, '2016-10-08 02:35:14', 'admin'),
('PM030116-4', 116, '2016-01-03', 'K901.04', '52-I', 50000, 'B101', NULL, NULL, '2016-10-08 02:25:56', 'admin'),
('PM030116-5', 116, '2016-01-03', 'K901.04', 'NN-NN', 50000, 'B101', NULL, NULL, '2016-10-08 02:26:13', 'admin'),
('PM030116-6', 116, '2016-01-03', 'K901.04', 'NN-NN', 100000, 'B101', NULL, NULL, '2016-10-08 02:26:22', 'admin'),
('PM030116-7', 116, '2016-01-03', 'K901.04', 'NN-NN', 50000, 'B101', NULL, NULL, '2016-10-08 02:26:34', 'admin'),
('PM030116-8', 116, '2016-01-03', 'K901.04', 'NN-NN', 50000, 'B101', NULL, NULL, '2016-10-08 02:26:52', 'admin'),
('PM030116-9', 116, '2016-01-03', 'K901.04', 'NN-NN', 100000, 'B101', NULL, NULL, '2016-10-08 02:27:03', 'admin'),
('PM090116-1G', 211, '2016-01-09', 'K901.04', 'DKR-NN', 7000000, 'B101', NULL, NULL, '2016-10-13 05:11:58', 'admin'),
('PM100116-1', 196, '2016-01-10', 'K901.04', 'NN-NN', 202000, 'B101', NULL, NULL, '2016-10-13 02:42:24', 'admin'),
('PM100116-10', 196, '2016-01-10', 'K901.04', 'M/US-NN', 5000, 'B101', NULL, NULL, '2016-10-13 02:46:01', 'admin'),
('PM100116-11', 196, '2016-01-10', 'K901.04', 'M/US-NN', 20000, 'B101', NULL, NULL, '2016-10-13 02:46:11', 'admin'),
('PM100116-12', 196, '2016-01-10', 'K901.04', 'M/US-NN', 50000, 'B101', NULL, NULL, '2016-10-13 02:46:21', 'admin'),
('PM100116-13', 196, '2016-01-10', 'K901.04', 'M/US-NN', 10000, 'B101', NULL, NULL, '2016-10-13 02:46:31', 'admin'),
('PM100116-14', 196, '2016-01-10', 'K901.04', 'M/US-NN', 5000, 'B101', NULL, NULL, '2016-10-13 02:46:43', 'admin'),
('PM100116-15', 196, '2016-01-10', 'K901.04', 'M/US-NN', 5000, 'B101', NULL, NULL, '2016-10-13 02:46:54', 'admin'),
('PM100116-16', 196, '2016-01-10', 'K901.04', 'M/US-NN', 2000, 'B101', NULL, NULL, '2016-10-13 02:47:04', 'admin'),
('PM100116-17', 196, '2016-01-10', 'K901.04', 'M/US-NN', 20000, 'B101', NULL, NULL, '2016-10-13 02:47:13', 'admin'),
('PM100116-18', 196, '2016-01-10', 'K901.04', 'M/US-NN', 10000, 'B101', NULL, NULL, '2016-10-13 02:47:24', 'admin'),
('PM100116-19', 196, '2016-01-10', 'K901.04', 'M/US-NN', 10000, 'B101', NULL, NULL, '2016-10-13 02:47:34', 'admin'),
('PM100116-2', 196, '2016-01-10', 'K901.04', 'NN-NN', 100000, 'B101', NULL, NULL, '2016-10-13 02:42:48', 'admin'),
('PM100116-3', 196, '2016-01-10', 'K901.04', 'NN-NN', 100000, 'B101', NULL, NULL, '2016-10-13 02:43:08', 'admin'),
('PM100116-4', 196, '2016-01-10', 'K901.04', 'NN-NN', 100000, 'B101', NULL, NULL, '2016-10-13 02:43:22', 'admin'),
('PM100116-5', 196, '2016-01-10', 'K901.04', 'NN-NN', 200000, 'B101', NULL, NULL, '2016-10-13 02:43:34', 'admin'),
('PM100116-6', 196, '2016-01-10', 'K901.04', 'NN-NN', 200000, 'B101', NULL, NULL, '2016-10-13 02:44:20', 'admin'),
('PM100116-7', 196, '2016-01-10', 'K901.04', 'NN-NN', 100000, 'B101', NULL, NULL, '2016-10-13 02:44:31', 'admin'),
('PM100116-8', 196, '2016-01-10', 'K901.04', 'US-NN', 50000, 'B101', NULL, NULL, '2016-10-13 02:45:29', 'admin'),
('PM100116-9', 196, '2016-01-10', 'K901.04', 'M/US-NN', 10000, 'B101', NULL, NULL, '2016-10-13 02:45:52', 'admin'),
('PM140116-1', 206, '2016-01-14', 'K901.04', '70-III', 200000, 'B101', NULL, NULL, '2016-10-13 04:37:38', 'admin'),
('PM170116-1', 218, '2016-01-17', 'K901.04', 'PB-V', 5000000, 'B101', NULL, NULL, '2016-10-14 02:34:16', 'admin'),
('PM170116-10', 218, '2016-01-17', 'K901.04', 'NN-NN', 100000, 'B101', NULL, NULL, '2016-10-14 02:38:47', 'admin'),
('PM170116-11', 218, '2016-01-17', 'K901.04', 'NN-NN', 450000, 'B101', NULL, NULL, '2016-10-14 02:39:07', 'admin'),
('PM170116-12', 218, '2016-01-17', 'K901.04', 'NN-NN', 50000, 'B101', NULL, NULL, '2016-10-14 02:39:20', 'admin'),
('PM170116-13', 218, '2016-01-17', 'K901.04', 'NN-NN', 50000, 'B101', NULL, NULL, '2016-10-14 02:39:33', 'admin'),
('PM170116-14', 218, '2016-01-17', 'K901.04', 'NN-NN', 50000, 'B101', NULL, NULL, '2016-10-14 02:40:14', 'admin'),
('PM170116-15', 218, '2016-01-17', 'K901.04', 'NN-NN', 50000, 'B101', NULL, NULL, '2016-10-14 02:40:24', 'admin'),
('PM170116-16', 218, '2016-01-17', 'K901.04', 'NN-NN', 50000, 'B101', NULL, NULL, '2016-10-14 02:40:32', 'admin'),
('PM170116-17', 218, '2016-01-17', 'K901.04', 'NN-NN', 50000, 'B101', NULL, NULL, '2016-10-14 02:40:40', 'admin'),
('PM170116-18', 218, '2016-01-17', 'K901.04', 'NN-NN', 20000, 'B101', NULL, NULL, '2016-10-14 02:40:55', 'admin'),
('PM170116-19', 218, '2016-01-17', 'K901.04', 'NN-NN', 10000, 'B101', NULL, NULL, '2016-10-14 02:41:10', 'admin'),
('PM170116-2', 218, '2016-01-17', 'K901.04', 'MS15-NN', 20000, 'B101', NULL, NULL, '2016-10-14 02:35:15', 'admin'),
('PM170116-20', 218, '2016-01-17', 'K901.04', 'NN-NN', 100000, 'B101', NULL, NULL, '2016-10-14 02:41:21', 'admin'),
('PM170116-21', 218, '2016-01-17', 'K901.04', 'NN-NN', 5000, 'B101', NULL, NULL, '2016-10-14 02:41:31', 'admin'),
('PM170116-22', 218, '2016-01-17', 'K901.04', 'NN-NN', 5000, 'B101', NULL, NULL, '2016-10-14 02:41:41', 'admin'),
('PM170116-23', 218, '2016-01-17', 'K901.04', 'NN-NN', 50000, 'B101', NULL, NULL, '2016-10-14 02:41:50', 'admin'),
('PM170116-24', 218, '2016-01-17', 'K901.04', 'NN-NN', 5000, 'B101', NULL, NULL, '2016-10-14 02:42:13', 'admin'),
('PM170116-25', 218, '2016-01-17', 'K901.04', 'NN-NN', 5000, 'B101', NULL, NULL, '2016-10-14 02:42:21', 'admin'),
('PM170116-26', 218, '2016-01-17', 'K901.04', 'NN-NN', 1000, 'B101', NULL, NULL, '2016-10-14 02:42:32', 'admin'),
('PM170116-3', 218, '2016-01-17', 'K901.04', 'NN-NN', 50000, 'B101', NULL, NULL, '2016-10-14 02:35:33', 'admin'),
('PM170116-4', 218, '2016-01-17', 'K901.04', 'NN-NN', 20000, 'B101', NULL, NULL, '2016-10-14 02:37:20', 'admin'),
('PM170116-5', 218, '2016-01-17', 'K901.04', 'NN-NN', 100000, 'B101', NULL, NULL, '2016-10-14 02:37:33', 'admin'),
('PM170116-6', 218, '2016-01-17', 'K901.04', 'NN-NN', 50000, 'B101', NULL, NULL, '2016-10-14 02:37:45', 'admin'),
('PM170116-7', 218, '2016-01-17', 'K901.04', 'NN-NN', 80000, 'B101', NULL, NULL, '2016-10-14 02:38:01', 'admin'),
('PM170116-8', 218, '2016-01-17', 'K901.04', 'NN-NN', 50000, 'B101', NULL, NULL, '2016-10-14 02:38:12', 'admin'),
('PM170116-9', 218, '2016-01-17', 'K901.04', 'NN-NN', 50000, 'B101', NULL, NULL, '2016-10-14 02:38:22', 'admin'),
('PM190116-1', 230, '2016-01-19', 'K901.04', '30-VII', 300000, 'B104', '	    		', NULL, '2016-10-14 03:41:13', 'admin'),
('PM220116-1G', 227, '2016-01-22', 'K901.04', 'NN-NN', 500000, 'B104', NULL, NULL, '2016-10-14 03:20:10', 'admin'),
('PM240116-1', 318, '2016-01-24', 'K901.04', 'NN-NN', 100000, 'B101', NULL, NULL, '2016-10-17 04:56:49', 'admin'),
('PM240116-10', 318, '2016-01-24', 'K901.04', 'NN-NN', 5000, 'B101', NULL, NULL, '2016-10-17 04:58:39', 'admin'),
('PM240116-11', 318, '2016-01-24', 'K901.04', 'NN-NN', 2000, 'B101', NULL, NULL, '2016-10-17 04:58:50', 'admin'),
('PM240116-12', 318, '2016-01-24', 'K901.04', 'NN-X', 200000, 'B101', NULL, NULL, '2016-10-17 04:59:11', 'admin'),
('PM240116-13', 318, '2016-01-24', 'K901.04', 'NN-NN', 100000, 'B101', NULL, NULL, '2016-10-17 04:59:27', 'admin'),
('PM240116-14', 318, '2016-01-24', 'K901.04', 'NN-NN', 10000, 'B101', NULL, NULL, '2016-10-17 04:59:37', 'admin'),
('PM240116-15', 318, '2016-01-24', 'K901.04', 'NN-NN', 10000, 'B101', NULL, NULL, '2016-10-17 04:59:44', 'admin'),
('PM240116-2', 318, '2016-01-24', 'K901.04', 'NN-NN', 100000, 'B101', NULL, NULL, '2016-10-17 04:56:58', 'admin'),
('PM240116-3', 318, '2016-01-24', 'K901.04', 'NN-NN', 50000, 'B101', NULL, NULL, '2016-10-17 04:57:08', 'admin'),
('PM240116-4', 318, '2016-01-24', 'K901.04', 'NN-NN', 10000, 'B101', NULL, NULL, '2016-10-17 04:57:20', 'admin'),
('PM240116-5', 318, '2016-01-24', 'K901.04', 'NN-NN', 25000, 'B101', NULL, NULL, '2016-10-17 04:57:35', 'admin'),
('PM240116-6', 318, '2016-01-24', 'K901.04', 'NN-NN', 50000, 'B101', NULL, NULL, '2016-10-17 04:57:43', 'admin'),
('PM240116-7', 318, '2016-01-24', 'K901.04', 'NN-TB', 100000, 'B101', NULL, NULL, '2016-10-17 04:57:59', 'admin'),
('PM240116-8', 318, '2016-01-24', 'K901.04', 'NN-NN', 7200, 'B101', NULL, NULL, '2016-10-17 04:58:18', 'admin'),
('PM240116-9', 318, '2016-01-24', 'K901.04', 'NN-NN', 5000, 'B101', NULL, NULL, '2016-10-17 04:58:28', 'admin'),
('PM300116-1G', 316, '2016-01-30', 'K901.04', 'NN-NN', 5000000, 'B101', NULL, NULL, '2016-10-17 04:44:20', 'admin'),
('PP010116-1', 117, '2016-01-01', 'K901.05', 'NN-NN', 800000, 'B101', NULL, NULL, '2016-10-08 01:40:38', 'admin'),
('PP010116-2', 117, '2016-01-01', 'K901.05', 'NN-NN', 300000, 'B101', NULL, NULL, '2016-10-08 01:40:48', 'admin'),
('PP020116-1', 117, '2016-01-02', 'K901.05', 'NN-NN', 10000, 'B101', NULL, NULL, '2016-10-08 01:41:12', 'admin'),
('PP030116-1', 117, '2016-01-03', 'K901.05', 'NN-NN', 100000, 'B101', NULL, NULL, '2016-10-08 01:41:51', 'admin'),
('PP030116-10', 117, '2016-01-03', 'K901.05', 'NN-NN', 100000, 'B101', NULL, NULL, '2016-10-08 01:44:43', 'admin'),
('PP030116-11', 117, '2016-01-03', 'K901.05', 'NN-NN', 10000, 'B101', NULL, NULL, '2016-10-08 01:44:53', 'admin'),
('PP030116-12', 117, '2016-01-03', 'K901.05', '03-TA', 350000, 'B101', NULL, NULL, '2016-10-08 01:46:07', 'admin'),
('PP030116-13', 117, '2016-01-03', 'K901.05', 'NN-NN', 100000, 'B101', NULL, NULL, '2016-10-08 01:46:36', 'admin'),
('PP030116-14', 117, '2016-01-03', 'K901.05', 'NN-NN', 300000, 'B101', NULL, NULL, '2016-10-08 01:46:48', 'admin'),
('PP030116-15', 117, '2016-01-03', 'K901.05', 'NN-NN', 100000, 'B101', NULL, NULL, '2016-10-08 01:46:59', 'admin'),
('PP030116-16', 117, '2016-01-03', 'K901.05', 'NN-NN', 300000, 'B101', NULL, NULL, '2016-10-08 01:47:14', 'admin'),
('PP030116-17', 117, '2016-01-03', 'K901.05', 'NN-NN', 300000, 'B101', NULL, NULL, '2016-10-08 01:47:24', 'admin'),
('PP030116-18', 117, '2016-01-03', 'K901.05', 'NN-NN', 600000, 'B101', NULL, NULL, '2016-10-08 01:47:37', 'admin'),
('PP030116-19', 117, '2016-01-03', 'K901.05', 'NN-NN', 50000, 'B101', NULL, NULL, '2016-10-08 01:47:51', 'admin'),
('PP030116-2', 117, '2016-01-03', 'K901.05', 'NN-NN', 300000, 'B101', NULL, NULL, '2016-10-08 01:42:03', 'admin'),
('PP030116-20', 117, '2016-01-03', 'K901.05', 'BWC-NN', 800000, 'B101', NULL, NULL, '2016-10-08 01:49:59', 'admin'),
('PP030116-21', 117, '2016-01-03', 'K901.05', 'NN-NN', 20000, 'B101', NULL, NULL, '2016-10-08 01:50:30', 'admin'),
('PP030116-22', 117, '2016-01-03', 'K901.05', 'NN-NN', 10000, 'B101', NULL, NULL, '2016-10-08 01:50:43', 'admin'),
('PP030116-23', 117, '2016-01-03', 'K901.05', 'NN-NN', 850000, 'B101', NULL, NULL, '2016-10-08 01:51:01', 'admin'),
('PP030116-24', 117, '2016-01-03', 'K901.05', 'NN-NN', 250000, 'B101', NULL, NULL, '2016-10-08 01:51:11', 'admin'),
('PP030116-25', 117, '2016-01-03', 'K901.05', 'NN-NN', 100000, 'B101', NULL, NULL, '2016-10-08 01:51:23', 'admin'),
('PP030116-26', 117, '2016-01-03', 'K901.05', 'NN-NN', 50000, 'B101', NULL, NULL, '2016-10-08 01:51:36', 'admin'),
('PP030116-27', 117, '2016-01-03', 'K901.05', 'YT-XII', 70000, 'B101', NULL, NULL, '2016-10-08 01:53:02', 'admin'),
('PP030116-28', 117, '2016-01-03', 'K901.05', 'NN-NN', 50000, 'B101', NULL, NULL, '2016-10-08 01:53:25', 'admin'),
('PP030116-29', 117, '2016-01-03', 'K901.05', 'NN-NN', 20000, 'B101', NULL, NULL, '2016-10-08 01:53:40', 'admin'),
('PP030116-3', 117, '2016-01-03', 'K901.05', 'NN-TA', 400000, 'B101', NULL, NULL, '2016-10-08 01:42:26', 'admin'),
('PP030116-30', 117, '2016-01-03', 'K901.05', 'NN-NN', 60000, 'B101', NULL, NULL, '2016-10-08 01:53:52', 'admin'),
('PP030116-31', 117, '2016-01-03', 'K901.05', 'NN-NN', 50000, 'B101', NULL, NULL, '2016-10-08 01:54:04', 'admin'),
('PP030116-4', 117, '2016-01-03', 'K901.05', 'NN-NN', 5000, 'B101', NULL, NULL, '2016-10-08 01:42:44', 'admin'),
('PP030116-5', 117, '2016-01-03', 'K901.05', 'NN-TA', 240000, 'B101', NULL, NULL, '2016-10-08 01:43:00', 'admin'),
('PP030116-6', 117, '2016-01-03', 'K901.05', 'NN-NN', 645000, 'B101', NULL, NULL, '2016-10-08 01:43:16', 'admin'),
('PP030116-7', 117, '2016-01-03', 'K901.05', 'NN-NN', 400000, 'B101', NULL, NULL, '2016-10-08 01:43:32', 'admin'),
('PP030116-8', 117, '2016-01-03', 'K901.05', 'NN-NN', 500000, 'B101', NULL, NULL, '2016-10-08 01:44:08', 'admin'),
('PP030116-9', 117, '2016-01-03', 'K901.05', 'NN-WS', 200000, 'B101', NULL, NULL, '2016-10-08 01:44:25', 'admin'),
('PP050116-1', 378, '2016-01-05', 'K901.05', '171-XII', 236000, 'B101', NULL, NULL, '2016-10-26 06:30:00', 'admin'),
('PP050116-2', 378, '2016-01-05', 'K901.05', '77-VII', 100000, 'B101', NULL, NULL, '2016-10-26 06:30:33', 'admin'),
('PP060116-1', 378, '2016-01-06', 'K901.05', '35-X', 350000, 'B101', NULL, NULL, '2016-10-26 06:31:11', 'admin'),
('PP070116-1', 378, '2016-01-07', 'K901.05', 'E-TA', 200000, 'B101', NULL, NULL, '2016-10-26 06:31:46', 'admin'),
('PP100116-1', 197, '2016-01-10', 'K901.05', 'NN-NN', 75000, 'B101', NULL, NULL, '2016-10-13 02:49:09', 'admin'),
('PP100116-10', 197, '2016-01-10', 'K901.05', 'PP-NN', 50000, 'B101', NULL, NULL, '2016-10-13 02:51:21', 'admin'),
('PP100116-11', 197, '2016-01-10', 'K901.05', 'PP-NN', 2000, 'B101', NULL, NULL, '2016-10-13 02:51:55', 'admin'),
('PP100116-12', 197, '2016-01-10', 'K901.05', 'PP-NN', 100000, 'B101', NULL, NULL, '2016-10-13 02:52:07', 'admin'),
('PP100116-13', 197, '2016-01-10', 'K901.05', 'PP-NN', 50000, 'B101', NULL, NULL, '2016-10-13 02:52:17', 'admin'),
('PP100116-14', 197, '2016-01-10', 'K901.05', 'PP-VII', 50000, 'B101', NULL, NULL, '2016-10-13 02:52:38', 'admin'),
('PP100116-15', 197, '2016-01-10', 'K901.05', 'PP-NN', 150000, 'B101', NULL, NULL, '2016-10-13 02:53:10', 'admin'),
('PP100116-16', 197, '2016-01-10', 'K901.05', 'PP-III', 300000, 'B101', NULL, NULL, '2016-10-13 02:53:27', 'admin'),
('PP100116-2', 197, '2016-01-10', 'K901.05', 'NN-NN', 150000, 'B101', NULL, NULL, '2016-10-13 02:49:19', 'admin'),
('PP100116-3', 197, '2016-01-10', 'K901.05', 'NN-NN', 189200, 'B101', '	    		', NULL, '2016-10-13 02:49:31', 'admin'),
('PP100116-4', 197, '2016-01-10', 'K901.05', 'NN-NN', 20000, 'B101', NULL, NULL, '2016-10-13 02:49:46', 'admin'),
('PP100116-5', 197, '2016-01-10', 'K901.05', 'NN-NN', 300000, 'B101', NULL, NULL, '2016-10-13 02:49:58', 'admin'),
('PP100116-6', 197, '2016-01-10', 'K901.05', 'NN-NN', 650000, 'B101', NULL, NULL, '2016-10-13 02:50:17', 'admin'),
('PP100116-7', 197, '2016-01-10', 'K901.05', 'NN-III', 400000, 'B101', NULL, NULL, '2016-10-13 02:50:36', 'admin'),
('PP100116-8', 197, '2016-01-10', 'K901.05', 'PP-NN', 100000, 'B101', NULL, NULL, '2016-10-13 02:50:59', 'admin'),
('PP100116-9', 197, '2016-01-10', 'K901.05', 'PP-NN', 20000, 'B101', NULL, NULL, '2016-10-13 02:51:09', 'admin'),
('PP110116-1', 207, '2016-01-11', 'K901.05', '160-XII', 400000, 'B101', NULL, NULL, '2016-10-13 04:34:23', 'admin'),
('PP130116-1', 207, '2016-01-13', 'K901.05', '--V', 500000, 'B101', NULL, NULL, '2016-10-13 04:35:00', 'admin'),
('PP140116-1', 207, '2016-01-14', 'K901.05', '13-WB', 350000, 'B101', NULL, NULL, '2016-10-13 04:35:41', 'admin'),
('PP140116-2', 207, '2016-01-14', 'K901.05', '70-III', 200000, 'B101', '	    		', NULL, '2016-10-13 04:36:06', 'admin'),
('PP150116-1', 231, '2016-01-15', 'K901.05', '82-I', 200000, 'B104', NULL, NULL, '2016-10-14 03:39:56', 'admin'),
('PP170116-1', 219, '2016-01-17', 'K901.05', 'NN-NN', 210000, 'B101', NULL, NULL, '2016-10-14 03:05:51', 'admin'),
('PP170116-10', 219, '2016-01-17', 'K901.05', 'NN-NN', 30000, 'B101', NULL, NULL, '2016-10-14 03:09:40', 'admin'),
('PP170116-11', 219, '2016-01-17', 'K901.05', 'NN-WB', 200000, 'B101', NULL, NULL, '2016-10-14 03:09:54', 'admin'),
('PP170116-12', 219, '2016-01-17', 'K901.05', 'NN-NN', 50000, 'B101', NULL, NULL, '2016-10-14 03:10:08', 'admin'),
('PP170116-13', 219, '2016-01-17', 'K901.05', 'NN-NN', 100000, 'B101', NULL, NULL, '2016-10-14 03:10:20', 'admin'),
('PP170116-14', 219, '2016-01-17', 'K901.05', 'NN-NN', 1000, 'B101', NULL, NULL, '2016-10-14 03:10:32', 'admin'),
('PP170116-15', 219, '2016-01-17', 'K901.05', 'NN-NN', 60000, 'B101', NULL, NULL, '2016-10-14 03:10:44', 'admin'),
('PP170116-16', 219, '2016-01-17', 'K901.05', 'NN-NN', 20000, 'B101', NULL, NULL, '2016-10-14 03:10:57', 'admin'),
('PP170116-2', 219, '2016-01-17', 'K901.05', 'NN-XII', 70000, 'B101', NULL, NULL, '2016-10-14 03:06:17', 'admin'),
('PP170116-3', 219, '2016-01-17', 'K901.05', 'MS15-NN', 20000, 'B101', NULL, NULL, '2016-10-14 03:06:38', 'admin'),
('PP170116-4', 219, '2016-01-17', 'K901.05', 'NN-NN', 250000, 'B101', '	    		', NULL, '2016-10-14 03:07:01', 'admin'),
('PP170116-5', 219, '2016-01-17', 'K901.05', 'NN-NN', 200000, 'B101', '	    		', NULL, '2016-10-14 03:07:11', 'admin'),
('PP170116-6', 219, '2016-01-17', 'K901.05', 'NN-NN', 100000, 'B101', '	    		', NULL, '2016-10-14 03:07:22', 'admin'),
('PP170116-7', 219, '2016-01-17', 'K901.05', 'NN-NN', 50000, 'B101', NULL, NULL, '2016-10-14 03:08:57', 'admin'),
('PP170116-8', 219, '2016-01-17', 'K901.05', 'NN-NN', 300000, 'B101', NULL, NULL, '2016-10-14 03:09:11', 'admin'),
('PP170116-9', 219, '2016-01-17', 'K901.05', 'NN-NN', 300000, 'B101', NULL, NULL, '2016-10-14 03:09:21', 'admin'),
('PP190116-7', 229, '2016-01-19', 'K901.01', '30-VII', 200000, 'B104', NULL, NULL, '2016-10-14 03:36:09', 'admin'),
('PP210116-1', 231, '2016-01-15', 'K901.05', '44-IX', 1160000, 'B104', NULL, NULL, '2016-10-14 03:40:34', 'admin'),
('PP240116-1', 319, '2016-01-24', 'K901.05', 'AD7-NN', 271000, 'B101', NULL, NULL, '2016-10-17 05:02:01', 'admin'),
('PP240116-10', 319, '2016-01-24', 'K901.05', 'NN-NN', 50000, 'B101', NULL, NULL, '2016-10-17 05:04:44', 'admin'),
('PP240116-11', 319, '2016-01-24', 'K901.05', 'NN-NN', 100000, 'B101', NULL, NULL, '2016-10-17 05:04:55', 'admin'),
('PP240116-12', 319, '2016-01-24', 'K901.05', 'NN-NN', 20000, 'B101', NULL, NULL, '2016-10-17 05:05:19', 'admin'),
('PP240116-13', 319, '2016-01-24', 'K901.05', 'NN-NN', 1000000, 'B101', NULL, NULL, '2016-10-17 05:05:31', 'admin'),
('PP240116-14', 319, '2016-01-24', 'K901.05', 'NN-NN', 50000, 'B101', NULL, NULL, '2016-10-17 05:05:42', 'admin'),
('PP240116-15', 319, '2016-01-24', 'K901.05', 'NN-NN', 300000, 'B101', NULL, NULL, '2016-10-17 05:06:02', 'admin'),
('PP240116-16', 319, '2016-01-24', 'K901.05', 'NN-NN', 102600, 'B101', NULL, NULL, '2016-10-17 05:06:26', 'admin'),
('PP240116-17', 319, '2016-01-24', 'K901.05', 'NN-NN', 200000, 'B101', NULL, NULL, '2016-10-17 05:06:42', 'admin'),
('PP240116-18', 319, '2016-01-24', 'K901.05', 'NN-NN', 100000, 'B101', NULL, NULL, '2016-10-17 05:06:52', 'admin'),
('PP240116-2', 319, '2016-01-24', 'K901.05', 'NN-NN', 60000, 'B101', NULL, NULL, '2016-10-17 05:02:26', 'admin'),
('PP240116-3', 319, '2016-01-24', 'K901.05', 'NN-NN', 50000, 'B101', NULL, NULL, '2016-10-17 05:02:34', 'admin'),
('PP240116-4', 319, '2016-01-24', 'K901.05', 'NN-NN', 100000, 'B101', NULL, NULL, '2016-10-17 05:02:47', 'admin'),
('PP240116-5', 319, '2016-01-24', 'K901.05', 'NN-X', 53000, 'B101', NULL, NULL, '2016-10-17 05:03:16', 'admin'),
('PP240116-6', 319, '2016-01-24', 'K901.05', 'NN-NN', 100000, 'B101', NULL, NULL, '2016-10-17 05:03:36', 'admin'),
('PP240116-7', 319, '2016-01-24', 'K901.05', 'NN-NN', 200000, 'B101', NULL, NULL, '2016-10-17 05:03:48', 'admin'),
('PP240116-8', 319, '2016-01-24', 'K901.05', 'NN-NN', 50000, 'B101', NULL, NULL, '2016-10-17 05:03:58', 'admin'),
('PP240116-9', 319, '2016-01-24', 'K901.05', 'MS15-NN', 25000, 'B101', NULL, NULL, '2016-10-17 05:04:26', 'admin'),
('PP311215-1', 117, '2015-12-31', 'K901.05', 'NN-NN', 20000, 'B101', NULL, NULL, '2016-10-08 01:37:22', 'admin'),
('PP311215-2', 117, '2015-12-31', 'K901.05', 'NN-NN', 20000, 'B101', NULL, NULL, '2016-10-08 01:38:05', 'admin'),
('PP311215-3', 117, '2015-12-31', 'K901.05', 'NN-NN', 20000, 'B101', NULL, NULL, '2016-10-08 01:38:28', 'admin'),
('PP311215-4', 117, '2015-12-31', 'K901.05', 'NN-NN', 50000, 'B101', '	    		', NULL, '2016-10-08 01:38:42', 'admin'),
('PP311215-5', 117, '2015-12-31', 'K901.05', 'NN-NN', 10000, 'B101', NULL, NULL, '2016-10-08 01:39:25', 'admin'),
('PP311215-6', 117, '2015-12-31', 'K901.05', 'NN-NN', 500000, 'B101', NULL, NULL, '2016-10-08 01:39:38', 'admin'),
('PP311215-7', 117, '2015-12-31', 'K901.05', 'NN-NN', 5000, 'B101', NULL, NULL, '2016-10-08 01:39:49', 'admin'),
('PP311215-8', 117, '2015-12-31', 'K901.05', 'NN-NN', 100000, 'B101', NULL, NULL, '2016-10-08 01:40:01', 'admin'),
('PRP030116-1', 120, '2016-01-03', 'K901.15', 'NN-NN', 500000, 'B101', NULL, NULL, '2016-10-08 02:54:33', 'admin'),
('PRP030116-2', 120, '2016-01-03', 'K901.15', 'NN-NN', 700000, 'B101', NULL, NULL, '2016-10-08 02:54:47', 'admin'),
('PRP040116-1', 381, '2016-01-04', 'K901.15', 'S-X', 300000, 'B101', NULL, NULL, '2016-10-27 01:49:54', 'admin'),
('PRP050116-1', 381, '2016-01-05', 'K901.15', 'DA-VIII', 500000, 'B101', NULL, NULL, '2016-10-27 01:50:55', 'admin'),
('PRP060516-1', 381, '2016-01-06', 'K901.15', '42-I', 100000, 'B101', NULL, NULL, '2016-10-27 01:51:37', 'admin'),
('PRP090116-1G', 213, '2016-01-09', 'K901.15', 'DKR-NN', 1000000, 'B101', NULL, NULL, '2016-10-13 05:13:00', 'admin'),
('PRP100116-1', 200, '2016-01-10', 'K901.15', 'NN-NN', 50000, 'B101', NULL, NULL, '2016-10-13 02:59:31', 'admin'),
('PRP100116-2', 200, '2016-01-10', 'K901.15', 'NN-NN', 660000, 'B101', NULL, NULL, '2016-10-13 02:59:41', 'admin'),
('PRP100116-3', 200, '2016-01-10', 'K901.15', 'NN-NN', 52000, 'B101', NULL, NULL, '2016-10-13 02:59:50', 'admin'),
('PRP150116-1', 234, '2016-01-15', 'K901.15', '--TB', 357500, 'B104', NULL, NULL, '2016-10-14 03:43:04', 'admin'),
('PRP170116-1', 222, '2016-01-17', 'K901.15', 'NN-NN', 215000, 'B101', NULL, NULL, '2016-10-14 02:48:10', 'admin'),
('PRP170116-2', 222, '2016-01-17', 'K901.15', 'NN-NN', 50000, 'B101', NULL, NULL, '2016-10-14 02:48:24', 'admin'),
('PRP240116-1', 321, '2016-01-24', 'K901.15', 'NN-NN', 50000, 'B101', NULL, NULL, '2016-10-17 05:08:16', 'admin'),
('PRP301215-1', 381, '2015-12-30', 'K901.15', 'AH-X', 500000, 'B101', NULL, NULL, '2016-10-27 01:48:01', 'admin'),
('PRP301215-2', 381, '2015-12-30', 'K901.15', 'AH-X', 500000, 'B101', NULL, NULL, '2016-10-27 01:48:28', 'admin');

-- --------------------------------------------------------

--
-- Table structure for table `tbl_profil_gereja`
--

CREATE TABLE IF NOT EXISTS `tbl_profil_gereja` (
  `nama_gereja` varchar(100) NOT NULL,
  `alamat_gereja` varchar(100) NOT NULL,
  `email_gereja` varchar(30) NOT NULL,
  `nomer_telepon_gereja` varchar(40) NOT NULL,
  `logo_gereja` varchar(20) NOT NULL,
  `tahun_pembukuan` year(4) NOT NULL
) ENGINE=InnoDB DEFAULT CHARSET=latin1;

--
-- Dumping data for table `tbl_profil_gereja`
--

INSERT INTO `tbl_profil_gereja` (`nama_gereja`, `alamat_gereja`, `email_gereja`, `nomer_telepon_gereja`, `logo_gereja`, `tahun_pembukuan`) VALUES
('GEREJA KRISTEN JAWA GONDOKUSUMAN', 'JL. DR. WAHIDIN SUDIROHUSODO 40 YOGYAKARTA 55222', 'gkj.gondokusuman@yahoo.com', '(0274) 513570', 'logo-gereja.png', 2016);

-- --------------------------------------------------------

--
-- Table structure for table `tbl_rencana_anggaran`
--

CREATE TABLE IF NOT EXISTS `tbl_rencana_anggaran` (
  `kode_jenis_akun` char(7) NOT NULL,
  `rencana_anggaran` bigint(20) NOT NULL,
  `tahun_perencanaan` year(4) NOT NULL
) ENGINE=InnoDB DEFAULT CHARSET=latin1;

--
-- Dumping data for table `tbl_rencana_anggaran`
--

INSERT INTO `tbl_rencana_anggaran` (`kode_jenis_akun`, `rencana_anggaran`, `tahun_perencanaan`) VALUES
('D201.02', 1050, 2016),
('D801.01', 103000000, 2016),
('D801.02', 85080000, 2016),
('D801.03', 37200000, 2016),
('D801.04', 1000000, 2016),
('D802.01', 26400000, 2016),
('D802.02', 24000000, 2016),
('D802.03', 10000000, 2016),
('D802.04', 7500000, 2016),
('D802.05', 12600000, 2016),
('D802.06', 1000000, 2016),
('D803.01', 12000000, 2016),
('D803.02', 24200000, 2016),
('D803.03', 12400000, 2016),
('D803.04', 24900000, 2016),
('D803.05', 3500000, 2016),
('D803.06', 4500000, 2016),
('D803.07', 21525000, 2016),
('D803.08', 33610000, 2016),
('D803.09', 1000000, 2016),
('D804.01', 179100000, 2016),
('D804.02', 50000000, 2016),
('D804.03', 1000000, 2016),
('D805.01', 1000000, 2016),
('D805.02', 1000000, 2016),
('D805.03', 1500000, 2016),
('D805.04', 25200000, 2016),
('D806.01', 0, 2016),
('D807.01', 10000000, 2016),
('D807.02', 12000000, 2016),
('D807.03', 12000000, 2016),
('D809.01', 107000000, 2016),
('D809.08', 17000000, 2016),
('D809.09', 18000000, 2016),
('D810.01', 18000000, 2016),
('D810.02', 140897000, 2016),
('D810.03', 19200000, 2016),
('D810.04', 3600000, 2016),
('D810.05', 10000000, 2016),
('D810.06', 4000000, 2016),
('D901.01', 10000000, 2016),
('D901.02', 6000000, 2016),
('D901.03', 3500000, 2016),
('D901.04', 10000000, 2016),
('D901.05', 2000000, 2016),
('D901.06', 10000000, 2016),
('D901.07', 45000000, 2016),
('D901.08', 5000000, 2016),
('D902.01', 30000000, 2016),
('D902.02', 15000000, 2016),
('D902.03', 5000000, 2016),
('D902.04', 5000000, 2016),
('D902.05', 6000000, 2016),
('D902.06', 23000000, 2016),
('D902.07', 5000000, 2016),
('D902.08', 10000000, 2016),
('D902.09', 15000000, 2016),
('D903.01', 65000000, 2016),
('D903.02', 14000000, 2016),
('D903.03', 600000, 2016),
('D903.04', 75000000, 2016),
('D903.05', 2000000, 2016),
('D903.06', 10000000, 2016),
('D903.07', 10000000, 2016),
('D903.08', 15000000, 2016),
('D903.09', 10000000, 2016),
('D903.10', 60000000, 2016),
('D903.11', 15000000, 2016),
('D903.12', 55000000, 2016),
('D904.01', 316000000, 2016),
('D904.02', 240000000, 2016),
('D904.03', 22500000, 2016),
('D904.04', 10000000, 2016),
('D904.05', 25000000, 2016),
('D904.08', 25000000, 2016),
('D904.09', 96000000, 2016),
('D905.01', 100000000, 2016),
('D905.02', 24000000, 2016),
('D905.03', 11000000, 2016),
('D905.04', 50000000, 2016),
('D905.05', 84000000, 2016),
('D905.06', 60000000, 2016),
('D905.07', 20000000, 2016),
('D905.09', 30000000, 2016),
('D905.10', 10000000, 2016),
('D905.11', 25000000, 2016),
('D905.12', 45000000, 2016),
('D906.04', 12000000, 2016),
('D906.05', 6000000, 2016),
('D906.06', 20000000, 2016),
('D906.07', 10000000, 2016),
('D906.08', 6000000, 2016),
('D907.01', 3500000, 2016),
('D907.02', 5000000, 2016),
('D908.01', 32000000, 2016),
('D908.02', 147000000, 2016),
('D908.03', 90000000, 2016),
('K901.01', 350000000, 2016),
('K901.02', 1500000000, 2016),
('K901.03', 175000000, 2016),
('K901.04', 240000000, 2016),
('K901.05', 225000000, 2016),
('K901.06', 55000000, 2016),
('K901.07', 70000000, 2016),
('K901.08', 125000000, 2016),
('K901.09', 147000000, 2016),
('K901.10', 90000000, 2016),
('K901.11', 3500000, 2016),
('K901.14', 24000000, 2016),
('K901.99', 80512000, 2016),
('K903.01', 55000000, 2016);

-- --------------------------------------------------------

--
-- Table structure for table `tbl_sub_gol_akun`
--

CREATE TABLE IF NOT EXISTS `tbl_sub_gol_akun` (
  `kode_golongan` char(2) NOT NULL,
  `kode_sub_gol_akun` char(4) NOT NULL,
  `nama_sub_gol_akun` varchar(50) NOT NULL
) ENGINE=InnoDB DEFAULT CHARSET=latin1;

--
-- Dumping data for table `tbl_sub_gol_akun`
--

INSERT INTO `tbl_sub_gol_akun` (`kode_golongan`, `kode_sub_gol_akun`, `nama_sub_gol_akun`) VALUES
('D1', 'D101', 'Kas'),
('D2', 'D201', 'BANK DEPOSITO'),
('D2', 'D202', 'BANK TABUNGAN'),
('D2', 'D203', 'GIRO BANK'),
('D3', 'D301', 'PINJAMAN PEGAWAI'),
('D3', 'D302', 'PINJAMAN LAINNYA'),
('D4', 'D401', 'UANG MUKA'),
('D5', 'D501', 'INVENTARIS TANAH'),
('D5', 'D502', 'INVENTARIS BANGUNAN'),
('D5', 'D503', 'INVENTARIS KENDARAAN'),
('D5', 'D504', 'INVENTARIS ALAT PERKANTORAN'),
('D5', 'D505', 'INVENTARIS MEBELAIR'),
('D5', 'D506', 'SOUND SYSTEM DAN ALAT MUSIK'),
('D5', 'D507', 'INVENTARIS MULTIMEDIA'),
('D5', 'D508', 'INVENTARIS PERLENGKAPAN & PERALATAN'),
('D8', 'D801', 'BIDANG IBADAH'),
('D8', 'D802', 'BIDANG KESAKSIAN / PELAYANAN'),
('D8', 'D803', 'BIDANG PEMBINAAN WARGA GEREJA'),
('D8', 'D804', 'BIDANG PEMBANGUNAN DAN PEMELIHARAAN'),
('D8', 'D805', 'BADAN PERENCANAAN PROGRAM DAN LITBANG'),
('D8', 'D806', 'BADAN PENGAWASAN DAN PEMERIKSAAN'),
('D8', 'D807', 'BADAN SOSIAL KRISTEN'),
('D8', 'D808', 'LAIN-LAIN'),
('D8', 'D809', 'BADAN ADHOCK'),
('D8', 'D810', 'BIDANG DIAKONIA'),
('D8', 'D811', 'BADAN PEMELIHARAAN IMAN, PASTORAL DAN KONSELING'),
('D9', 'D901', 'PENGELOLAAN SEKRETARIAT'),
('D9', 'D902', 'PENGELOLAAN RUMAH TANGGA'),
('D9', 'D903', 'PERSEKUTUAN KESAKSIAN DAN PELAYANAN'),
('D9', 'D904', 'BIAYA HIDUP, GAJI DAN HONORARIUM'),
('D9', 'D905', 'PEMBERIAN TUNJANGAN'),
('D9', 'D906', 'PEMELIHARAAN & PENGADAAN INVENTARIS'),
('D9', 'D907', 'BIAYA BANK'),
('D9', 'D908', 'DANA CADANGAN'),
('D9', 'D999', 'KEGIATAN KANTOR LAINNYA'),
('K1', 'K101', 'SIMPANAN TITIPAN'),
('K1', 'K102', 'CADANGAN'),
('K7', 'K701', 'AKTIVA BERSIH'),
('K9', 'K901', 'KEGIATAN PERSEMBAHAN'),
('K9', 'K902', 'YAYASAN'),
('K9', 'K903', 'BUNGA BANK'),
('K9', 'K999', 'PENERIMAAN LAINNYA');

-- --------------------------------------------------------

--
-- Table structure for table `tbl_toko`
--

CREATE TABLE IF NOT EXISTS `tbl_toko` (
  `kode_toko` char(8) NOT NULL,
  `nama_toko` varchar(20) NOT NULL,
  `alamat_toko` varchar(50) NOT NULL,
  `no_telepon_toko` varchar(15) NOT NULL,
  `cp_toko` varchar(50) NOT NULL,
  `waktu_tambah` timestamp NOT NULL DEFAULT CURRENT_TIMESTAMP
) ENGINE=InnoDB DEFAULT CHARSET=latin1;

--
-- Dumping data for table `tbl_toko`
--

INSERT INTO `tbl_toko` (`kode_toko`, `nama_toko`, `alamat_toko`, `no_telepon_toko`, `cp_toko`, `waktu_tambah`) VALUES
('TOKO1', 'Bank Mandiri', '-', '0', '0', '0000-00-00 00:00:00'),
('TOKO10', 'BJ baut', '-', '0', '-', '0000-00-00 00:00:00'),
('TOKO11', 'HJs Alat Listrik', '-', '0', '-', '0000-00-00 00:00:00'),
('TOKO12', 'Kedaulatan Rakyat', 'Jl.P.Mangkubumi 40-46', '565683', '-', '0000-00-00 00:00:00'),
('TOKO13', 'Honda', '-', '0', '-', '0000-00-00 00:00:00'),
('TOKO14', 'toko andajaya', '-', '0', '-', '0000-00-00 00:00:00'),
('TOKO15', 'Restaurant Ngudi Rej', 'jalan magelang km.5,5', '0', '-', '0000-00-00 00:00:00'),
('TOKO16', 'RM. andalas raya', '-', '0', '-', '0000-00-00 00:00:00'),
('TOKO17', 'exodus', 'klitren lor gk3/375', '55222', '-', '0000-00-00 00:00:00'),
('TOKO18', 'ayam goreng co-de', '-', '0', '-', '0000-00-00 00:00:00'),
('TOKO19', 'PARAHITA', '-', '0', '-', '0000-00-00 00:00:00'),
('TOKO2', 'Servis Fotocopy', '-', '0', '0', '0000-00-00 00:00:00'),
('TOKO20', 'toko plastik demanga', '-', '0', '-', '0000-00-00 00:00:00'),
('TOKO21', 'Pandan Leaf Bakery a', '-', '0', '-', '0000-00-00 00:00:00'),
('TOKO22', 'Wasantara', '-', '0', '-', '0000-00-00 00:00:00'),
('TOKO24', 'Kompas', '-', '0', '-', '0000-00-00 00:00:00'),
('TOKO25', 'TB. Taman Pustaka Kr', 'Jl. dr. Wahidin No. 38 A Yogyakarta', '274512449', '-', '0000-00-00 00:00:00'),
('TOKO26', 'Sinar Mataram', 'Jl. Mataram no 31', '515937', '-', '0000-00-00 00:00:00'),
('TOKO27', 'Pos Indonesia', '-', '0', '-', '0000-00-00 00:00:00'),
('TOKO28', 'SPBU', '-', '0', '-', '0000-00-00 00:00:00'),
('TOKO29', 'Berkat Listrik', 'Jl. Juminahan 3 ', '554739', '-', '0000-00-00 00:00:00'),
('TOKO3', 'ayam bakar taliwang', 'Jl.Dr Wahidin', '0', '-', '0000-00-00 00:00:00'),
('TOKO30', 'Duta Minang', 'Jl. Laksda Adisucipto 153', '544546', '-', '0000-00-00 00:00:00'),
('TOKO31', 'Sahara', '-', '0', '-', '0000-00-00 00:00:00'),
('TOKO32', 'UD. Caroline', 'Jl. Janti Gang Bakung NO.11A', '0', '-', '0000-00-00 00:00:00'),
('TOKO33', 'AG CARWASH', 'JL.MOJO 10 BACIRO YOGYA', '0', '-', '0000-00-00 00:00:00'),
('TOKO34', 'PERTAMINA OK-LIMART', 'JL.KYAI MOJO 65 YOGYAKARTA', '274511421', '-', '0000-00-00 00:00:00'),
('TOKO35', 'Bank Mandiri', '-', '0', '-', '0000-00-00 00:00:00'),
('TOKO36', 'Piramida Agency', 'Jl. Tompeyan No 204 Tegalrejo', '510267', '-', '0000-00-00 00:00:00'),
('TOKO37', 'Ayam Goreng Bu Tini', 'Jl. Sultan Agung No. 17', '7490233', '-', '0000-00-00 00:00:00'),
('TOKO38', 'RS Bethesda', 'Jl. Jendral Sudirman 70', '562246', '-', '0000-00-00 00:00:00'),
('TOKO39', 'Toko Kaca Lima Satu', 'Jl. P. Diponegoro 49-51', '566552', '-', '0000-00-00 00:00:00'),
('TOKO4', 'ELS', '-', '0', '-', '0000-00-00 00:00:00'),
('TOKO40', 'Putra Sehat', '-', '585294', '-', '0000-00-00 00:00:00'),
('TOKO41', 'Goodwill', 'Jl. Kusbini NO 2', '0', '-', '0000-00-00 00:00:00'),
('TOKO42', 'Red Studio', '-', '0', '-', '0000-00-00 00:00:00'),
('TOKO43', 'BANK BNI', '-', '0', '-', '0000-00-00 00:00:00'),
('TOKO44', 'UKDW', 'JL.DR.WAHIDIN S NO.5-25 YOGYAKARTA', '274563929', '-', '0000-00-00 00:00:00'),
('TOKO45', 'BANK BRI', '-', '0', '-', '0000-00-00 00:00:00'),
('TOKO46', 'HEBAT KOMPUTAMA', '-', '0', '-', '0000-00-00 00:00:00'),
('TOKO47', 'PRUDENTIAL', '-', '0', '-', '0000-00-00 00:00:00'),
('TOKO48', 'BE LIVING', 'SUDIRMAN 48 C', '811257555', '-', '0000-00-00 00:00:00'),
('TOKO49', 'TOKO ROTI MURNI', 'JL.BINTARAN KIDUL 30', '376768', '-', '0000-00-00 00:00:00'),
('TOKO5', 'Ero Lampu', 'Jl. C. Simanjuntak No.44 Yogyakarta', '274566633', '-', '0000-00-00 00:00:00'),
('TOKO50', 'BU BAGYO COLOMBO', '-', '0', '-', '0000-00-00 00:00:00'),
('TOKO51', 'TOKO MIRASA', '-', '0', '-', '0000-00-00 00:00:00'),
('TOKO52', 'AMBARUKMO PLAZA', 'JL.LAKSDA ADISUCIPTO KM6', '0', '-', '0000-00-00 00:00:00'),
('TOKO53', 'PT TRANS RETAIL INDO', '-', '0', '-', '0000-00-00 00:00:00'),
('TOKO54', 'Mirota Kampus', '-', '0', '-', '0000-00-00 00:00:00'),
('TOKO55', 'RM. Mbah Gito', 'Jl.Nyi Ageng nis no.9 rejowinangun', '85228408800', '-', '2016-10-24 04:15:11'),
('TOKO56', 'lain - lain', '-', '0', '0', '2016-10-24 04:19:00'),
('TOKO57', 'Duta Minang', 'JL.Laksda Adisucipto 153', '274544546', '-', '2016-11-16 05:31:47'),
('TOKO58', 'Gita Anjana', 'JL.P.Diponegoro no 48 -50', '274515050', '-', '2016-11-18 04:46:56'),
('TOKO59', 'Zaara Textile', 'Jl.Urip Sumoharjo no 33', '2749158333', '-', '2016-11-18 04:59:36'),
('TOKO6', 'SPBU', '-', '0', '-', '0000-00-00 00:00:00'),
('TOKO60', 'Pukis Bikang', '-', '0', '-', '2016-11-18 05:01:50'),
('TOKO61', 'Cemerlang Kemindo', '-', '0', '-', '2016-11-18 05:19:17'),
('TOKO62', 'Karya Anugerah', '-', '0', '-', '2016-11-18 05:34:36'),
('TOKO63', 'Apotek K24', '-', '0', '-', '2016-11-21 01:56:13'),
('TOKO64', 'Virgo Tenda', '-', '0', '-', '2016-11-21 02:29:18'),
('TOKO65', 'Prabu Motor', '-', '0', '-', '2016-11-21 03:41:23'),
('TOKO66', 'Sami Jaya', '-', '0', '-', '2016-11-21 03:41:42'),
('TOKO67', 'Mie Bandung', 'kompleks Kridosono', '0', '-', '2016-11-21 04:29:35'),
('TOKO68', 'RK Studio', '-', '0', '-', '2016-11-21 04:39:25'),
('TOKO69', 'Metro Fotocopi', '-', '0', '-', '2016-11-22 05:13:39'),
('TOKO7', 'goodwill', '-', '0', '-', '0000-00-00 00:00:00'),
('TOKO70', 'Code RM', '-', '0', '-', '2016-11-22 06:30:22'),
('TOKO8', 'toko merah ', '-', '0', '-', '0000-00-00 00:00:00'),
('TOKO9', 'Lembaga pembinaan da', '-', '0', '-', '0000-00-00 00:00:00');

-- --------------------------------------------------------

--
-- Table structure for table `tbl_transaksi`
--

CREATE TABLE IF NOT EXISTS `tbl_transaksi` (
  `kode_transaksi` int(6) NOT NULL,
  `tahun_pembukuan` year(4) NOT NULL,
  `kode_bukti_transaksi` char(8) NOT NULL,
  `kode_jenis_akun` char(7) NOT NULL,
  `tipe_transaksi` enum('DEBET','KREDIT') NOT NULL,
  `jumlah` int(15) NOT NULL,
  `uraian` varchar(150) DEFAULT NULL,
  `waktu_input` timestamp NOT NULL DEFAULT CURRENT_TIMESTAMP,
  `kode_admin` char(8) NOT NULL
) ENGINE=InnoDB DEFAULT CHARSET=latin1;

--
-- Dumping data for table `tbl_transaksi`
--

INSERT INTO `tbl_transaksi` (`kode_transaksi`, `tahun_pembukuan`, `kode_bukti_transaksi`, `kode_jenis_akun`, `tipe_transaksi`, `jumlah`, `uraian`, `waktu_input`, `kode_admin`) VALUES
(1, 2016, 'KC3', 'D101.03', 'DEBET', 2000000, 'Bon KC3', '2016-05-16 03:15:42', 'admin'),
(2, 2016, '1012016', 'D101.01', 'DEBET', 61600, 'Sisa KC2', '2016-05-16 03:21:44', 'admin'),
(3, 2016, 'M01/1/16', 'K901.04', 'KREDIT', 420000, 'Persembahan Mirunggan 01-01-2016', '2016-05-16 04:00:53', 'Bumega'),
(4, 2016, 'M0002', 'K901.01', 'KREDIT', 4030000, 'Persembahan Bulanan 03-01-2016', '2016-05-19 04:41:23', 'Bumega'),
(5, 2016, 'M0002', 'K901.04', 'KREDIT', 14601000, 'Persembahan Mirunggan 03-01-2016', '2016-05-19 04:41:23', 'Bumega'),
(6, 2016, 'M0002', 'K901.05', 'KREDIT', 9165000, 'Persembahan Persepuluhan 03-01-2016', '2016-05-19 04:41:23', 'Bumega'),
(7, 2016, 'M0002', 'K901.13', 'KREDIT', 2717000, 'Persembahan untuk Bea Siswa 03-01-2016', '2016-05-19 04:41:23', 'Bumega'),
(8, 2016, 'M0002', 'K901.14', 'KREDIT', 1245000, 'Persembahan untuk Diakonia / Panti Wreda 03-01-2016', '2016-05-19 04:41:23', 'Bumega'),
(9, 2016, 'M0002', 'K901.15', 'KREDIT', 1200000, 'Persembahan Peduli Reksa Putra 03-01-2016', '2016-05-19 04:41:23', 'Bumega'),
(10, 2016, 'M0002', 'K901.16', 'KREDIT', 50000, 'Persembahan untuk Tanah Belger 03-01-2016', '2016-05-19 04:41:23', 'Bumega'),
(11, 2016, 'M0002', 'K901.99', 'KREDIT', 1111000, 'Persembahan Lain-lain 03-01-2016', '2016-05-19 04:41:23', 'Bumega'),
(12, 2016, 'M0002', 'K901.02', 'KREDIT', 15630500, 'Kebaktian Sabtu, Kantong Merah', '2016-05-19 04:41:23', 'Bumega'),
(13, 2016, 'M0002', 'K901.08', 'KREDIT', 10049200, 'Kebaktian Malam Tahun Baru, Tahun Baru, Ucapan Syukur 2015/2016', '2016-05-19 04:41:23', 'Bumega'),
(14, 2016, 'M0002', 'K901.10', 'KREDIT', 12534500, 'Kantong Kuning Emeritus', '2016-05-19 04:41:23', 'Bumega'),
(15, 2016, 'M0002', 'K901.07', 'KREDIT', 5469000, 'Pemberkatan Manten Wilayah 12', '2016-05-19 04:41:23', 'Bumega'),
(16, 2016, 'M11/1/16', 'K901.01', 'KREDIT', 1810000, 'Persembahan Bulanan 10-01-2016', '2016-06-03 04:14:58', 'admin'),
(17, 2016, 'M11/1/16', 'K901.04', 'KREDIT', 1199000, 'Persembahan Mirunggan 10-01-2016', '2016-06-03 04:14:58', 'admin'),
(18, 2016, 'M11/1/16', 'K901.05', 'KREDIT', 2606200, 'Persembahan Persepuluhan 10-01-2016', '2016-06-03 04:14:58', 'admin'),
(19, 2016, 'M11/1/16', 'K901.13', 'KREDIT', 735000, 'Persembahan untuk Bea Siswa 10-01-2016', '2016-06-03 04:14:58', 'admin'),
(20, 2016, 'M11/1/16', 'K901.14', 'KREDIT', 707000, 'Persembahan untuk Diakonia / Panti Wreda 10-01-2016', '2016-06-03 04:14:58', 'admin'),
(21, 2016, 'M11/1/16', 'K901.15', 'KREDIT', 762000, 'Persembahan Peduli Reksa Putra 10-01-2016', '2016-06-03 04:14:58', 'admin'),
(22, 2016, 'M11/1/16', 'K901.99', 'KREDIT', 600000, 'Persembahan Lain-lain 10-01-2016', '2016-06-03 04:14:58', 'admin'),
(23, 2016, 'M11/1/16', 'K901.02', 'KREDIT', 1194500, 'Kebaktian Sabtu', '2016-06-03 04:14:58', 'admin'),
(24, 2016, 'M11/1/16', 'K901.02', 'KREDIT', 13857300, 'Kantong Merah', '2016-06-03 04:14:58', 'admin'),
(25, 2016, 'M11/1/16', 'K901.09', 'KREDIT', 11081400, 'Kantong Kuning (Kemandirian)', '2016-06-03 04:14:58', 'admin'),
(26, 2016, 'K2/12/15', 'D807.3', 'DEBET', 1000000, 'Pembelian ... di toko Bank Mandiri dengan nota NOTA1 tanggal 05-01-2016', '2016-09-02 05:31:59', 'admin'),
(27, 2016, 'K03/1/15', 'D906.01', 'DEBET', 625000, 'Pembelian ... di toko Servis Fotocopy dengan nota NOTA2 tanggal 07-01-2016', '2016-09-02 05:34:52', 'admin'),
(28, 2016, 'K40116', 'D902.08', 'DEBET', 59000, 'Pembelian ... di toko ayam bakar taliwang dengan nota NOTA5 tanggal 09-01-2016', '2016-09-07 04:15:22', 'admin'),
(29, 2016, 'K039116', 'D906.07', 'DEBET', 743000, 'Pembelian ... di toko ELS dengan nota NOTA6 tanggal 09-01-2016', '2016-09-07 04:21:12', 'admin'),
(30, 2016, 'K038116', 'D902.06', 'DEBET', 339000, 'Pembelian ... di toko ELS dengan nota NOTA7 tanggal 08-01-2016', '2016-09-07 04:28:07', 'admin'),
(31, 2016, 'K038116', 'D902.06', 'DEBET', 32500, 'Pembelian ... di toko Ero Lampu dengan nota NOTA8 tanggal 08-01-2016', '2016-09-07 04:28:07', 'admin'),
(32, 2016, 'K037116', 'D902.05', 'DEBET', 100000, 'Pembelian ... di toko SPBU dengan nota NOTA9 tanggal 08-01-2016', '2016-09-07 04:30:38', 'admin'),
(33, 2016, 'K036116', 'D906.04', 'DEBET', 30000, 'Pembelian ... di toko goodwill dengan nota NOTA10 tanggal 08-01-2016', '2016-09-07 04:33:14', 'admin'),
(34, 2016, 'K035116', 'D904.08', 'DEBET', 40000, 'Pembelian ... di toko lain - lain dengan nota NOTA12 tanggal 09-01-2016', '2016-09-07 04:36:09', 'admin'),
(35, 2016, 'K034116', 'D904.03', 'DEBET', 200000, 'Pembelian ... di toko lain - lain dengan nota NOTA13 tanggal 09-01-2016', '2016-09-07 04:39:38', 'admin'),
(36, 2016, 'K033116', 'D901.01', 'DEBET', 201900, 'Pembelian ... di toko toko merah  dengan nota NOTA14 tanggal 07-01-2016', '2016-09-07 04:45:37', 'admin'),
(37, 2016, 'K032116', 'D901.02', 'DEBET', 90000, 'Pembelian ... di toko Lembaga pembinaan da dengan nota NOTA15 tanggal 07-01-2016', '2016-09-07 04:51:21', 'admin'),
(38, 2016, 'K041116', 'D904.08', 'DEBET', 100000, 'Pembelian ... di toko lain - lain dengan nota NOTA16 tanggal 09-01-2016', '2016-09-07 04:54:50', 'admin'),
(39, 2016, 'B4', 'D401.10', 'DEBET', 45000000, 'cek cfn 368016, bon retreat majelis', '2016-09-07 04:58:43', 'admin'),
(40, 2016, 'K031116', 'D904.01', 'DEBET', 481000, 'Pembelian ... di toko lain - lain dengan nota NOTA17 tanggal 04-12-2015', '2016-09-07 05:09:31', 'admin'),
(41, 2016, 'K030116', 'K101.03', 'DEBET', 1500000, 'Pembelian ... di toko lain - lain dengan nota NOTA18 tanggal 23-12-2015', '2016-09-07 05:14:07', 'admin'),
(42, 2016, 'BB15', 'D401.14', 'DEBET', 11675000, 'bon komisi kpk bidang ibadah', '2016-09-07 05:22:51', 'admin'),
(43, 2016, 'B03', 'D401.10', 'DEBET', 3210000, 'bon kantor gereja dan cek CFM 358014', '2016-09-07 05:24:09', 'admin'),
(44, 2016, 'BB7', 'D401.14', 'DEBET', 1725000, 'bon komisi kebaktia sabtu(obaja) bidang ibadah, bon no 7 tgl 8 januari 2016', '2016-09-07 05:27:01', 'admin'),
(45, 2016, 'KC2', 'D101.03', 'DEBET', 2000000, 'Bon KC2', '2016-09-07 05:30:00', 'admin'),
(46, 2016, 'K023116', 'D906.04', 'DEBET', 8400, 'Pembelian ... di toko BJ baut dengan nota NOTA19 tanggal 07-01-2016', '2016-09-09 04:21:56', 'admin'),
(47, 2016, 'K024116', 'D902.06', 'DEBET', 4000, 'Pembelian ... di toko HJs Alat Listrik dengan nota NOTA20 tanggal 07-01-2016', '2016-09-09 04:22:45', 'admin'),
(48, 2016, 'KO26116', 'D401.99', 'DEBET', 77500, 'Pembelian ... di toko Kedaulatan Rakyat dengan nota NOTA21 tanggal 07-01-2016', '2016-09-09 04:30:55', 'admin'),
(49, 2016, 'K025116', 'D906.04', 'DEBET', 144500, 'Pembelian ... di toko Honda dengan nota NOTA22 tanggal 07-01-2016', '2016-09-09 04:35:07', 'admin'),
(50, 2016, 'K028116', 'D903.10', 'DEBET', 50000, 'Pembelian ... di toko toko andajaya dengan nota NOTA23 tanggal 07-01-2016', '2016-09-09 04:40:30', 'admin'),
(51, 2016, 'K027115', 'D902.08', 'DEBET', 78500, 'Pembelian ... di toko Restaurant Ngudi Rej dengan nota NOTA24 tanggal 07-01-2016', '2016-09-09 04:48:30', 'admin'),
(52, 2016, 'K027115', 'D902.06', 'DEBET', 16000, 'Pembelian ... di toko lain - lain dengan nota NOTA25 tanggal 07-01-2016', '2016-09-09 04:48:30', 'admin'),
(53, 2016, 'K029116', 'D903.10', 'DEBET', 82500, 'Pembelian ... di toko RM. andalas raya dengan nota NOTA26 tanggal 07-01-2016', '2016-09-09 04:51:58', 'admin'),
(54, 2016, 'K022116', 'D906.04', 'DEBET', 30000, 'Pembelian ... di toko goodwill dengan nota NOTA27 tanggal 07-01-2016', '2016-09-09 04:53:48', 'admin'),
(55, 2016, 'K021116', 'D902.06', 'DEBET', 90000, 'Pembelian ... di toko lain - lain dengan nota NOTA28 tanggal 07-01-2016', '2016-09-09 04:56:06', 'admin'),
(56, 2016, 'K020116', 'D902.06', 'DEBET', 47500, 'Pembelian ... di toko lain - lain dengan nota NOTA29 tanggal 07-01-2016', '2016-09-09 05:00:51', 'admin'),
(57, 2016, 'K019116', 'D906.08', 'DEBET', 30000, 'Pembelian ... di toko lain - lain dengan nota NOTA30 tanggal 07-01-2016', '2016-09-09 05:05:22', 'admin'),
(58, 2016, 'K018116', 'D906.08', 'DEBET', 100000, 'Pembelian ... di toko lain - lain dengan nota NOTA31 tanggal 07-01-2016', '2016-09-09 05:17:23', 'admin'),
(59, 2016, 'K017116', 'D904.08', 'DEBET', 50000, 'Pembelian ... di toko lain - lain dengan nota NOTA32 tanggal 01-01-2016', '2016-09-09 05:21:59', 'admin'),
(60, 2016, 'K016116', 'D902.06', 'DEBET', 88500, 'Pembelian ... di toko toko andajaya dengan nota NOTA33 tanggal 05-01-2016', '2016-09-09 05:27:16', 'admin'),
(61, 2016, 'K016116', 'D902.06', 'DEBET', 90000, 'Pembelian ... di toko exodus dengan nota NOTA34 tanggal 05-01-2016', '2016-09-09 05:27:16', 'admin'),
(62, 2016, 'K0030116', 'D906.05', 'DEBET', 625000, 'Pembelian ... di toko lain - lain dengan nota NOTA 36 tanggal 07-01-2016', '2016-09-14 04:32:46', 'admin'),
(63, 2016, 'K0040116', 'D807.3', 'DEBET', 1000000, 'Pembelian ... di toko Bank Mandiri dengan nota NOTA 35 tanggal 07-01-2016', '2016-09-14 04:38:05', 'admin'),
(64, 2016, 'K0040116', 'D906.07', 'DEBET', 535000, 'Pembelian ... di toko lain - lain dengan nota NOTA 37 tanggal 05-01-2016', '2016-09-14 04:38:05', 'admin'),
(65, 2016, 'P04', 'K701.02', 'DEBET', 1400000, 'LPJ Komisi Kebaktian Obaja Desember BB. 192 Tgl. 10 Desember 2015.', '2016-09-14 05:27:03', 'admin'),
(66, 2016, 'K005115', 'D401.14', 'DEBET', 550000, 'Pembelian ... di toko lain - lain dengan nota NOTA35 tanggal 07-01-2016', '2016-09-21 04:24:25', 'admin'),
(67, 2016, 'K006116', 'D401.01', 'DEBET', 50000, 'Pembelian ... di toko lain - lain dengan nota NOTA36 tanggal 07-01-2016', '2016-09-21 04:27:08', 'admin'),
(68, 2016, 'K007116', 'D903.10', 'DEBET', 140000, 'Pembelian ... di toko ayam goreng co-de dengan nota NOTA37 tanggal 07-01-2016', '2016-09-21 04:30:12', 'admin'),
(69, 2016, 'K008116', 'D903.08', 'DEBET', 150000, 'Pembelian ... di toko lain - lain dengan nota NOTA38 tanggal 04-01-2016', '2016-09-21 04:34:25', 'admin'),
(70, 2016, 'K009116', 'D902.05', 'DEBET', 100000, 'Pembelian ... di toko SPBU dengan nota NOTA39 tanggal 02-01-2016', '2016-09-21 04:37:22', 'admin'),
(71, 2016, 'K011116', 'D906.04', 'DEBET', 40000, 'Pembelian ... di toko lain - lain dengan nota NOTA40 tanggal 31-12-2015', '2016-09-21 04:45:27', 'admin'),
(72, 2016, 'K012116', 'D902.05', 'DEBET', 20000, 'Pembelian ... di toko SPBU dengan nota NOTA41 tanggal 05-01-2016', '2016-09-21 04:47:13', 'admin'),
(73, 2016, 'K013116', 'D902.06', 'DEBET', 95500, 'Pembelian ... di toko toko plastik demanga dengan nota NOTA42 tanggal 05-01-2016', '2016-09-21 04:50:16', 'admin'),
(74, 2016, 'K014116', 'D901.03', 'DEBET', 10000, 'Pembelian ... di toko lain - lain dengan nota NOTA43 tanggal 30-12-2015', '2016-09-21 04:54:00', 'admin'),
(75, 2016, 'K015116', 'D903.08', 'DEBET', 50000, 'Pembelian ... di toko lain - lain dengan nota NOTA44 tanggal 07-01-2016', '2016-09-21 04:57:44', 'admin'),
(76, 2016, 'M0005116', 'K902.01', 'KREDIT', 1324940, 'Hasil Bunga deposito BRI', '2016-09-28 06:05:07', 'admin'),
(77, 2016, 'BB06', 'D401.14', 'DEBET', 8160000, 'Cek CFM 358013, Bon KOmisi Seni dan Budaya Kegiatan oktober - Desember 2015 Penerima : Suwartini', '2016-09-28 06:08:43', 'admin'),
(78, 2016, 'KC01', 'D101.03', 'DEBET', 2000000, 'BON KC 01', '2016-09-30 05:02:01', 'admin'),
(79, 2016, 'BB 05', 'D401.14', 'DEBET', 1200000, 'Bon Komisi Kebaktian, Ibadah Anak Januari - Februari 2016', '2016-09-30 05:27:53', 'admin'),
(80, 2016, 'BB 01', 'D401.01', 'DEBET', 12687500, 'cek CFM 358007, Bon komisi bantuan dan santunan januari 2016', '2016-09-30 05:32:36', 'admin'),
(82, 2016, 'BB 04', 'D401.14', 'DEBET', 2211000, 'Cek CFM 358013, Bon KPK - multimedia desember 2015', '2016-09-30 05:38:09', 'admin'),
(83, 2016, 'BB 03', 'D401.14', 'DEBET', 400000, 'Bon komisi PI dan Komunikasi , januari', '2016-09-30 05:39:45', 'admin'),
(84, 2016, 'B 02', 'D401.10', 'DEBET', 7000000, 'cek CFM  358011, gula teh kertas, bon 2 tanggal 4 januari 2016', '2016-09-30 05:44:25', 'admin'),
(85, 2016, 'BB 02', 'D401.14', 'DEBET', 11100000, 'Cek CFM 358007, Bon komisi pendidikan januari 2016, dana beasiswa', '2016-09-30 05:46:14', 'admin'),
(86, 2016, 'K1116', 'D904.01', 'DEBET', 19303506, 'Pembelian ... di toko lain - lain dengan nota N1116-01 tanggal 01-01-2016', '2016-10-03 02:21:47', 'admin'),
(87, 2016, 'K1116', 'D904.02', 'DEBET', 18013000, 'Pembelian ... di toko lain - lain dengan nota N1116-02 tanggal 01-01-2016', '2016-10-03 02:21:47', 'admin'),
(88, 2016, 'K1116', 'D904.09', 'DEBET', 5500000, 'Pembelian ... di toko lain - lain dengan nota N1116-03 tanggal 01-01-2016', '2016-10-03 02:21:47', 'admin'),
(89, 2016, 'K1116', 'D904.05', 'DEBET', 3025000, 'Pembelian ... di toko lain - lain dengan nota N1116-04 tanggal 01-01-2016', '2016-10-03 02:21:47', 'admin'),
(90, 2016, 'K1116', 'D905.03', 'DEBET', 1300000, 'Pembelian ... di toko lain - lain dengan nota N1116-05 tanggal 01-01-2016', '2016-10-03 02:21:47', 'admin'),
(91, 2016, 'K1116', 'D905.01', 'DEBET', 6562800, 'Pembelian ... di toko lain - lain dengan nota N1116-06 tanggal 01-01-2016', '2016-10-03 02:21:47', 'admin'),
(92, 2016, 'K1116', 'D905.02', 'DEBET', 2149900, 'Pembelian ... di toko lain - lain dengan nota N1116-07 tanggal 01-01-2016', '2016-10-03 02:21:47', 'admin'),
(93, 2016, 'K1116', 'K101.05', 'DEBET', 4802000, 'Pembelian ... di toko lain - lain dengan nota N1116-08 tanggal 01-01-2016', '2016-10-03 02:21:47', 'admin'),
(94, 2016, 'BB11', 'D401.14', 'DEBET', 11100000, 'Cek CFM 358023, Bon Komisi pendidikan bidang kesaksian pelayanan B NO 11 tgl 20 Jan 2016', '2016-10-03 02:27:41', 'admin'),
(95, 2016, 'K75116', 'D901.01', 'DEBET', 1613200, 'Pembelian ... di toko toko merah  dengan nota N75116-1 tanggal 19-01-2016', '2016-10-03 02:41:38', 'admin'),
(96, 2016, 'K74116', 'D401.01', 'DEBET', 262000, 'Pembelian ... di toko lain - lain dengan nota N74116-1 tanggal 19-01-2016', '2016-10-03 02:45:04', 'admin'),
(97, 2016, 'K73116', 'D903.04', 'DEBET', 145000, 'Pembelian ... di toko toko merah  dengan nota N73116-1 tanggal 18-01-2016', '2016-10-03 02:48:23', 'admin'),
(98, 2016, 'K72116', 'D902.06', 'DEBET', 497800, 'Pembelian ... di toko lain - lain dengan nota N72116-1 tanggal 18-01-2016', '2016-10-03 02:54:26', 'admin'),
(99, 2016, 'KC5', 'D101.03', 'DEBET', 2000000, 'KC 05', '2016-10-03 02:57:25', 'admin'),
(100, 2016, 'K71116', 'D903.10', 'DEBET', 93980, 'Pembelian ... di toko Pandan Leaf Bakery a dengan nota N71116-1 tanggal 17-01-2016', '2016-10-03 03:01:28', 'admin'),
(101, 2016, 'K70116', 'D902.02', 'DEBET', 102000, 'Pembelian ... di toko Wasantara dengan nota N70116-1 tanggal 17-01-2016', '2016-10-03 03:04:38', 'admin'),
(102, 2016, 'K69116', 'D906.08', 'DEBET', 30000, 'Pembelian ... di toko lain - lain dengan nota N69116 tanggal 17-01-2016', '2016-10-03 03:06:43', 'admin'),
(103, 2016, 'K68116', 'D906.08', 'DEBET', 30000, 'Pembelian ... di toko lain - lain dengan nota N68116-1 tanggal 17-01-2016', '2016-10-03 03:08:47', 'admin'),
(104, 2016, 'K67116', 'D902.08', 'DEBET', 50000, 'Pembelian ... di toko lain - lain dengan nota N67116-1 tanggal 18-01-2016', '2016-10-03 03:10:15', 'admin'),
(105, 2016, 'K66116', 'D903.10', 'DEBET', 37900, 'Pembelian ... di toko lain - lain dengan nota N66116-1 tanggal 18-01-2016', '2016-10-03 03:12:13', 'admin'),
(106, 2016, 'K65116', 'D901.08', 'DEBET', 98000, 'Pembelian ... di toko Kompas dengan nota N65116-1 tanggal 18-01-2016', '2016-10-03 03:15:14', 'admin'),
(107, 2016, 'K64116', 'D903.10', 'DEBET', 188000, 'Pembelian ... di toko ayam goreng co-de dengan nota N64116-1 tanggal 18-01-2016', '2016-10-03 03:17:55', 'admin'),
(108, 2016, 'K63116', 'D904.03', 'DEBET', 400000, 'Pembelian ... di toko lain - lain dengan nota N63116-1 tanggal 18-01-2016', '2016-10-03 03:20:25', 'admin'),
(110, 2016, 'K62116', 'D902.06', 'DEBET', 200000, 'Pembelian ... di toko Sinar Mataram dengan nota N62116-1 tanggal 14-01-2016', '2016-10-03 03:28:53', 'admin'),
(111, 2016, 'K59116', 'D901.02', 'DEBET', 342000, 'Pembelian ... di toko TB. Taman Pustaka Kr dengan nota N59116-1 tanggal 13-01-2016', '2016-10-03 03:30:52', 'admin'),
(112, 2016, 'K61116', 'D902.06', 'DEBET', 113700, 'Pembelian ... di toko toko andajaya dengan nota N61116-1 tanggal 14-01-2016', '2016-10-03 03:34:56', 'admin'),
(113, 2016, 'K61116', 'D902.06', 'DEBET', 90000, 'Pembelian ... di toko exodus dengan nota N61116-2 tanggal 14-01-2016', '2016-10-03 03:34:56', 'admin'),
(114, 2016, 'K60116', 'D902.06', 'DEBET', 200000, 'Pembelian ... di toko lain - lain dengan nota N60116-1 tanggal 14-01-2016', '2016-10-03 03:36:45', 'admin'),
(115, 2016, 'M02116', 'K901.01', 'KREDIT', 4030000, 'Persembahan Bulanan 03-01-2016', '2016-10-08 03:10:43', 'admin'),
(116, 2016, 'M02116', 'K901.04', 'KREDIT', 14601000, 'Persembahan Mirunggan 01-01-2016 s/d 03-01-2016', '2016-10-08 03:10:43', 'admin'),
(117, 2016, 'M02116', 'K901.05', 'KREDIT', 9165000, 'Persembahan Persepuluhan 31-12-2015 s/d 03-01-2016', '2016-10-08 03:10:43', 'admin'),
(118, 2016, 'M02116', 'K901.13', 'KREDIT', 2717000, 'Persembahan untuk Bea Siswa 31-12-2015 s/d 03-01-2016', '2016-10-08 03:10:43', 'admin'),
(119, 2016, 'M02116', 'K901.14', 'KREDIT', 1245000, 'Persembahan untuk Diakonia / Panti Wreda 03-01-2016', '2016-10-08 03:10:43', 'admin'),
(120, 2016, 'M02116', 'K901.15', 'KREDIT', 1200000, 'Persembahan Peduli Reksa Putra 03-01-2016', '2016-10-08 03:10:43', 'admin'),
(121, 2016, 'M02116', 'K901.16', 'KREDIT', 50000, 'Persembahan untuk Tanah Belger 03-01-2016', '2016-10-08 03:10:43', 'admin'),
(122, 2016, 'M02116', 'K901.99', 'KREDIT', 1111000, 'Persembahan Lain-lain 03-01-2016', '2016-10-08 03:10:43', 'admin'),
(123, 2016, 'M02116', 'K901.08', 'KREDIT', 5408500, 'Kebaktian Malam Tahun Baru', '2016-10-08 03:10:43', 'admin'),
(124, 2016, 'M02116', 'K901.08', 'KREDIT', 3705700, 'Kebaktian Tahun Baru', '2016-10-08 03:10:43', 'admin'),
(125, 2016, 'M02116', 'K901.08', 'KREDIT', 935000, 'Ucap Syukur Akhir Tahun', '2016-10-08 03:10:43', 'admin'),
(126, 2016, 'M02116', 'K901.07', 'KREDIT', 5469000, 'Pemberkatan Manten Wil 12', '2016-10-08 03:10:43', 'admin'),
(127, 2016, 'M02116', 'K901.02', 'KREDIT', 860500, 'Kebaktian Sabtu', '2016-10-08 03:10:43', 'admin'),
(128, 2016, 'M02116', 'K901.02', 'KREDIT', 14770000, 'Kantong Merah', '2016-10-08 03:10:43', 'admin'),
(129, 2016, 'M02116', 'K901.02', 'KREDIT', 12534500, 'Kantong Kuning (Emeritus)', '2016-10-08 03:10:43', 'admin'),
(130, 2016, 'BB10', 'D401.14', 'DEBET', 1010000, 'Bon Komisi Adiyuswa, Januari 2016', '2016-10-10 01:33:52', 'admin'),
(131, 2016, 'K058116', 'D904.08', 'DEBET', 300000, 'Pembelian ... di toko lain - lain dengan nota N58116 tanggal 18-01-2016', '2016-10-10 01:37:42', 'admin'),
(132, 2016, 'KC04', 'D101.03', 'DEBET', 2000000, 'KC 04', '2016-10-10 01:41:26', 'admin'),
(133, 2016, 'K056116', 'D901.03', 'DEBET', 13330, 'Pembelian ... di toko Pos Indonesia dengan nota N56116-1 tanggal 12-01-2016', '2016-10-10 01:50:43', 'admin'),
(134, 2016, 'K056116', 'D901.03', 'DEBET', 13330, 'Pembelian ... di toko Pos Indonesia dengan nota N56116-2 tanggal 12-01-2016', '2016-10-10 01:50:43', 'admin'),
(135, 2016, 'K056116', 'D901.03', 'DEBET', 14830, 'Pembelian ... di toko Pos Indonesia dengan nota N56116-3 tanggal 12-01-2016', '2016-10-10 01:50:43', 'admin'),
(136, 2016, 'K055116', 'D902.06', 'DEBET', 175000, 'Pembelian ... di toko lain - lain dengan nota N55116-1 tanggal 13-01-2016', '2016-10-10 01:57:52', 'admin'),
(137, 2016, 'K055116', 'D902.06', 'DEBET', 20000, 'Pembelian ... di toko SPBU dengan nota N55116-2 tanggal 13-01-2016', '2016-10-10 01:57:52', 'admin'),
(138, 2016, 'K055116', 'D902.06', 'DEBET', 40000, 'Pembelian ... di toko Berkat Listrik dengan nota N55116-3 tanggal 13-01-2016', '2016-10-10 01:57:52', 'admin'),
(139, 2016, 'K055116', 'D902.06', 'DEBET', 25000, 'Pembelian ... di toko lain - lain dengan nota N55116-4 tanggal 13-01-2016', '2016-10-10 01:57:52', 'admin'),
(140, 2016, 'K054116', 'D901.01', 'DEBET', 123900, 'Pembelian ... di toko toko merah  dengan nota N54116-1 tanggal 12-01-2016', '2016-10-10 02:00:21', 'admin'),
(141, 2016, 'K053116', 'D903.10', 'DEBET', 37900, 'Pembelian ... di toko lain - lain dengan nota N53116-1 tanggal 14-01-2016', '2016-10-10 02:02:22', 'admin'),
(142, 2016, 'K052116', 'D902.08', 'DEBET', 50000, 'Pembelian ... di toko lain - lain dengan nota N52116 tanggal 14-01-2016', '2016-10-10 02:04:24', 'admin'),
(143, 2016, 'K051116', 'D902.06', 'DEBET', 20000, 'Pembelian ... di toko lain - lain dengan nota N51116-1 tanggal 14-01-2016', '2016-10-10 02:05:49', 'admin'),
(144, 2016, 'K050116', 'D903.10', 'DEBET', 175000, 'Pembelian ... di toko Duta Minang dengan nota N50116-1 tanggal 14-01-2016', '2016-10-10 02:08:54', 'admin'),
(145, 2016, 'K049116', 'D901.05', 'DEBET', 38000, 'Pembelian ... di toko Sahara dengan nota N49116-1 tanggal 14-01-2016', '2016-10-10 02:11:22', 'admin'),
(146, 2016, 'K048116', 'D901.01', 'DEBET', 354800, 'Pembelian ... di toko toko merah  dengan nota N48116-1 tanggal 11-01-2016', '2016-10-10 02:13:15', 'admin'),
(147, 2016, 'K047116', 'D903.04', 'DEBET', 140000, 'Pembelian ... di toko UD. Caroline dengan nota N47116-1 tanggal 12-01-2016', '2016-10-10 02:16:03', 'admin'),
(148, 2016, 'K057116', 'D902.06', 'DEBET', 200000, 'Pembelian ... di toko lain - lain dengan nota N57116-1 tanggal 14-01-2016', '2016-10-10 02:19:28', 'admin'),
(149, 2016, 'K046116', 'D901.08', 'DEBET', 65500, 'Pembelian ... di toko Kedaulatan Rakyat dengan nota N46116-1 tanggal 12-01-2016', '2016-10-10 02:25:31', 'admin'),
(150, 2016, 'K045116', 'D902.06', 'DEBET', 140000, 'Pembelian ... di toko toko andajaya dengan nota N45116-1 tanggal 11-01-2016', '2016-10-10 02:27:46', 'admin'),
(151, 2016, 'K044116', 'D906.04', 'DEBET', 50000, 'Pembelian ... di toko lain - lain dengan nota N44116-1 tanggal 09-01-2016', '2016-10-10 02:36:30', 'admin'),
(152, 2016, 'K044116', 'D906.04', 'DEBET', 35000, 'Pembelian ... di toko AG CARWASH dengan nota N44116-2 tanggal 11-01-2016', '2016-10-10 02:36:30', 'admin'),
(153, 2016, 'K044116', 'D906.04', 'DEBET', 10000, 'Pembelian ... di toko lain - lain dengan nota N44116-3 tanggal 09-01-2016', '2016-10-10 02:36:30', 'admin'),
(154, 2016, 'K044116', 'D906.04', 'DEBET', 145350, 'Pembelian ... di toko PERTAMINA OK-LIMART dengan nota N44116-4 tanggal 09-01-2016', '2016-10-10 02:36:30', 'admin'),
(155, 2016, 'K043116', 'D903.10', 'DEBET', 720000, 'Pembelian ... di toko lain - lain dengan nota N43116-1 tanggal 12-01-2016', '2016-10-10 02:39:59', 'admin'),
(156, 2016, 'BB 09', 'D401.01', 'DEBET', 3520000, 'BON PANTI WREDHA BIDANG DIAKONIA, JANUARI 2016, CEK CFM 358018', '2016-10-10 02:41:51', 'admin'),
(157, 2016, 'K042116', 'D401.14', 'DEBET', 264750, 'Pembelian ... di toko lain - lain dengan nota N42116-1 tanggal 11-01-2016', '2016-10-10 02:44:51', 'admin'),
(158, 2016, 'BB 08', 'D401.14', 'DEBET', 15350000, 'CEK CFM 358017, BON PERAWATAN INVENTARIS BIDANG PRASARANA DAN SARANA, BON NO 8 TGL 11 JANUARI 2016', '2016-10-10 02:49:47', 'admin'),
(159, 2016, 'KC07', 'D101.03', 'DEBET', 2000000, 'Bon KC 07', '2016-10-10 03:11:26', 'admin'),
(160, 2016, 'K110116', 'D902.08', 'DEBET', 50000, 'Pembelian ... di toko lain - lain dengan nota N111116-1 tanggal 26-01-2016', '2016-10-10 03:21:25', 'admin'),
(161, 2016, 'K109116', 'D902.06', 'DEBET', 75900, 'Pembelian ... di toko toko andajaya dengan nota N109116-1 tanggal 25-01-2016', '2016-10-10 03:24:44', 'admin'),
(162, 2016, 'K109116', 'D902.06', 'DEBET', 90000, 'Pembelian ... di toko exodus dengan nota N109116-2 tanggal 25-01-2016', '2016-10-10 03:24:44', 'admin'),
(165, 2016, 'K107116', 'D903.10', 'DEBET', 173000, 'Pembelian ... di toko Ayam Goreng Bu Tini dengan nota N107116-1 tanggal 26-01-2016', '2016-10-10 03:33:12', 'admin'),
(166, 2016, 'K106116', 'D902.06', 'DEBET', 65000, 'Pembelian ... di toko lain - lain dengan nota N106116-1 tanggal 26-01-2016', '2016-10-10 03:34:15', 'admin'),
(167, 2016, 'K105116', 'D904.04', 'DEBET', 400000, 'Pembelian ... di toko lain - lain dengan nota N105116-1 tanggal 26-01-2016', '2016-10-10 03:36:48', 'admin'),
(168, 2016, 'K104116', 'D904.04', 'DEBET', 400000, 'Pembelian ... di toko lain - lain dengan nota N104116-1 tanggal 26-01-2016', '2016-10-10 03:38:50', 'admin'),
(169, 2016, 'K103116', 'D904.08', 'DEBET', 100000, 'Pembelian ... di toko lain - lain dengan nota N103116-1 tanggal 26-01-2016', '2016-10-10 03:40:25', 'admin'),
(170, 2016, 'K102116', 'D904.08', 'DEBET', 100000, 'Pembelian ... di toko lain - lain dengan nota N102116-1 tanggal 26-01-2016', '2016-10-10 03:42:23', 'admin'),
(171, 2016, 'K101116', 'D904.08', 'DEBET', 100000, 'Pembelian ... di toko lain - lain dengan nota N101116-1 tanggal 26-01-2016', '2016-10-10 03:44:27', 'admin'),
(172, 2016, 'K100116', 'D904.08', 'DEBET', 100000, 'Pembelian ... di toko lain - lain dengan nota N100116-1 tanggal 26-01-2016', '2016-10-10 03:46:23', 'admin'),
(173, 2016, 'K098116', 'D906.08', 'DEBET', 30000, 'Pembelian ... di toko lain - lain dengan nota N98116-1 tanggal 26-01-2016', '2016-10-10 03:51:04', 'admin'),
(174, 2016, 'KC06', 'D101.03', 'DEBET', 2000000, 'Bon KC 06', '2016-10-10 03:52:20', 'admin'),
(175, 2016, 'K097116', 'D902.05', 'DEBET', 100000, 'Pembelian ... di toko SPBU dengan nota N97116-1 tanggal 19-01-2016', '2016-10-10 03:54:52', 'admin'),
(176, 2016, 'K096116', 'D902.06', 'DEBET', 229500, 'Pembelian ... di toko Toko Kaca Lima Satu dengan nota N96116-1 tanggal 19-01-2016', '2016-10-10 03:58:26', 'admin'),
(177, 2016, 'K095116', 'D904.02', 'DEBET', 200000, 'Pembelian ... di toko lain - lain dengan nota N95116-1 tanggal 26-01-2016', '2016-10-10 03:59:54', 'admin'),
(178, 2016, 'K094116', 'D904.08', 'DEBET', 100000, 'Pembelian ... di toko lain - lain dengan nota N94116-1 tanggal 26-01-2016', '2016-10-10 04:02:12', 'admin'),
(179, 2016, 'K093116', 'D904.08', 'DEBET', 150000, 'Pembelian ... di toko lain - lain dengan nota N93116-1 tanggal 26-01-2016', '2016-10-10 04:04:36', 'admin'),
(180, 2016, 'K092116', 'D902.06', 'DEBET', 82000, 'Pembelian ... di toko Putra Sehat dengan nota N92116-1 tanggal 21-01-2016', '2016-10-10 04:07:08', 'admin'),
(181, 2016, 'K091116', 'D903.07', 'DEBET', 150000, 'Pembelian ... di toko lain - lain dengan nota N91116-1 tanggal 19-01-2016', '2016-10-10 04:09:36', 'admin'),
(182, 2016, 'K089116', 'D906.04', 'DEBET', 30000, 'Pembelian ... di toko Goodwill dengan nota N89116-1 tanggal 21-01-2016', '2016-10-10 04:13:24', 'admin'),
(183, 2016, 'K088116', 'D904.08', 'DEBET', 40000, 'Pembelian ... di toko lain - lain dengan nota N88116-1 tanggal 26-01-2016', '2016-10-10 04:14:53', 'admin'),
(184, 2016, 'K087116', 'D904.08', 'DEBET', 50000, 'Pembelian ... di toko lain - lain dengan nota N87116-1 tanggal 26-01-2016', '2016-10-10 04:16:25', 'admin'),
(185, 2016, 'K086116', 'D904.03', 'DEBET', 200000, 'Pembelian ... di toko lain - lain dengan nota N86116-1 tanggal 22-01-2016', '2016-10-10 04:21:01', 'admin'),
(186, 2016, 'K108116', 'D901.08', 'DEBET', 98000, 'Pembelian ... di toko Piramida Agency dengan nota N108116-1 tanggal 02-01-2016', '2016-10-10 04:27:17', 'admin'),
(187, 2016, 'K108116', 'D901.08', 'DEBET', 98000, 'Pembelian ... di toko Piramida Agency dengan nota N108116-2 tanggal 02-01-2016', '2016-10-10 04:27:17', 'admin'),
(188, 2016, 'K085116', 'D903.10', 'DEBET', 115500, 'Pembelian ... di toko RM. andalas raya dengan nota N85116-1 tanggal 23-01-2016', '2016-10-10 04:29:55', 'admin'),
(189, 2016, 'K084116', 'D902.05', 'DEBET', 20000, 'Pembelian ... di toko SPBU dengan nota N84116-1 tanggal 25-01-2016', '2016-10-10 04:32:25', 'admin'),
(190, 2016, 'K083116', 'D903.10', 'DEBET', 126500, 'Pembelian ... di toko lain - lain dengan nota N83116-1 tanggal 22-01-2016', '2016-10-10 04:33:08', 'admin'),
(191, 2016, 'P 25', 'D907.02', 'DEBET', 81228, 'BIAYA PAJAK BUNGA REK.GIRO', '2016-10-10 04:35:59', 'admin'),
(192, 2016, 'K079116', 'D902.08', 'DEBET', 754500, 'Pembelian ... di toko lain - lain dengan nota N79116-1 tanggal 22-01-2016', '2016-10-10 04:41:03', 'admin'),
(193, 2016, 'M023116', 'K901.07', 'KREDIT', 2673000, 'PERSEMBAHAN MANTEN WILAYAH BARAT, JUMAT TGL 22/1/2016 PKL 10.00 WIB', '2016-10-10 04:47:34', 'admin'),
(194, 2016, 'K078116', 'D903.04', 'DEBET', 3950000, 'Pembelian ... di toko lain - lain dengan nota N078116-1 tanggal 21-01-2016', '2016-10-10 04:51:08', 'admin'),
(195, 2016, 'M11116', 'K901.01', 'KREDIT', 1810000, 'Persembahan Bulanan 10-01-2016', '2016-10-13 03:11:47', 'admin'),
(196, 2016, 'M11116', 'K901.04', 'KREDIT', 1199000, 'Persembahan Mirunggan 10-01-2016', '2016-10-13 03:11:47', 'admin'),
(197, 2016, 'M11116', 'K901.05', 'KREDIT', 2606200, 'Persembahan Persepuluhan 10-01-2016', '2016-10-13 03:11:47', 'admin'),
(198, 2016, 'M11116', 'K901.13', 'KREDIT', 735000, 'Persembahan untuk Bea Siswa 10-01-2016', '2016-10-13 03:11:47', 'admin'),
(199, 2016, 'M11116', 'K901.14', 'KREDIT', 707000, 'Persembahan untuk Diakonia / Panti Wreda 10-01-2016', '2016-10-13 03:11:47', 'admin'),
(200, 2016, 'M11116', 'K901.15', 'KREDIT', 762000, 'Persembahan Peduli Reksa Putra 10-01-2016', '2016-10-13 03:11:47', 'admin'),
(201, 2016, 'M11116', 'K901.99', 'KREDIT', 600000, 'Persembahan Lain-lain 10-01-2016', '2016-10-13 03:11:47', 'admin'),
(202, 2016, 'M11116', 'K901.02', 'KREDIT', 1194500, 'Kebaktian Sabtu', '2016-10-13 03:11:47', 'admin'),
(203, 2016, 'M11116', 'K901.02', 'KREDIT', 13857300, 'Kantong Merah', '2016-10-13 03:11:47', 'admin'),
(204, 2016, 'M11116', 'K901.09', 'KREDIT', 11081400, 'Kantong Kuning (Kemandirian)', '2016-10-13 03:11:47', 'admin'),
(205, 2016, 'M21116', 'K901.01', 'KREDIT', 8665000, 'Persembahan Bulanan 08-01-2016 s/d 14-01-2016', '2016-10-13 05:06:26', 'admin'),
(206, 2016, 'M21116', 'K901.04', 'KREDIT', 200000, 'Persembahan Mirunggan 14-01-2016', '2016-10-13 05:06:26', 'admin'),
(207, 2016, 'M21116', 'K901.05', 'KREDIT', 1450000, 'Persembahan Persepuluhan 11-01-2016 s/d 14-01-2016', '2016-10-13 05:06:26', 'admin'),
(208, 2016, 'M21116', 'K901.13', 'KREDIT', 375000, 'Persembahan untuk Bea Siswa 09-01-2016 s/d 14-01-2016', '2016-10-13 05:06:26', 'admin'),
(209, 2016, 'M21116', 'K901.14', 'KREDIT', 5050000, 'Persembahan untuk Diakonia / Panti Wreda 08-01-2016 s/d 14-01-2016', '2016-10-13 05:06:26', 'admin'),
(210, 2016, 'M21116', 'K901.99', 'KREDIT', 100000, 'Persembahan Lain-lain 09-01-2016', '2016-10-13 05:06:26', 'admin'),
(211, 2016, 'M09116', 'K901.04', 'KREDIT', 7000000, 'Persembahan Mirunggan 09-01-2016', '2016-10-13 05:14:21', 'admin'),
(212, 2016, 'M09116', 'K901.13', 'KREDIT', 1000000, 'Persembahan untuk Bea Siswa 09-01-2016', '2016-10-13 05:14:21', 'admin'),
(213, 2016, 'M09116', 'K901.15', 'KREDIT', 1000000, 'Persembahan Peduli Reksa Putra 09-01-2016', '2016-10-13 05:14:21', 'admin'),
(214, 2016, 'M01116', 'K901.04', 'KREDIT', 420000, 'Persembahan Mirunggan 01-01-2016', '2016-10-13 05:17:12', 'admin'),
(215, 2016, 'M12116', 'D101.01', 'DEBET', 250000, 'Pengembalian bon Pak Rawi (Bp Johny) Bon tgl 08 april 2015 no 41 cek CFK 476061', '2016-10-13 05:19:17', 'admin'),
(216, 2016, 'K076116', 'D901.06', 'DEBET', 2000000, 'Pembelian ... di toko Red Studio dengan nota N760116-1 tanggal 19-01-2016', '2016-10-13 05:23:40', 'admin'),
(217, 2016, 'M18116', 'K901.01', 'KREDIT', 980000, 'Persembahan Bulanan 17-01-2016', '2016-10-14 03:11:33', 'admin'),
(218, 2016, 'M18116', 'K901.04', 'KREDIT', 6471000, 'Persembahan Mirunggan 17-01-2016', '2016-10-14 03:11:33', 'admin'),
(219, 2016, 'M18116', 'K901.05', 'KREDIT', 1961000, 'Persembahan Persepuluhan 17-01-2016', '2016-10-14 03:11:33', 'admin'),
(220, 2016, 'M18116', 'K901.13', 'KREDIT', 220000, 'Persembahan untuk Bea Siswa 17-01-2016', '2016-10-14 03:11:33', 'admin'),
(221, 2016, 'M18116', 'K901.14', 'KREDIT', 510700, 'Persembahan untuk Diakonia / Panti Wreda 17-01-2016', '2016-10-14 03:11:33', 'admin'),
(222, 2016, 'M18116', 'K901.15', 'KREDIT', 265000, 'Persembahan Peduli Reksa Putra 17-01-2016', '2016-10-14 03:11:33', 'admin'),
(223, 2016, 'M18116', 'K901.02', 'KREDIT', 1089700, 'Kebaktian Sabtu', '2016-10-14 03:11:33', 'admin'),
(224, 2016, 'M18116', 'K901.02', 'KREDIT', 15627700, 'Kantong Merah', '2016-10-14 03:11:33', 'admin'),
(225, 2016, 'M18116', 'K901.02', 'KREDIT', 12974900, 'Kantong Kuning', '2016-10-14 03:11:33', 'admin'),
(226, 2016, 'M04116', 'K999.01', 'KREDIT', 3742500, 'Hasil Penjualan Kalender 06-01-2016', '2016-10-14 03:14:07', 'admin'),
(227, 2016, 'M22116', 'K901.04', 'KREDIT', 500000, 'Persembahan Mirunggan 22-01-2016', '2016-10-14 03:21:16', 'admin'),
(228, 2016, 'BB32', 'D401.14', 'DEBET', 5000000, 'Bon Komisi Pralenan Bidang B Cetak Kartu Pralenan Cek CFM 358025 BON tgl 26/01/2016 No 32', '2016-10-14 03:23:50', 'admin'),
(229, 2016, 'M27116', 'K901.01', 'KREDIT', 2625000, 'Persembahan Bulanan 15-01-2016 s/d 21-01-2016', '2016-10-14 03:50:20', 'admin'),
(230, 2016, 'M27116', 'K901.04', 'KREDIT', 300000, 'Persembahan Mirunggan 19-01-2016', '2016-10-14 03:50:20', 'admin'),
(231, 2016, 'M27116', 'K901.05', 'KREDIT', 1360000, 'Persembahan Persepuluhan 15-01-2016', '2016-10-14 03:50:20', 'admin'),
(232, 2016, 'M27116', 'K901.13', 'KREDIT', 100000, 'Persembahan untuk Bea Siswa 15-01-2016', '2016-10-14 03:50:20', 'admin'),
(233, 2016, 'M27116', 'K901.14', 'KREDIT', 100000, 'Persembahan untuk Diakonia / Panti Wreda 15-01-2016', '2016-10-14 03:50:20', 'admin'),
(234, 2016, 'M27116', 'K901.15', 'KREDIT', 357500, 'Persembahan Peduli Reksa Putra 15-01-2016', '2016-10-14 03:50:20', 'admin'),
(235, 2016, 'M27116', 'K901.99', 'KREDIT', 1050000, 'Persembahan Lain-lain 15-01-2016 s/d 19-01-2016', '2016-10-14 03:50:20', 'admin'),
(236, 2016, 'P10', 'D802.02', 'DEBET', 2207640, 'LPJ KPK-MULTIMEDIA BB 4 TGL 5/1/2016, BON KOMISI PELAYANAN KEBAKTIAN BIDANG IBADAH DESEMBER 2015 ->ANGGARAN 2016', '2016-10-14 03:57:38', 'admin'),
(237, 2016, 'M014116', 'D101.01', 'DEBET', 3360, 'SISA LPJ BON KOMISI PELAYANAN KEBAKTIAN BIDANG IBADAH, LPJ KPK-MULMED BB 4 TGL 5/1/2016', '2016-10-14 04:01:33', 'admin'),
(238, 2016, 'M015116', 'D101.01', 'DEBET', 1800000, 'SISA LPJ KOMISI PANTI WREDHA BID.DIAKONIA, DESEMBER , BB198 TGL 11/12/2015', '2016-10-14 04:04:19', 'admin'),
(239, 2016, 'M016116', 'D101.01', 'DEBET', 553650, 'SISA KAS LPJ PANITIA HUT KE 102 GKJ GK, BB 177 TGL 10/11/2015', '2016-10-14 04:06:22', 'admin'),
(240, 2016, 'M017116', 'D101.01', 'DEBET', 113560, 'SISA KC3', '2016-10-14 04:08:46', 'admin'),
(241, 2016, 'M019116', 'D101.01', 'DEBET', 24420, 'SISA KC4', '2016-10-14 04:09:59', 'admin'),
(242, 2016, 'M020116', 'D101.01', 'DEBET', 473500, 'SISA LPJ KOMISI SOSIAL BI.DIAKONIA, CEK GAB. BON NO 2017 23/12/2015, CEK CFM 477698', '2016-10-14 04:11:43', 'admin'),
(243, 2016, 'M028116', 'D101.01', 'DEBET', 18000, 'SISA KC 05', '2016-10-14 04:13:34', 'admin'),
(244, 2016, 'M029116', 'D101.01', 'DEBET', 23100, 'SISA KC 06', '2016-10-14 04:18:48', 'admin'),
(245, 2016, 'BB 13', 'D401.14', 'DEBET', 1540000, 'BON PENGAJUAN ANGGARAN KOMISI PEMUDA BID.PWG, BON NO TGL 22/01/2016 DESEMEBER', '2016-10-14 04:24:14', 'admin'),
(246, 2016, 'K08116', 'D401.14', 'DEBET', 900000, 'Pembelian ... di toko lain - lain dengan nota N081116-1 tanggal 22-01-2016', '2016-10-14 04:27:48', 'admin'),
(247, 2016, 'K080116', 'D401.14', 'DEBET', 278500, 'Pembelian ... di toko lain - lain dengan nota N080116-1 tanggal 22-01-2016', '2016-10-14 04:29:31', 'admin'),
(248, 2016, 'P 49', 'D907.02', 'DEBET', 6024, 'B.PAJAK BANK MANDIRI - PDT.YUDO', '2016-10-14 04:33:25', 'admin'),
(249, 2016, 'P 48', 'D907.01', 'DEBET', 11500, 'BIAYA ADM B,MANDIRI -PDT.YUDO', '2016-10-14 04:36:50', 'admin'),
(250, 2016, 'P 50', 'D902.08', 'DEBET', 500, 'KURANG BUKU K079 TGL 22/01/2016, LEMBUR SATPAM BULAN JANUARI 2016', '2016-10-14 04:38:47', 'admin'),
(251, 2016, 'P 46', 'K701.02', 'DEBET', 5195000, 'LPJ KOMISI KWDWJ WISATA ROHANI BB 184 TGL 25/11/2015 ->PERSEMBAHAN KHUSUS', '2016-10-14 04:44:39', 'admin'),
(253, 2016, 'P 47', 'K701.02', 'DEBET', 339300, 'LPJ KOMISI KWDWJ WISATA ROHANI BB 196 TGL 10/12/2015 ->PERSEMBAHAN KHUSUS', '2016-10-14 04:51:17', 'admin'),
(254, 2016, 'K137116', 'D401.01', 'DEBET', 195000, 'Pembelian ... di toko lain - lain dengan nota N137116-1 tanggal 30-01-2016', '2016-10-14 04:58:00', 'admin'),
(255, 2016, 'K138116', 'D401.14', 'DEBET', 39300, 'Pembelian ... di toko lain - lain dengan nota N138116-1 tanggal 30-01-2016', '2016-10-14 05:03:25', 'admin'),
(256, 2016, 'M030116', 'K902.01', 'KREDIT', 4500000, 'PERSEMBAHAN YAYASAN SAWOKEMBAR JANUARI 2016', '2016-10-14 05:05:46', 'admin'),
(257, 2016, 'K112116', 'D905.11', 'DEBET', 590000, 'Pembelian ... di toko BANK BNI dengan nota N112116-1 tanggal 28-01-2016', '2016-10-14 05:11:26', 'admin'),
(258, 2016, 'K112116', 'D905.11', 'DEBET', 500000, 'Pembelian ... di toko UKDW dengan nota N112116-2 tanggal 05-01-2016', '2016-10-14 05:11:26', 'admin'),
(259, 2016, 'P 27', 'D810.02', 'DEBET', 12269800, 'LPJ BON KOMISI BANTUAN DAN SANTUNAN BIDANG DIAKONIA BB1 TGL 4/1/2015', '2016-10-14 05:15:01', 'admin'),
(260, 2016, 'M032116', 'D101.01', 'DEBET', 417700, 'SISA LPJ BON KOMISI BANTUAN DAN SANTUNAN BIDANG DIAKONIA BB1 TGL 4/1/2015', '2016-10-14 05:16:16', 'admin'),
(261, 2016, 'BB14', 'D401.14', 'DEBET', 1540000, 'BON KOMISI PEMUDA BIDANG .PEG, BON NO 14 TGL 22/01/2016 JANUARI 2016', '2016-10-14 05:20:04', 'admin'),
(262, 2016, 'BB12', 'D401.01', 'DEBET', 3000000, 'BON DIAKONIA KOMISI BANTUAN DAN SANTUNAN , CEK CFM 358024, UNTUK BUMI DAN PEMBELIAN PETI BP.HASI WIL 14', '2016-10-14 05:22:05', 'admin'),
(263, 2016, 'P20', 'D907.01', 'DEBET', 100000, 'BIAYA CETAK BUKU CEK', '2016-10-14 05:26:17', 'admin'),
(264, 2016, 'BB16', 'D401.14', 'DEBET', 1195000, 'BON KOMISI HUMAS & KOMUNIKASI BID KPI KEG JANUARI - MARET', '2016-10-14 05:28:29', 'admin'),
(265, 2016, 'K082116', 'D401.14', 'DEBET', 150000, 'Pembelian ... di toko lain - lain dengan nota N082116-1 tanggal 26-01-2016', '2016-10-14 05:33:13', 'admin'),
(266, 2016, 'P 24', 'D803.08', 'DEBET', 1160000, 'LPJ BON KOMISI ADIYUSWO NO 10 TGL 18/10/2016 JANUARI 2016', '2016-10-14 05:33:29', 'admin'),
(267, 2016, 'P 29', 'D803.04', 'DEBET', 540000, 'LPJ KOMISI PEMUDA BID.PWG BULAN DES 2016, BON TGL 22/01/16 NO 13', '2016-10-14 05:37:50', 'admin'),
(268, 2016, 'K140116', 'D401.10', 'DEBET', 1800000, 'Pembelian ... di toko BANK BRI dengan nota N140116-1 tanggal 12-01-2016', '2016-10-14 05:42:30', 'admin'),
(269, 2016, 'K133116', 'D401.05', 'DEBET', 89866, 'Pembelian ... di toko Pos Indonesia dengan nota N133115-5 tanggal 20-01-2016', '2016-10-14 05:52:23', 'admin'),
(270, 2016, 'K133116', 'D401.05', 'DEBET', 373153, 'Pembelian ... di toko Pos Indonesia dengan nota N133116-1 tanggal 20-01-2016', '2016-10-14 05:52:23', 'admin'),
(271, 2016, 'K133116', 'D401.05', 'DEBET', 401344, 'Pembelian ... di toko Pos Indonesia dengan nota N133116-2 tanggal 20-01-2016', '2016-10-14 05:52:23', 'admin'),
(272, 2016, 'K133116', 'D401.05', 'DEBET', 51240, 'Pembelian ... di toko Pos Indonesia dengan nota N133116-3 tanggal 20-01-2016', '2016-10-14 05:52:23', 'admin'),
(273, 2016, 'K133116', 'D401.05', 'DEBET', 465397, 'Pembelian ... di toko Pos Indonesia dengan nota N133116-4 tanggal 20-01-2016', '2016-10-14 05:52:23', 'admin'),
(274, 2016, 'K134116', 'D901.01', 'DEBET', 644479, 'Pembelian ... di toko HEBAT KOMPUTAMA dengan nota N134116-1 tanggal 04-01-2016', '2016-10-14 05:56:27', 'admin'),
(275, 2016, 'K136116', 'D901.07', 'DEBET', 4800000, 'Pembelian ... di toko lain - lain dengan nota N136116-1 tanggal 30-01-2016', '2016-10-17 03:19:20', 'admin'),
(276, 2016, 'P28', 'D901.07', 'DEBET', 7771500, 'CEK CFM 3580122, LPJ BON NO 5 TINTA RISSO + MASTER', '2016-10-17 03:21:18', 'admin'),
(277, 2016, 'K130116', 'D902.01', 'DEBET', 539200, 'Pembelian ... di toko Pos Indonesia dengan nota N130116-1 tanggal 20-01-2016', '2016-10-17 03:30:45', 'admin'),
(278, 2016, 'K130116', 'D902.01', 'DEBET', 24910, 'Pembelian ... di toko Pos Indonesia dengan nota N130116-2 tanggal 20-01-2016', '2016-10-17 03:30:45', 'admin'),
(279, 2016, 'K130116', 'D902.01', 'DEBET', 54588, 'Pembelian ... di toko Pos Indonesia dengan nota N130116-3 tanggal 20-01-2016', '2016-10-17 03:30:45', 'admin'),
(280, 2016, 'K130116', 'D902.01', 'DEBET', 372511, 'Pembelian ... di toko Pos Indonesia dengan nota N130116-4 tanggal 20-01-2016', '2016-10-17 03:30:45', 'admin'),
(281, 2016, 'K130116', 'D902.01', 'DEBET', 21940, 'Pembelian ... di toko Pos Indonesia dengan nota N130116-5 tanggal 20-01-2016', '2016-10-17 03:30:45', 'admin'),
(282, 2016, 'K130116', 'D902.01', 'DEBET', 1630600, 'Pembelian ... di toko Pos Indonesia dengan nota N130116-6 tanggal 21-01-2016', '2016-10-17 03:30:45', 'admin'),
(283, 2016, 'K130116', 'D902.01', 'DEBET', 673876, 'Pembelian ... di toko Pos Indonesia dengan nota N130116-7 tanggal 20-01-2016', '2016-10-17 03:30:45', 'admin'),
(284, 2016, 'K130116', 'D902.01', 'DEBET', 125690, 'Pembelian ... di toko Pos Indonesia dengan nota N130116-8 tanggal 20-01-2016', '2016-10-17 03:30:45', 'admin'),
(285, 2016, 'K128116', 'D905.12', 'DEBET', 750000, 'Pembelian ... di toko PRUDENTIAL dengan nota N128116-1 tanggal 11-01-2016', '2016-10-17 03:36:40', 'admin'),
(286, 2016, 'K128116', 'D905.12', 'DEBET', 500000, 'Pembelian ... di toko PRUDENTIAL dengan nota N130116-2 tanggal 11-01-2016', '2016-10-17 03:36:40', 'admin'),
(287, 2016, 'K128116', 'D905.12', 'DEBET', 1000000, 'Pembelian ... di toko PRUDENTIAL dengan nota N130116-3 tanggal 11-01-2016', '2016-10-17 03:36:40', 'admin'),
(288, 2016, 'K128116', 'D905.12', 'DEBET', 750000, 'Pembelian ... di toko PRUDENTIAL dengan nota N130116-4 tanggal 11-01-2016', '2016-10-17 03:36:40', 'admin'),
(289, 2016, 'KC08', 'D101.03', 'DEBET', 2000000, 'BON KC 08', '2016-10-17 03:37:55', 'admin'),
(290, 2016, 'M034116', 'D101.01', 'DEBET', 42250, 'SISA KC 07', '2016-10-17 03:39:13', 'admin'),
(291, 2016, 'K127116', 'D903.05', 'DEBET', 50000, 'Pembelian ... di toko lain - lain dengan nota N127116-1 tanggal 28-01-2016', '2016-10-17 03:41:20', 'admin'),
(292, 2016, 'K126116', 'D903.10', 'DEBET', 98300, 'Pembelian ... di toko BE LIVING dengan nota N126116-1 tanggal 28-01-2016', '2016-10-17 03:44:27', 'admin'),
(293, 2016, 'K125116', 'D901.02', 'DEBET', 31500, 'Pembelian ... di toko TB. Taman Pustaka Kr dengan nota N125116-1 tanggal 26-01-2016', '2016-10-17 03:46:42', 'admin'),
(294, 2016, 'K124116', 'D903.10', 'DEBET', 113250, 'Pembelian ... di toko TOKO ROTI MURNI dengan nota N124116-1 tanggal 25-01-2016', '2016-10-17 03:55:39', 'admin'),
(295, 2016, 'K124116', 'D903.10', 'DEBET', 27000, 'Pembelian ... di toko TOKO ROTI MURNI dengan nota N124116-2 tanggal 25-01-2016', '2016-10-17 03:55:39', 'admin'),
(296, 2016, 'K124116', 'D903.10', 'DEBET', 112000, 'Pembelian ... di toko TOKO ROTI MURNI dengan nota N124116-3 tanggal 25-01-2016', '2016-10-17 03:55:39', 'admin'),
(297, 2016, 'K124116', 'D903.10', 'DEBET', 96000, 'Pembelian ... di toko lain - lain dengan nota N124116-4 tanggal 28-01-2016', '2016-10-17 03:55:39', 'admin'),
(298, 2016, 'K123116', 'D903.10', 'DEBET', 122000, 'Pembelian ... di toko BU BAGYO COLOMBO dengan nota N123116-1 tanggal 26-01-2016', '2016-10-17 04:03:27', 'admin'),
(299, 2016, 'K123116', 'D903.10', 'DEBET', 131000, 'Pembelian ... di toko lain - lain dengan nota N123116-2 tanggal 26-01-2016', '2016-10-17 04:03:27', 'admin'),
(300, 2016, 'K122116', 'D904.08', 'DEBET', 100000, 'Pembelian ... di toko lain - lain dengan nota N122116-1 tanggal 30-01-2016', '2016-10-17 04:05:31', 'admin'),
(301, 2016, 'K121116', 'D903.10', 'DEBET', 225000, 'Pembelian ... di toko Duta Minang dengan nota K121116-1 tanggal 30-01-2016', '2016-10-17 04:10:11', 'admin'),
(302, 2016, 'K121116', 'D903.10', 'DEBET', 72000, 'Pembelian ... di toko TOKO MIRASA dengan nota N121116-3 tanggal 30-01-2016', '2016-10-17 04:10:11', 'admin'),
(303, 2016, 'K120116', 'D902.08', 'DEBET', 50500, 'Pembelian ... di toko lain - lain dengan nota N120116-1 tanggal 30-01-2016', '2016-10-17 04:11:52', 'admin'),
(304, 2016, 'K119116', 'D904.08', 'DEBET', 100000, 'Pembelian ... di toko lain - lain dengan nota N119116-1 tanggal 30-01-2016', '2016-10-17 04:13:26', 'admin'),
(305, 2016, 'K118116', 'D904.04', 'DEBET', 100000, 'Pembelian ... di toko lain - lain dengan nota N118116-1 tanggal 30-01-2016', '2016-10-17 04:16:09', 'admin'),
(306, 2016, 'K17116', 'D904.04', 'DEBET', 100000, 'Pembelian ... di toko lain - lain dengan nota N117116-1 tanggal 30-01-2016', '2016-10-17 04:18:10', 'admin'),
(307, 2016, 'K116116', 'D902.06', 'DEBET', 196200, 'Pembelian ... di toko AMBARUKMO PLAZA dengan nota N116116-1 tanggal 27-01-2016', '2016-10-17 04:21:44', 'admin'),
(308, 2016, 'K115116', 'D902.08', 'DEBET', 78000, 'Pembelian ... di toko RM. andalas raya dengan nota N115116-1 tanggal 30-01-2016', '2016-10-17 04:23:43', 'admin'),
(309, 2016, 'K114116', 'D902.06', 'DEBET', 135000, 'Pembelian ... di toko lain - lain dengan nota N114116-1 tanggal 30-01-2016', '2016-10-17 04:25:41', 'admin'),
(310, 2016, 'K113116', 'D902.05', 'DEBET', 20000, 'Pembelian ... di toko SPBU dengan nota N113116-1 tanggal 28-01-2016', '2016-10-17 04:27:22', 'admin'),
(311, 2016, 'BB19', 'D401.14', 'DEBET', 960000, 'BON KOMISI ADIYUSWO KEG.RUTIN FEB 2016 BON NO 19 TGL 30 JAN 2016', '2016-10-17 04:29:06', 'admin'),
(312, 2016, 'BB18', 'D401.14', 'DEBET', 240000, 'BON KOMISI BIDANG IBADAH, BON ON 18 TGL 30 JAN 2016', '2016-10-17 04:30:18', 'admin'),
(313, 2016, 'K129116', 'D905.09', 'DEBET', 1940300, 'Pembelian ... di toko BANK BRI dengan nota N129116-1 tanggal 30-01-2016', '2016-10-17 04:34:59', 'admin'),
(314, 2016, 'K129116', 'K101.14', 'DEBET', 220000, 'Pembelian ... di toko BANK BRI dengan nota N129116-2 tanggal 30-01-2016', '2016-10-17 04:34:59', 'admin'),
(315, 2016, 'M031116', 'D203.02', 'DEBET', 4802000, 'Pensiun Feb 2016 Klasis Yogyakarta Selatan', '2016-10-17 04:40:30', 'admin'),
(316, 2016, 'M033116', 'K901.04', 'KREDIT', 5000000, 'Persembahan Mirunggan 30-01-2016', '2016-10-17 04:45:08', 'admin'),
(317, 2016, 'M024116', 'K901.01', 'KREDIT', 810000, 'Persembahan Bulanan 24-01-2016', '2016-10-17 05:13:50', 'admin'),
(318, 2016, 'M024116', 'K901.04', 'KREDIT', 774200, 'Persembahan Mirunggan 24-01-2016', '2016-10-17 05:13:50', 'admin'),
(319, 2016, 'M024116', 'K901.05', 'KREDIT', 2831600, 'Persembahan Persepuluhan 24-01-2016', '2016-10-17 05:13:50', 'admin'),
(320, 2016, 'M024116', 'K901.13', 'KREDIT', 50000, 'Persembahan untuk Bea Siswa 24-01-2016', '2016-10-17 05:13:50', 'admin'),
(321, 2016, 'M024116', 'K901.15', 'KREDIT', 50000, 'Persembahan Peduli Reksa Putra 24-01-2016', '2016-10-17 05:13:50', 'admin'),
(322, 2016, 'M024116', 'K901.99', 'KREDIT', 384000, 'Persembahan Lain-lain 24-01-2016', '2016-10-17 05:13:50', 'admin'),
(323, 2016, 'M024116', 'K901.02', 'KREDIT', 1405000, 'Kebaktian Sabtu', '2016-10-17 05:13:50', 'admin'),
(324, 2016, 'M024116', 'K901.02', 'KREDIT', 13286300, 'Kantong Merah', '2016-10-17 05:13:50', 'admin'),
(325, 2016, 'M024116', 'K901.02', 'KREDIT', 12238000, 'Kantong Kuning', '2016-10-17 05:13:50', 'admin'),
(326, 2016, 'M024116', 'K901.02', 'KREDIT', 457000, 'Ibadah Anak', '2016-10-17 05:13:50', 'admin'),
(327, 2016, 'K135116', 'D903.10', 'DEBET', 736740, 'Pembelian ... di toko PT TRANS RETAIL INDO dengan nota N135116-1 tanggal 30-01-2016', '2016-10-17 05:38:42', 'admin'),
(328, 2016, 'K135116', 'D903.10', 'DEBET', 885350, 'Pembelian ... di toko Mirota Kampus dengan nota N135116-2 tanggal 30-01-2016', '2016-10-17 05:38:42', 'admin'),
(329, 2016, 'K131116', 'D902.02', 'DEBET', 661934, 'Pembelian ... di toko Pos Indonesia dengan nota N131116-1 tanggal 30-01-2016', '2016-10-17 05:42:35', 'admin'),
(330, 2016, 'K131116', 'D902.02', 'DEBET', 213593, 'Pembelian ... di toko Pos Indonesia dengan nota N131116-2 tanggal 30-01-2016', '2016-10-17 05:42:35', 'admin'),
(331, 2016, 'K132116', 'D401.06', 'DEBET', 49061, 'Pembelian ... di toko Pos Indonesia dengan nota N132116-1 tanggal 19-01-2016', '2016-10-17 05:49:55', 'admin'),
(332, 2016, 'K132116', 'D401.06', 'DEBET', 44343, 'Pembelian ... di toko Pos Indonesia dengan nota N132116-2 tanggal 19-01-2016', '2016-10-17 05:49:55', 'admin'),
(333, 2016, 'K132116', 'D401.06', 'DEBET', 36270, 'Pembelian ... di toko Pos Indonesia dengan nota N132116-3 tanggal 19-01-2016', '2016-10-17 05:49:55', 'admin'),
(334, 2016, 'K132116', 'D401.06', 'DEBET', 50845, 'Pembelian ... di toko Pos Indonesia dengan nota N132116-4 tanggal 19-01-2016', '2016-10-17 05:49:55', 'admin'),
(335, 2016, 'K132116', 'D401.06', 'DEBET', 48370, 'Pembelian ... di toko Pos Indonesia dengan nota N132116-5 tanggal 19-01-2016', '2016-10-17 05:49:55', 'admin'),
(336, 2016, 'K132116', 'D401.06', 'DEBET', 4700, 'Pembelian ... di toko Pos Indonesia dengan nota N132116-6 tanggal 19-01-2016', '2016-10-17 05:49:55', 'admin'),
(337, 2016, 'M003116', 'D101.01', 'DEBET', 2870100, 'SISA BON 191 TGL 10 DES 2015, CEK CFM 477678 RP 33.000.000,00 , PANITIA NATAL DAN TAHUN BARU', '2016-10-17 05:53:04', 'admin'),
(338, 2016, 'P41', 'D907.01', 'DEBET', 280, 'BIAYA ADM BRI-PW-DON', '2016-10-17 05:55:31', 'admin'),
(339, 2016, 'P30', 'D201.01', 'DEBET', 11081400, 'SETOR DANA KEMANDIRIAN TGL 10 JAN 2016', '2016-10-17 05:57:30', 'admin'),
(340, 2016, 'P31', 'D907.01', 'DEBET', 1500, 'BIAYA ADMINISTRASI BANK MANDIRI - KEMANDIRIAN', '2016-10-17 05:58:50', 'admin'),
(341, 2016, 'P32`', 'D907.02', 'DEBET', 67726, 'BIAYA PAJAK BUNGA BRI-PDT.SWD', '2016-10-17 06:00:26', 'admin'),
(342, 2016, 'P33', 'D907.01', 'DEBET', 12000, 'B.ADM BANK BRI -PDT.SWD', '2016-10-17 06:01:30', 'admin'),
(343, 2016, 'P34', 'D907.01', 'DEBET', 11500, 'BIAYA ADMIN MANDIRI-EMERITUS', '2016-10-17 06:02:36', 'admin'),
(344, 2016, 'P35', 'D907.02', 'DEBET', 23996, 'BIAYA PAJAK MANDIRI - EMERITUS', '2016-10-17 06:03:34', 'admin'),
(345, 2016, 'P36', 'D907.01', 'DEBET', 5000, 'BIAYA ADM. BPD -PDT.SENO', '2016-10-17 06:04:50', 'admin'),
(346, 2016, 'P37', 'D907.02', 'DEBET', 35019, 'B.PAJAK BUNGA BANK BPD -PDT.SENO', '2016-10-17 06:04:50', 'admin'),
(347, 2016, 'P38', 'D907.02', 'DEBET', 2301, 'BIAYA PAJAK BUNGA BANK BRI - TANAH MAKAM', '2016-10-17 06:06:10', 'admin'),
(348, 2016, 'P39', 'D907.01', 'DEBET', 5500, 'BIAYA ADMIN BRI - TANAH MAKAM', '2016-10-17 06:07:22', 'admin'),
(349, 2016, 'P42', 'D202.03', 'DEBET', 53289500, 'CEK LFK 477644, PEMINDAHAN DANA EMERITUS YANG BLM DISETOR KE BANK MANDIRI, CADANGAN EMERITUS THN 2015. 12.029.200, 14.604.700, 13.540.600, 13.115.000', '2016-10-17 06:11:42', 'admin'),
(350, 2016, 'M042116', 'K903.02', 'KREDIT', 11507, 'Hasil bunga bank BRI - Tanah Makam', '2016-10-24 02:53:40', 'admin'),
(351, 2016, 'M040116', 'K903.01', 'KREDIT', 1324940, 'Hasil bunga deposito BRI', '2016-10-24 02:55:04', 'admin'),
(352, 2016, 'M041116', 'K902.02', 'KREDIT', 3296, 'Hasil bunga bank BRI -bansoskom', '2016-10-24 02:59:27', 'admin'),
(353, 2016, 'K141116', 'K701.02', 'DEBET', 134085000, 'Pembelian ... di toko lain - lain dengan nota N141116-1 tanggal 21-01-2016', '2016-10-24 03:16:41', 'admin');
INSERT INTO `tbl_transaksi` (`kode_transaksi`, `tahun_pembukuan`, `kode_bukti_transaksi`, `kode_jenis_akun`, `tipe_transaksi`, `jumlah`, `uraian`, `waktu_input`, `kode_admin`) VALUES
(354, 2016, 'P49', 'D907.02', 'DEBET', 6024, 'B.pajak Bank Mandiri -Pdt.Yudo', '2016-10-24 03:28:09', 'admin'),
(355, 2016, 'K139116', 'D904.02', 'DEBET', 35000, 'Pembelian ... di toko lain - lain dengan nota N139116-1 tanggal 31-01-2016', '2016-10-24 03:43:57', 'admin'),
(356, 2016, 'K139116', 'D904.02', 'DEBET', 103500, 'Pembelian ... di toko lain - lain dengan nota N139116-2 tanggal 31-01-2016', '2016-10-24 03:43:57', 'admin'),
(357, 2016, 'P44', 'K901.02', 'DEBET', 12534500, 'Koreksi M02 tgl 4/1/2016, salah posting ke mingguan', '2016-10-26 04:36:06', 'admin'),
(358, 2016, 'P18', 'K901.10', 'DEBET', 12534500, 'Koreksi M02 tgl 4/1/2016, Persembahan Dana Emeritus salah posting', '2016-10-26 04:39:32', 'admin'),
(359, 2016, 'K090116', 'D905.04', 'DEBET', 388500, 'Pembelian ... di toko RS Bethesda dengan nota N090116-1 tanggal 20-01-2016', '2016-10-26 04:43:19', 'admin'),
(360, 2016, 'K099116', 'D905.04', 'DEBET', 97000, 'Pembelian ... di toko RS Bethesda dengan nota N099116-1 tanggal 26-01-2016', '2016-10-26 04:45:31', 'admin'),
(361, 2016, 'K077116', 'D905.04', 'DEBET', 73500, 'Pembelian ... di toko RS Bethesda dengan nota N077116-1 tanggal 13-01-2016', '2016-10-26 04:54:18', 'admin'),
(362, 2016, 'K077116', 'D905.04', 'DEBET', 73500, 'Pembelian ... di toko RS Bethesda dengan nota N077116-2 tanggal 20-10-2015', '2016-10-26 04:54:18', 'admin'),
(363, 2016, 'K077116', 'D905.04', 'DEBET', 1178800, 'Pembelian ... di toko RS Bethesda dengan nota N077116-3 tanggal 30-09-2015', '2016-10-26 04:54:18', 'admin'),
(364, 2016, 'K077116', 'D905.04', 'DEBET', 73500, 'Pembelian ... di toko RS Bethesda dengan nota N077116-4 tanggal 02-11-2015', '2016-10-26 04:54:18', 'admin'),
(365, 2016, 'K077116', 'D905.04', 'DEBET', 197550, 'Pembelian ... di toko RS Bethesda dengan nota N077116-5 tanggal 16-11-2015', '2016-10-26 04:54:18', 'admin'),
(366, 2016, 'K077116', 'D905.04', 'DEBET', 154500, 'Pembelian ... di toko RS Bethesda dengan nota N077116-6 tanggal 23-11-2015', '2016-10-26 04:54:18', 'admin'),
(367, 2016, 'K077116', 'D905.04', 'DEBET', 159000, 'Pembelian ... di toko RS Bethesda dengan nota N077116-7 tanggal 14-12-2015', '2016-10-26 04:54:18', 'admin'),
(368, 2016, 'K077116', 'D905.04', 'DEBET', 360300, 'Pembelian ... di toko RS Bethesda dengan nota N077116-8 tanggal 14-12-2015', '2016-10-26 04:54:18', 'admin'),
(369, 2016, 'K077116', 'D905.04', 'DEBET', 73500, 'Pembelian ... di toko RS Bethesda dengan nota N077116-9 tanggal 17-12-2015', '2016-10-26 04:54:18', 'admin'),
(370, 2016, 'BB280116', 'D401.11', 'DEBET', 22825857, 'Persiapan Kas bayar gaji tenaga kerja GKJ Gondokusuman bulan Feb 2016', '2016-10-26 04:57:01', 'admin'),
(371, 2016, 'BB2801-2', 'D101.01', 'DEBET', 61730357, 'Tambahan kas, persiapan gaji tenaga GKJ Gondokusuman bulan feb 2016', '2016-10-26 05:05:44', 'admin'),
(372, 2016, 'BB2801-3', 'D401.11', 'DEBET', 38904500, 'Pemindahan ke BPD, Gaji karyawan GKJ Gondokusuman bulan feb 2016', '2016-10-26 05:08:24', 'admin'),
(373, 2016, 'P43', 'K901.02', 'DEBET', 12534500, 'Koreksi p18 tgl 20 jan 2016', '2016-10-26 05:10:10', 'admin'),
(374, 2016, 'K111116', 'D202.02', 'DEBET', 500000, 'Pembelian ... di toko Bank Mandiri dengan nota N111116-1 tanggal 27-01-2016', '2016-10-26 05:15:45', 'admin'),
(375, 2016, 'K111116', 'D907.01', 'DEBET', 12500, 'Pembelian ... di toko Bank Mandiri dengan nota N111116-2 tanggal 27-01-2016', '2016-10-26 05:15:45', 'admin'),
(376, 2016, 'P45', 'K701.02', 'DEBET', 9600000, 'LPJ komisi KWDWJ wisata rohani. BB 182 tgl 19/11/2015 wisata rohani ke LP Nusakambangan', '2016-10-26 05:17:49', 'admin'),
(377, 2016, 'M013116', 'K901.01', 'KREDIT', 19454000, 'Persembahan Bulanan 30-12-2015 s/d 07-01-2016', '2016-10-27 01:58:13', 'admin'),
(378, 2016, 'M013116', 'K901.05', 'KREDIT', 886000, 'Persembahan Persepuluhan 05-01-2016 s/d 07-01-2016', '2016-10-27 01:58:13', 'admin'),
(379, 2016, 'M013116', 'K901.13', 'KREDIT', 1450000, 'Persembahan untuk Bea Siswa 04-01-2016 s/d 07-01-2016', '2016-10-27 01:58:13', 'admin'),
(380, 2016, 'M013116', 'K901.14', 'KREDIT', 550000, 'Persembahan untuk Diakonia / Panti Wreda 30-12-2015 s/d 06-01-2016', '2016-10-27 01:58:13', 'admin'),
(381, 2016, 'M013116', 'K901.15', 'KREDIT', 1900000, 'Persembahan Peduli Reksa Putra 30-12-2015 s/d 06-01-2016', '2016-10-27 01:58:13', 'admin'),
(382, 2016, 'M013116', 'K901.99', 'KREDIT', 550000, 'Persembahan Lain-lain 31-12-2015 s/d 07-01-2016', '2016-10-27 01:58:13', 'admin'),
(383, 2016, 'M013116', 'K901.03', 'KREDIT', 55000, 'Perjamuan Kudus', '2016-10-27 01:58:13', 'admin'),
(384, 2016, 'P01', 'D203.02', 'DEBET', 65217700, 'Persembahan malam tahun baru dan tanggal 2-3 januari 2016', '2016-11-09 05:05:00', 'admin'),
(385, 2016, 'P05', 'D203.02', 'DEBET', 22971000, 'persembahan ibadah sabtu minggu 9-10 januari 2016', '2016-11-09 05:06:12', 'admin'),
(386, 2016, 'P06', 'D202.12', 'DEBET', 500000, 'Persembahan ibadah tanggal 9-10 januari 2016', '2016-11-09 05:07:58', 'admin'),
(387, 2016, 'P07', 'D203.02', 'DEBET', 24545000, 'Persembahan di kantor gereja tanggal 30 desember 2015 - 7 januari 2016', '2016-11-09 05:09:39', 'admin'),
(388, 2016, 'P08', 'D202.12', 'DEBET', 100000, 'Persembahan di kantor gereja tanggal 7 januari - 16 januari wil XII', '2016-11-09 05:11:07', 'admin'),
(389, 2016, 'P09', 'D202.13', 'DEBET', 200000, 'Persembahan ambulans tanggal 31 desember 2015 wil XII', '2016-11-09 05:12:50', 'admin'),
(390, 2016, 'P11', 'D203.02', 'DEBET', 40100000, 'Persembahan ibadah sabtu minggu tanggal 16-17 januari 2016', '2016-11-09 05:21:40', 'admin'),
(391, 2016, 'P21', 'D203.02', 'DEBET', 5892500, 'Persembahan di kantor gereja tanggal 14 - 22 januari 2016', '2016-11-09 05:23:27', 'admin'),
(392, 2016, 'P22', 'D203.02', 'DEBET', 2673000, 'Persembahan manten 29 januari 2016 wil barat', '2016-11-09 05:24:45', 'admin'),
(393, 2016, 'P19', 'D203.02', 'DEBET', 32286000, 'Persembahan ibadah sabtu 23-24 januari 2016', '2016-11-09 05:28:09', 'admin'),
(394, 2016, 'P26', 'D202.03', 'DEBET', 166302584, '-', '2016-11-09 05:32:39', 'admin'),
(395, 2016, 'P15', 'D202.14', 'DEBET', 5000000, 'Persembahan pkl Donatur 9 januari 2016', '2016-11-09 05:45:54', 'admin'),
(396, 2016, 'P14', 'D202.13', 'DEBET', 100000, 'Persembahan ambulan tgl 9 jan 2016 wil XII', '2016-11-09 05:48:17', 'admin'),
(397, 2016, 'P13', 'D203.02', 'DEBET', 10740000, 'Persembahan yang diterima di kantor gereja tgl 8-14 januari 2016', '2016-11-09 05:50:41', 'admin'),
(398, 2016, 'P16', 'D101.01', 'DEBET', 10000000, 'Tambahan Kas Bendahara', '2016-11-09 05:52:03', 'admin'),
(399, 2016, 'P02', 'D101.01', 'DEBET', 10000000, 'Tambahan Kas Bendahara', '2016-11-09 05:52:52', 'admin'),
(400, 2016, 'P12', 'D101.01', 'DEBET', 10000000, 'Tambahan Kas Bendahara', '2016-11-09 05:53:30', 'admin'),
(401, 2016, 'P23', 'D101.01', 'DEBET', 10000000, 'Tambahan Kas Bendahara', '2016-11-09 05:54:59', 'admin'),
(402, 2016, 'P03', 'D202.05', 'DEBET', 12534500, '-', '2016-11-09 06:04:53', 'admin'),
(403, 2016, 'K156216', 'D904.08', 'DEBET', 50000, 'Pembelian ... di toko lain - lain dengan nota N156216-1 tanggal 30-01-2016', '2016-11-16 04:38:15', 'admin'),
(404, 2016, 'P58A', 'D801.01', 'DEBET', 1675000, 'LPJ Komisi KPK Bidang Ibadah -PPJ Januari, BB 15 Tgl 8/1/2016', '2016-11-16 04:40:29', 'admin'),
(405, 2016, 'P60', 'K701.02', 'DEBET', 10396515, 'LPJ Bon BP4 Bon no 165 tgl 28/10/1015, raker BP4 CEK CFM 476224 Rp.10.435.000', '2016-11-16 04:47:23', 'admin'),
(406, 2016, 'M058216', 'D101.01', 'DEBET', 38485, 'Sisa LPJ BP4 BB165 tgl 28/10/2015', '2016-11-16 04:52:16', 'admin'),
(407, 2016, 'P59', 'D810.03', 'DEBET', 3513667, 'BB9 tgl 12/1/2016, LPJ Komisi Panti Wredha Bid.Diakonia, januari, Bon No 12/jan/2016', '2016-11-16 04:55:34', 'admin'),
(408, 2016, 'M057216', 'D101.01', 'DEBET', 6333, 'BB9 tgl 12/1/2016 januari, Sisa LPJ Komisi Panti Wredha Bid Diakonia', '2016-11-16 04:57:58', 'admin'),
(409, 2016, 'KC11', 'D101.03', 'DEBET', 2000000, 'Bon KC 11', '2016-11-16 05:01:30', 'admin'),
(410, 2016, 'P58B', 'D101.01', 'DEBET', 10000000, 'CEK CFM 01358059, tambahan kas bendahara', '2016-11-16 05:04:38', 'admin'),
(411, 2016, 'M054216', 'D101.01', 'DEBET', 70000, 'Sisa KC10', '2016-11-16 05:06:15', 'admin'),
(412, 2016, 'K194216', 'D904.08', 'DEBET', 100000, 'Pembelian ... di toko lain - lain dengan nota N194216-1 tanggal 06-02-2016', '2016-11-16 05:12:00', 'admin'),
(413, 2016, 'K193216', 'D904.03', 'DEBET', 400000, 'Pembelian ... di toko lain - lain dengan nota N193216-1 tanggal 06-02-2016', '2016-11-16 05:14:43', 'admin'),
(414, 2016, 'K192216', 'D904.08', 'DEBET', 100000, 'Pembelian ... di toko lain - lain dengan nota N192216 tanggal 06-02-2016', '2016-11-16 05:16:46', 'admin'),
(415, 2016, 'K191216', 'D904.08', 'DEBET', 100000, 'Pembelian ... di toko lain - lain dengan nota N191216-1 tanggal 06-02-2016', '2016-11-16 05:18:32', 'admin'),
(416, 2016, 'K190216', 'D904.08', 'DEBET', 100000, 'Pembelian ... di toko lain - lain dengan nota N190216-1 tanggal 06-02-2016', '2016-11-16 05:21:09', 'admin'),
(417, 2016, 'K189216', 'D904.08', 'DEBET', 100000, 'Pembelian ... di toko lain - lain dengan nota N189216-1 tanggal 06-02-2016', '2016-11-16 05:23:25', 'admin'),
(418, 2016, 'K188216', 'D904.08', 'DEBET', 100000, 'Pembelian ... di toko lain - lain dengan nota N188216-1 tanggal 06-02-2016', '2016-11-16 05:25:00', 'admin'),
(419, 2016, 'K187216', 'D904.08', 'DEBET', 100000, 'Pembelian ... di toko lain - lain dengan nota N187216-1 tanggal 06-02-2016', '2016-11-16 05:27:09', 'admin'),
(420, 2016, 'K186216', 'D904.08', 'DEBET', 100000, 'Pembelian ... di toko lain - lain dengan nota N186216-1 tanggal 06-02-2016', '2016-11-16 05:28:55', 'admin'),
(421, 2016, 'K185216', 'D903.04', 'DEBET', 500000, 'Pembelian ... di toko Duta Minang dengan nota N185216-1 tanggal 06-02-2016', '2016-11-16 05:33:56', 'admin'),
(422, 2016, 'K184216', 'D903.04', 'DEBET', 200000, 'Pembelian ... di toko lain - lain dengan nota N184216-1 tanggal 06-02-2016', '2016-11-16 05:36:31', 'admin'),
(423, 2016, 'K183216', 'D906.08', 'DEBET', 30000, 'Pembelian ... di toko lain - lain dengan nota N183215-1 tanggal 06-02-2016', '2016-11-16 05:37:15', 'admin'),
(424, 2016, 'KC10', 'D101.03', 'DEBET', 2000000, 'Bon KC10', '2016-11-16 05:38:43', 'admin'),
(425, 2016, 'M053216', 'D101.01', 'DEBET', 95229, 'Sisa bon KC09', '2016-11-16 05:40:02', 'admin'),
(426, 2016, 'K182216', 'D906.08', 'DEBET', 100000, 'Pembelian ... di toko lain - lain dengan nota N182216-1 tanggal 02-02-2016', '2016-11-16 05:42:52', 'admin'),
(427, 2016, 'K181216', 'D902.08', 'DEBET', 50000, 'Pembelian ... di toko lain - lain dengan nota N181216-1 tanggal 02-02-2016', '2016-11-16 05:44:33', 'admin'),
(428, 2016, 'K179216', 'D902.05', 'DEBET', 20000, 'Pembelian ... di toko SPBU dengan nota N179216-1 tanggal 01-02-2016', '2016-11-16 05:58:48', 'admin'),
(429, 2016, 'K179216', 'D902.05', 'DEBET', 29821, 'Pembelian ... di toko SPBU dengan nota N179216-2 tanggal 02-02-2016', '2016-11-16 05:58:48', 'admin'),
(430, 2016, 'K178216', 'D903.10', 'DEBET', 33750, 'Pembelian ... di toko toko andajaya dengan nota N178216-1 tanggal 01-02-2016', '2016-11-16 06:02:05', 'admin'),
(431, 2016, 'K177216', 'D903.10', 'DEBET', 225000, 'Pembelian ... di toko Duta Minang dengan nota N177216-1 tanggal 01-02-2016', '2016-11-16 06:04:07', 'admin'),
(432, 2016, 'K176216', 'D901.01', 'DEBET', 248000, 'Pembelian ... di toko toko merah  dengan nota N176216-1 tanggal 02-02-2016', '2016-11-16 06:07:24', 'admin'),
(433, 2016, 'K175216', 'D902.05', 'DEBET', 25000, 'Pembelian ... di toko SPBU dengan nota N175216-1 tanggal 02-02-2016', '2016-11-16 06:08:49', 'admin'),
(434, 2016, 'K172216', 'D901.05', 'DEBET', 18300, 'Pembelian ... di toko Sahara dengan nota N172216-1 tanggal 03-02-2016', '2016-11-16 06:11:07', 'admin'),
(435, 2016, 'K171216', 'D903.04', 'DEBET', 320000, 'Pembelian ... di toko lain - lain dengan nota N171216-1 tanggal 04-02-2016', '2016-11-16 06:13:35', 'admin'),
(436, 2016, 'K170216', 'D902.06', 'DEBET', 61400, 'Pembelian ... di toko toko andajaya dengan nota N170216-1 tanggal 04-02-2016', '2016-11-16 06:15:23', 'admin'),
(438, 2016, 'K166216', 'D905.04', 'DEBET', 40000, 'Pembelian ... di toko lain - lain dengan nota N166216-1 tanggal 04-02-2016', '2016-11-16 06:18:56', 'admin'),
(439, 2016, 'K167216', 'D903.04', 'DEBET', 62000, 'Pembelian ... di toko Gita Anjana dengan nota N167216-1 tanggal 04-02-2016', '2016-11-18 04:48:36', 'admin'),
(440, 2016, 'K169216', 'D902.06', 'DEBET', 90000, 'Pembelian ... di toko exodus dengan nota N169216-1 tanggal 04-02-2016', '2016-11-18 04:57:41', 'admin'),
(441, 2016, 'K168216', 'D901.03', 'DEBET', 10000, 'Pembelian ... di toko lain - lain dengan nota N168216-1 tanggal 04-02-2016', '2016-11-18 04:58:02', 'admin'),
(442, 2016, 'K173216', 'D902.06', 'DEBET', 26000, 'Pembelian ... di toko Zaara Textile dengan nota N173216-1 tanggal 03-02-2016', '2016-11-18 05:01:09', 'admin'),
(443, 2016, 'K174216', 'D903.10', 'DEBET', 85000, 'Pembelian ... di toko lain - lain dengan nota N174216-1 tanggal 02-02-2016', '2016-11-18 05:05:11', 'admin'),
(444, 2016, 'K174216', 'D903.10', 'DEBET', 88500, 'Pembelian ... di toko SPBU dengan nota N174216-2 tanggal 02-02-2016', '2016-11-18 05:05:11', 'admin'),
(445, 2016, 'K165216', 'D906.04', 'DEBET', 50000, 'Pembelian ... di toko lain - lain dengan nota N165216-1 tanggal 04-02-2016', '2016-11-18 05:06:28', 'admin'),
(446, 2016, 'K164216', 'D906.04', 'DEBET', 30000, 'Pembelian ... di toko lain - lain dengan nota N164216-1 tanggal 04-02-2016', '2016-11-18 05:08:21', 'admin'),
(447, 2016, 'K163216', 'D904.08', 'DEBET', 40000, 'Pembelian ... di toko lain - lain dengan nota N163216-1 tanggal 04-02-2016', '2016-11-18 05:10:38', 'admin'),
(448, 2016, 'K162216', 'D902.08', 'DEBET', 72000, 'Pembelian ... di toko lain - lain dengan nota N162216-1 tanggal 04-02-2016', '2016-11-18 05:12:27', 'admin'),
(449, 2016, 'K161216', 'D903.05', 'DEBET', 150000, 'Pembelian ... di toko lain - lain dengan nota N161216-1 tanggal 05-02-2016', '2016-11-18 05:14:26', 'admin'),
(450, 2016, 'M052216', 'D401.14', 'DEBET', 3569200, 'Sisa LPJ komisi anak bidang PWG BB200 tgl 11/12/2015', '2016-11-18 05:15:56', 'admin'),
(451, 2016, 'M051216', 'D101.03', 'DEBET', 13846, 'Sisa KC08', '2016-11-18 05:17:20', 'admin'),
(452, 2016, 'KC09', 'D101.03', 'DEBET', 2000000, 'KC09', '2016-11-18 05:18:23', 'admin'),
(453, 2016, 'K158215', 'D902.06', 'DEBET', 379000, 'Pembelian ... di toko Cemerlang Kemindo dengan nota N158216-1 tanggal 30-01-2016', '2016-11-18 05:23:08', 'admin'),
(454, 2016, 'K158215', 'D902.06', 'DEBET', 21500, 'Pembelian ... di toko Cemerlang Kemindo dengan nota N158216-2 tanggal 30-01-2016', '2016-11-18 05:23:08', 'admin'),
(455, 2016, 'K158215', 'D902.06', 'DEBET', 14000, 'Pembelian ... di toko lain - lain dengan nota N158216-3 tanggal 30-01-2016', '2016-11-18 05:23:08', 'admin'),
(456, 2016, 'K157216', 'D904.08', 'DEBET', 100000, 'Pembelian ... di toko lain - lain dengan nota N175216-1 tanggal 30-01-2016', '2016-11-18 05:24:54', 'admin'),
(457, 2016, 'K155216', 'D902.06', 'DEBET', 81000, 'Pembelian ... di toko Putra Sehat dengan nota N155216-1 tanggal 28-01-2016', '2016-11-18 05:27:53', 'admin'),
(458, 2016, 'K154216', 'D902.05', 'DEBET', 50000, 'Pembelian ... di toko SPBU dengan nota N154216-1 tanggal 30-01-2016', '2016-11-18 05:29:45', 'admin'),
(459, 2016, 'K153216', 'D903.10', 'DEBET', 124099, 'Pembelian ... di toko lain - lain dengan nota N153216-1 tanggal 30-01-2016', '2016-11-18 05:32:58', 'admin'),
(460, 2016, 'K153216', 'D903.10', 'DEBET', 107000, 'Pembelian ... di toko lain - lain dengan nota N153216-2 tanggal 30-01-2016', '2016-11-18 05:32:58', 'admin'),
(461, 2016, 'K152216', 'D902.06', 'DEBET', 274500, 'Pembelian ... di toko Karya Anugerah dengan nota N152216-1 tanggal 30-01-2016', '2016-11-18 05:36:50', 'admin'),
(462, 2016, 'K152216', 'D902.05', 'DEBET', 9500, 'Pembelian ... di toko lain - lain dengan nota N152216-2 tanggal 29-01-2016', '2016-11-18 05:36:50', 'admin'),
(463, 2016, 'BB23', 'D401.14', 'DEBET', 1750000, 'Bon PI dan komunikai, februari, bon no 23 tgl 03/02/2016', '2016-11-18 05:38:15', 'admin'),
(464, 2016, 'BB22', 'D401.14', 'DEBET', 1781000, 'bon bidang ibadah komisi pendukung kebaktian(mulmed buln feb 2016) bon no 22 3/3/2016, cek CFM 358058', '2016-11-18 05:38:29', 'admin'),
(465, 2016, 'BB21', 'D401.14', 'DEBET', 1753000, 'bon bidang ibadah komisi KPK bulan januari 2016, bon no 21 tgl 03/02/16 cek CFM 358058', '2016-11-18 05:40:36', 'admin'),
(466, 2016, 'K151216', 'D905.05', 'DEBET', 2042800, 'Pembelian ... di toko lain - lain dengan nota N151216-1 tanggal 05-02-2016', '2016-11-18 05:44:25', 'admin'),
(467, 2016, 'K150216', 'D905.05', 'DEBET', 2182500, 'Pembelian ... di toko lain - lain dengan nota N150216-1 tanggal 05-02-2016', '2016-11-18 05:46:01', 'admin'),
(468, 2016, 'P54', 'D802.01', 'DEBET', 393000, 'bon bidang ibadah komisi KPK bulan januari 2016, bon no 21 tgl 03/02/16 cek CFM 358058', '2016-11-18 05:47:38', 'admin'),
(469, 2016, 'M050216', 'D101.01', 'DEBET', 7000, 'Sisa LPJ komisi PI dan komunikasi no 3 tgl 4/1/2016', '2016-11-18 05:49:24', 'admin'),
(470, 2016, 'M049216', 'D101.01', 'DEBET', 23915, 'Sisa LPJ komisi PI dan komunikasi no 3 tgl 4/1/2016', '2016-11-18 05:51:57', 'admin'),
(471, 2016, 'K149216', 'D903.10', 'DEBET', 711000, 'Pembelian ... di toko lain - lain dengan nota N149216-1 tanggal 05-02-2016', '2016-11-18 05:54:24', 'admin'),
(472, 2016, 'M048216', 'D101.01', 'DEBET', 289000, 'Sisa bon komisi sidang majelis gereja', '2016-11-18 05:56:19', 'admin'),
(473, 2016, 'B08', 'D401.10', 'DEBET', 1000000, 'konsumsi sidang majelis gereja', '2016-11-18 05:57:38', 'admin'),
(474, 2016, 'BB25', 'D401.14', 'DEBET', 1675000, 'bon/pengajuan anggaran kegiatan KPK/bidang ibadah. bon no 25 02/02/2016', '2016-11-18 05:59:09', 'admin'),
(475, 2016, 'K148216', 'D903.04', 'DEBET', 735000, 'Pembelian ... di toko Gita Anjana dengan nota N148216-1 tanggal 01-02-2016', '2016-11-18 06:01:03', 'admin'),
(476, 2016, 'K145216', 'D901.07', 'DEBET', 700000, 'Pembelian ... di toko Red Studio dengan nota N145216-1 tanggal 30-12-2015', '2016-11-18 06:04:23', 'admin'),
(477, 2016, 'BB24', 'D401.01', 'DEBET', 12265000, 'Cek CFM 358055. bon bansos diakonia bulan feb 2016. bon no 24 tgl 02/02/2016', '2016-11-18 06:06:21', 'admin'),
(478, 2016, 'M047216', 'D101.01', 'DEBET', 160000, 'Sisa LPJ pemebelian tager talak. bon no 3 tgl 8 jan 2016', '2016-11-18 06:07:28', 'admin'),
(479, 2016, 'K147216', 'D901.02', 'DEBET', 3050000, 'Pembelian ... di toko TB. Taman Pustaka Kr dengan nota N147216-1 tanggal 02-02-2016', '2016-11-18 06:09:34', 'admin'),
(480, 2016, 'K146216', 'D807.3', 'DEBET', 500000, 'Pembelian ... di toko Bank Mandiri dengan nota N146216-1 tanggal 02-02-2016', '2016-11-21 01:55:26', 'admin'),
(481, 2016, 'K146216', 'D807.3', 'DEBET', 500000, 'Pembelian ... di toko Bank Mandiri dengan nota N146216-2 tanggal 02-02-2016', '2016-11-21 01:55:26', 'admin'),
(482, 2016, 'K144216', 'D905.04', 'DEBET', 640900, 'Pembelian ... di toko Apotek K24 dengan nota N144216-1 tanggal 31-01-2016', '2016-11-21 01:58:16', 'admin'),
(483, 2016, 'BB20', 'D401.14', 'DEBET', 2000000, 'Bon komisi PKM bidang PWG. Cek gabungan CFM 358054. Bon no 20 tgl 01/02/2016', '2016-11-21 02:00:11', 'admin'),
(484, 2016, 'B06', 'D401.10', 'DEBET', 17000000, 'Bon perjamuan kudus, listrik, premi, telp dan prudential. Bon gabungan CEK CFM 358054', '2016-11-21 02:02:04', 'admin'),
(485, 2016, 'K143216', 'D901.06', 'DEBET', 500000, 'Pembelian ... di toko Red Studio dengan nota N143216-1 tanggal 01-02-2016', '2016-11-21 02:04:16', 'admin'),
(486, 2016, 'K142216', 'D904.01', 'DEBET', 20377657, 'Pembelian ... di toko lain - lain dengan nota N142216-1 tanggal 01-02-2016', '2016-11-21 02:11:16', 'admin'),
(487, 2016, 'K142216', 'D904.02', 'DEBET', 18013000, 'Pembelian ... di toko lain - lain dengan nota N142216-2 tanggal 01-02-2016', '2016-11-21 02:11:16', 'admin'),
(488, 2016, 'K142216', 'D904.09', 'DEBET', 5500000, 'Pembelian ... di toko lain - lain dengan nota N142216-3 tanggal 01-02-2016', '2016-11-21 02:11:16', 'admin'),
(489, 2016, 'K142216', 'D904.05', 'DEBET', 3025000, 'Pembelian ... di toko lain - lain dengan nota N142216-4 tanggal 01-02-2016', '2016-11-21 02:11:16', 'admin'),
(490, 2016, 'K142216', 'D905.03', 'DEBET', 1300000, 'Pembelian ... di toko lain - lain dengan nota N142216-5 tanggal 01-02-2016', '2016-11-21 02:11:16', 'admin'),
(491, 2016, 'K142216', 'D905.01', 'DEBET', 6562800, 'Pembelian ... di toko lain - lain dengan nota N142216-6 tanggal 01-02-2016', '2016-11-21 02:11:16', 'admin'),
(492, 2016, 'K142216', 'D905.02', 'DEBET', 2149900, 'Pembelian ... di toko lain - lain dengan nota N142216-7 tanggal 01-02-2016', '2016-11-21 02:11:16', 'admin'),
(493, 2016, 'K142216', 'K101.05', 'DEBET', 4802000, 'Pembelian ... di toko lain - lain dengan nota N142216-8 tanggal 01-02-2016', '2016-11-21 02:11:16', 'admin'),
(494, 2016, 'K160216', 'D902.06', 'DEBET', 525555, 'Pembelian ... di toko lain - lain dengan nota N160216-1 tanggal 31-01-2016', '2016-11-21 02:15:02', 'admin'),
(495, 2016, 'P58', 'D203.02', 'DEBET', 11482500, 'Persembahan di kantor gereja tanggal 29 jan - 4 feb 2016', '2016-11-21 02:20:11', 'admin'),
(496, 2016, 'K196216', 'D905.05', 'DEBET', 2270000, 'Pembelian ... di toko lain - lain dengan nota N196216-1 tanggal 10-02-2016', '2016-11-21 02:22:12', 'admin'),
(497, 2016, 'BB25A', 'D401.14', 'DEBET', 1250000, 'Bon panitia unduh - unduh', '2016-11-21 02:23:33', 'admin'),
(498, 2016, 'K180216', 'D906.08', 'DEBET', 30000, 'Pembelian ... di toko lain - lain dengan nota N180216-1 tanggal 02-02-2016', '2016-11-21 02:28:26', 'admin'),
(499, 2016, 'K195216', 'D903.04', 'DEBET', 2400000, 'Pembelian ... di toko Virgo Tenda dengan nota N195216-1 tanggal 09-02-2016', '2016-11-21 02:31:02', 'admin'),
(501, 2016, 'M1482-1', 'D903.04', 'DEBET', 15000, 'Sisa bon roti persembahan', '2016-11-21 02:39:55', 'admin'),
(502, 2016, 'BB1482-1', 'D903.04', 'DEBET', 735000, 'Roti perjamuan kudus', '2016-11-21 02:41:37', 'admin'),
(503, 2016, 'K224216', 'D808.03', 'DEBET', 1678000, 'Pembelian ... di toko lain - lain dengan nota N224216-1 tanggal 16-02-2016', '2016-11-21 02:48:01', 'admin'),
(504, 2016, 'P103', 'D902.02', 'DEBET', 55000, 'Koreksi k226 tgl 16/02/2016, salah posting paket inet hp kantor', '2016-11-21 02:49:59', 'admin'),
(505, 2016, 'P102', 'K701.01', 'DEBET', 20279128, 'Penyesuaian saldo uang muka biaya hidup dan gaji tenaga gkj Gk', '2016-11-21 02:52:35', 'admin'),
(506, 2016, 'P101', 'K701.01', 'DEBET', 1205000, 'Penyesuaian saldo uang muka lainnya yang harus dipertanggung jawabkan', '2016-11-21 02:54:03', 'admin'),
(507, 2016, 'P100', 'D508.99', 'DEBET', 4402500, 'Pencatatan inventaris, pemebelian mesin pemotong rumput honda ercgymr 435 t tgl 16/02/2016(warkat k 243/2/16) tgl 18/2/2016', '2016-11-21 02:56:17', 'admin'),
(508, 2016, 'P99', 'D907.02', 'DEBET', 68123, 'Biaya pajak BRI Pdt.Swd', '2016-11-21 02:57:38', 'admin'),
(509, 2016, 'M100216', 'K903.02', 'DEBET', 340615, 'Hasil bunga bank BRI- Pdt Swd', '2016-11-21 03:00:47', 'admin'),
(510, 2016, 'P97', 'D101.01', 'DEBET', 473000, 'Koreksi m71 tgl 18/2/2016. persemabahan pertubatan wil 2, masuk ke kas bendahara', '2016-11-21 03:05:12', 'admin'),
(511, 2016, 'P96', 'D907.02', 'DEBET', 36724, 'Biaya pajak bank mandiri- kemandirian', '2016-11-21 03:06:50', 'admin'),
(512, 2016, 'M098216', 'D202.03', 'DEBET', 183621, 'Hasil bunga bank mandiri kemandirian', '2016-11-21 03:08:11', 'admin'),
(513, 2016, 'P95', 'D907.01', 'DEBET', 13000, 'Biaya adm. Bank mandiri- kemandirian', '2016-11-21 03:10:11', 'admin'),
(514, 2016, 'P94', 'D907.02', 'DEBET', 3779, 'Biaya pajak BRI-PW don', '2016-11-21 03:11:54', 'admin'),
(515, 2016, 'M097216', 'D202.15', 'DEBET', 18894, 'Hasil bunga bank BRI pw don', '2016-11-21 03:13:22', 'admin'),
(516, 2016, 'P93', 'D907.02', 'DEBET', 10000, 'Biaya adm BRI - tanah makam', '2016-11-21 03:15:04', 'admin'),
(517, 2016, 'M096216', 'D202.14', 'DEBET', 22499, 'Hasil bunga bank BRI - tanah makam', '2016-11-21 03:16:38', 'admin'),
(518, 2016, 'P92', 'D907.01', 'DEBET', 41489, 'Biaya adm.bank BRi - SE', '2016-11-21 03:18:22', 'admin'),
(519, 2016, 'M095216', 'D202.11', 'DEBET', 27444, 'hasil bunga BRI- SE', '2016-11-21 03:20:25', 'admin'),
(520, 2016, 'P91', 'D907.01', 'DEBET', 24000, 'biaya adm NRI-gkj GK', '2016-11-21 03:21:57', 'admin'),
(521, 2016, 'P90', 'D907.02', 'DEBET', 8395, 'biaya adm NRI-gkj GK', '2016-11-21 03:24:17', 'admin'),
(522, 2016, 'M094216', 'D202.09', 'DEBET', 1366915, 'hasil bunga deposito BRI', '2016-11-21 03:26:13', 'admin'),
(523, 2016, 'P89', 'D907.02', 'DEBET', 22944, 'biaya pajak mandiri - emeritus', '2016-11-21 03:27:21', 'admin'),
(524, 2016, 'M093216', 'D202.05', 'DEBET', 114724, 'Hasil bunga bank mandiri - emeritus', '2016-11-21 03:26:46', 'admin'),
(525, 2016, 'P88', 'D907.01', 'DEBET', 11500, 'Biaya adm bank mandiri - emeritus', '2016-11-21 03:28:08', 'admin'),
(526, 2016, 'P87', 'D907.01', 'DEBET', 25000, 'Biaya rek pasif bank mandiri - emeritus', '2016-11-21 03:29:06', 'admin'),
(527, 2016, 'P86', 'D907.01', 'DEBET', 12000, 'Biaya adm bank BRI pdt Swd', '2016-11-21 03:30:45', 'admin'),
(528, 2016, 'M092216', 'D202.02', 'DEBET', 1299470, 'Hasil bunga deposito BRI - Pdt Siswandi', '2016-11-21 03:32:52', 'admin'),
(529, 2016, 'P98', 'D802.01', 'DEBET', 748000, 'Pelayanan siraman rohani di LP wirogunan. Sarasehan gabungan. LPJ BB 23 tgl 3/2/2016', '2016-11-21 03:35:19', 'admin'),
(530, 2016, 'M099216', 'D802.01', 'DEBET', 7000, 'Pi dan humas, sisa lpj bb23 tgl 3/2/2106', '2016-11-21 03:37:12', 'admin'),
(531, 2016, '42BB', 'D401.14', 'DEBET', 815000, 'pengadaan alat pendukung pa dan senam aerobik', '2016-11-21 03:39:50', 'admin'),
(532, 2016, 'K298216', 'D906.04', 'DEBET', 800000, 'Pembelian ... di toko Prabu Motor dengan nota N298216-1 tanggal 29-02-2016', '2016-11-21 03:45:55', 'admin'),
(533, 2016, 'K298216', 'D906.04', 'DEBET', 20000, 'Pembelian ... di toko lain - lain dengan nota N298216-2 tanggal 29-02-2016', '2016-11-21 03:45:55', 'admin'),
(534, 2016, 'K298216', 'D906.04', 'DEBET', 785000, 'Pembelian ... di toko lain - lain dengan nota N298216-3 tanggal 29-02-2016', '2016-11-21 03:45:55', 'admin'),
(535, 2016, 'K299216', 'D401.10', 'DEBET', 105000, 'Pembelian ... di toko lain - lain dengan nota N299216-1 tanggal 29-02-2016', '2016-11-21 03:48:02', 'admin'),
(536, 2016, 'K297216', 'D904.08', 'DEBET', 250000, 'Pembelian ... di toko lain - lain dengan nota N297216-1 tanggal 29-02-2016', '2016-11-21 03:50:14', 'admin'),
(537, 2016, 'BG2', 'D101.01', 'DEBET', 61876997, 'Cek BRI no: CFM 358075. Tambahan kas, persiapan gaji tenaga GKJ Gondokusuman', '2016-11-21 03:53:41', 'admin'),
(538, 2016, 'BB2902-1', 'D401.11', 'DEBET', 38678500, 'Pemindahan kee BPD gaji karyawan GKJ Gondokusuman maret 2016', '2016-11-21 03:57:09', 'admin'),
(539, 2016, 'BB2902-2', 'D401.11', 'DEBET', 23198497, 'Persiapan biaya gaji tenaga GKJ Gondokusuman bulan maret 2016', '2016-11-21 03:59:09', 'admin'),
(540, 2016, 'K296216', 'D904.08', 'DEBET', 350000, 'Pembelian ... di toko lain - lain dengan nota N296216-1 tanggal 18-02-2016', '2016-11-21 04:02:20', 'admin'),
(541, 2016, 'K295216', 'D401.06', 'DEBET', 59700, 'Pembelian ... di toko Pos Indonesia dengan nota N295216 tanggal 29-02-2016', '2016-11-21 04:15:52', 'admin'),
(542, 2016, 'K295216', 'D401.06', 'DEBET', 44874, 'Pembelian ... di toko Sinar Mataram dengan nota N295216-1 tanggal 29-02-2016', '2016-11-21 04:15:52', 'admin'),
(543, 2016, 'K295216', 'D401.06', 'DEBET', 36270, 'Pembelian ... di toko Sinar Mataram dengan nota N295216-2 tanggal 29-02-2016', '2016-11-21 04:15:52', 'admin'),
(544, 2016, 'K295216', 'D401.06', 'DEBET', 45660, 'Pembelian ... di toko Pos Indonesia dengan nota N295216-3 tanggal 29-02-2016', '2016-11-21 04:15:52', 'admin'),
(545, 2016, 'K295216', 'D401.06', 'DEBET', 49745, 'Pembelian ... di toko Pos Indonesia dengan nota N295216-4 tanggal 29-02-2016', '2016-11-21 04:15:52', 'admin'),
(546, 2016, 'K295216', 'D401.06', 'DEBET', 47562, 'Pembelian ... di toko Sinar Mataram dengan nota N295216-5 tanggal 29-02-2016', '2016-11-21 04:15:52', 'admin'),
(547, 2016, 'K294216', 'D401.05', 'DEBET', 360940, 'Pembelian ... di toko Pos Indonesia dengan nota N294216-1 tanggal 29-02-2016', '2016-11-21 04:24:20', 'admin'),
(548, 2016, 'K294216', 'D401.05', 'DEBET', 422695, 'Pembelian ... di toko Pos Indonesia dengan nota N294216-2 tanggal 29-02-2016', '2016-11-21 04:24:20', 'admin'),
(549, 2016, 'K294216', 'D401.05', 'DEBET', 57360, 'Pembelian ... di toko Sinar Mataram dengan nota N294216-3 tanggal 28-02-2016', '2016-11-21 04:24:20', 'admin'),
(550, 2016, 'K294216', 'D401.05', 'DEBET', 505432, 'Pembelian ... di toko Sinar Mataram dengan nota N294216-4 tanggal 29-02-2016', '2016-11-21 04:24:20', 'admin'),
(551, 2016, 'K294216', 'D401.05', 'DEBET', 80784, 'Pembelian ... di toko Pos Indonesia dengan nota N294216-5 tanggal 29-02-2016', '2016-11-21 04:24:20', 'admin'),
(558, 2016, 'K292216', 'D903.04', 'DEBET', 680000, 'Pembelian ... di toko RK Studio dengan nota N292216-1 tanggal 29-02-2016', '2016-11-21 04:41:33', 'admin'),
(559, 2016, 'K291216', 'D903.04', 'DEBET', 1680000, 'Pembelian ... di toko lain - lain dengan nota N291216-1 tanggal 29-02-2016', '2016-11-21 04:48:35', 'admin'),
(560, 2016, 'K291216', 'D903.04', 'DEBET', 450000, 'Pembelian ... di toko lain - lain dengan nota N291216-2 tanggal 29-02-2016', '2016-11-21 04:48:35', 'admin'),
(561, 2016, 'K291216', 'D903.04', 'DEBET', 555000, 'Pembelian ... di toko lain - lain dengan nota N291216-3 tanggal 29-02-2016', '2016-11-21 04:48:35', 'admin'),
(562, 2016, 'K291216', 'D903.04', 'DEBET', 90000, 'Pembelian ... di toko lain - lain dengan nota N291216-4 tanggal 29-02-2016', '2016-11-21 04:48:35', 'admin'),
(563, 2016, 'K291216', 'D903.04', 'DEBET', 60000, 'Pembelian ... di toko lain - lain dengan nota N291216-5 tanggal 29-02-2016', '2016-11-21 04:48:35', 'admin'),
(564, 2016, 'K291216', 'D903.04', 'DEBET', 60000, 'Pembelian ... di toko lain - lain dengan nota N291216-6 tanggal 29-02-2016', '2016-11-21 04:48:35', 'admin'),
(565, 2016, 'K291216', 'D903.04', 'DEBET', 225000, 'Pembelian ... di toko lain - lain dengan nota N291216-7 tanggal 29-02-2016', '2016-11-21 04:48:35', 'admin'),
(566, 2016, 'K291216', 'D903.04', 'DEBET', 90000, 'Pembelian ... di toko lain - lain dengan nota N291216-8 tanggal 29-02-2016', '2016-11-21 04:48:35', 'admin'),
(567, 2016, 'K290216', 'D902.02', 'DEBET', 132022, 'Pembelian ... di toko Pos Indonesia dengan nota N290216-1 tanggal 29-02-2016', '2016-11-21 04:54:21', 'admin'),
(568, 2016, 'K290216', 'D902.02', 'DEBET', 695064, 'Pembelian ... di toko Pos Indonesia dengan nota N290216-2 tanggal 29-02-2016', '2016-11-21 04:54:21', 'admin'),
(569, 2016, 'K289216', 'D902.01', 'DEBET', 66350, 'Pembelian ... di toko Pos Indonesia dengan nota N289216-1 tanggal 29-02-2016', '2016-11-21 05:01:37', 'admin'),
(570, 2016, 'K289216', 'D902.01', 'DEBET', 23128, 'Pembelian ... di toko Pos Indonesia dengan nota N289216-2 tanggal 29-02-2016', '2016-11-21 05:01:37', 'admin'),
(571, 2016, 'K289216', 'D902.01', 'DEBET', 702819, 'Pembelian ... di toko Pos Indonesia dengan nota N289216-3 tanggal 29-02-2016', '2016-11-21 05:01:37', 'admin'),
(572, 2016, 'K289216', 'D902.01', 'DEBET', 377200, 'Pembelian ... di toko Pos Indonesia dengan nota N289216-4 tanggal 29-02-2016', '2016-11-21 05:01:37', 'admin'),
(573, 2016, 'K289216', 'D902.01', 'DEBET', 358018, 'Pembelian ... di toko Pos Indonesia dengan nota N289216-5 tanggal 29-02-2016', '2016-11-21 05:01:37', 'admin'),
(574, 2016, 'K289216', 'D902.01', 'DEBET', 129967, 'Pembelian ... di toko Pos Indonesia dengan nota N289216-6 tanggal 29-02-2016', '2016-11-21 05:01:37', 'admin'),
(575, 2016, 'K289216', 'D902.01', 'DEBET', 25207, 'Pembelian ... di toko Pos Indonesia dengan nota N289216-7 tanggal 29-02-2016', '2016-11-21 05:01:37', 'admin'),
(576, 2016, 'K289216', 'D902.01', 'DEBET', 1439500, 'Pembelian ... di toko Pos Indonesia dengan nota N289216-8 tanggal 29-02-2016', '2016-11-21 05:01:37', 'admin'),
(577, 2016, 'K288216', 'D905.12', 'DEBET', 3000000, 'Pembelian ... di toko lain - lain dengan nota N288216-1 tanggal 29-02-2016', '2016-11-21 05:13:38', 'admin'),
(578, 2016, 'K287216', 'D905.09', 'DEBET', 1940300, 'Pembelian ... di toko lain - lain dengan nota N287216-1 tanggal 29-02-2016', '2016-11-21 05:17:19', 'admin'),
(579, 2016, 'K287216', 'K101.14', 'DEBET', 220000, 'Pembelian ... di toko lain - lain dengan nota N287216-2 tanggal 29-02-2016', '2016-11-21 05:17:19', 'admin'),
(580, 2016, 'P61', 'D801.02', 'DEBET', 1754500, 'LPJ Komisi Pelayanan Kebaktian Bon 21 3/2/2016 Cek gab CFM 358058', '2016-11-21 05:21:10', 'admin'),
(581, 2016, 'K197216', 'D401.14', 'DEBET', 1500, 'Pembelian ... di toko lain - lain dengan nota N197216-1 tanggal 29-02-2016', '2016-11-21 05:23:38', 'admin'),
(582, 2016, 'P78', 'D801.03', 'DEBET', 7660000, 'LPJ seni dan Budaya Bid. Ibadah BB 6 tgl 6/1/2016 Oktober - Desember 2016', '2016-11-21 05:23:49', 'admin'),
(583, 2016, 'M82216', 'D101.01', 'DEBET', 500000, 'sisa LPJ Komisi Seni dan Budaya Bid. Ibadah BB 6 tgl 6/1/2016', '2016-11-21 05:27:31', 'admin'),
(584, 2016, '21B', 'D401.10', 'DEBET', 1000000, 'Service dan pergantian sparepart mobil putih AB 1334 KH', '2016-11-21 05:29:48', 'admin'),
(585, 2016, '38A', 'D401.14', 'DEBET', 10954000, 'Pembagian Beasiswa bln. maret 2016 Cek CFm 358073', '2016-11-21 05:34:51', 'admin'),
(586, 2016, 'B07', 'D401.10', 'DEBET', 19815000, 'Pakaian dan sepatu Kantor gereja Bon no 7 tgl 01 Feb 2016 19.815.000', '2016-11-21 05:41:28', 'admin'),
(587, 2016, 'K285216', 'D906.08', 'DEBET', 100000, 'Pembelian ... di toko lain - lain dengan nota N285216-1 tanggal 27-02-2016', '2016-11-21 05:43:45', 'admin'),
(588, 2016, 'K406316', 'D905.09', 'DEBET', 1940300, 'Pembelian ... di toko lain - lain dengan nota N406316-1 tanggal 28-03-2016', '2016-11-22 01:54:31', 'admin'),
(589, 2016, 'K406316', 'K101.05', 'DEBET', 220000, 'Pembelian ... di toko lain - lain dengan nota N406316-2 tanggal 28-03-2016', '2016-11-22 01:54:31', 'admin'),
(590, 2016, 'P166', 'D907.02', 'DEBET', 69172, 'Biaya pajak bunga bank feb-maret, BPD Pdt.Seno', '2016-11-22 01:56:34', 'admin'),
(591, 2016, 'P165', 'D907.01', 'DEBET', 10000, 'Biaya adm feb-maret 2016', '2016-11-22 01:57:46', 'admin'),
(592, 2016, 'M160316', 'D202.07', 'DEBET', 345862, 'Hasil bunga bank feb-maret, BPD Pdt Seno', '2016-11-22 01:59:26', 'admin'),
(593, 2016, 'M159316', 'D202.07', 'DEBET', 3500000, 'Hasil bunga deposito feb dan maret, BPD - Pdt Seno', '2016-11-22 02:01:12', 'admin'),
(594, 2016, 'M158316', 'D203.02', 'DEBET', 320000, 'Persembahan mirunggan via rek giro(NN) tgl 1 maret 2016', '2016-11-22 02:03:27', 'admin'),
(595, 2016, 'M157316', 'D202.16', 'DEBET', 51671, 'Hasil bunga bank BRI PW persembahan', '2016-11-22 02:06:31', 'admin'),
(596, 2016, 'P164', 'D907.02', 'DEBET', 3581, 'Biaya pajak BRI PW*Don', '2016-11-22 02:07:48', 'admin'),
(597, 2016, 'M156316', 'D202.15', 'DEBET', 17903, 'Hasil bunga bank BRI PW*Don', '2016-11-22 02:10:42', 'admin'),
(598, 2016, 'P163', 'D907.02', 'DEBET', 4062, 'Biaya pajak BRI - tanah makam', '2016-11-22 02:12:33', 'admin'),
(599, 2016, 'P162', 'D907.01', 'DEBET', 5500, 'Biaya adm BRI - tanah makam', '2016-11-22 02:14:40', 'admin'),
(600, 2016, 'M155316', 'D202.14', 'DEBET', 20311, 'Hasil bunga BRI-tanah makam', '2016-11-22 02:18:57', 'admin'),
(601, 2016, 'P161', 'D907.01', 'DEBET', 12000, 'Biaya adm bank BRI SE - Pdt Seno', '2016-11-22 02:30:26', 'admin'),
(602, 2016, 'P160', 'D907.02', 'DEBET', 1621, 'B.pajak BRi SE-Pdt.Seno', '2016-11-22 02:32:08', 'admin'),
(603, 2016, 'M154316', 'D202.11', 'DEBET', 8107, 'Hasil bunga bank BRI - Pdt Seno', '2016-11-22 02:33:31', 'admin'),
(604, 2016, 'P159', 'D907.02', 'DEBET', 3979, 'Biaya pajak BRI -GKJ GK', '2016-11-22 02:35:31', 'admin'),
(605, 2016, 'P158', 'D907.01', 'DEBET', 12000, 'B.simpan BRI - GKJ GK', '2016-11-22 02:36:29', 'admin'),
(606, 2016, 'M153316', 'D202.09', 'DEBET', 19897, 'Hasil bunga bank BRI -GKJ GK', '2016-11-22 02:38:28', 'admin'),
(607, 2016, 'M152316', 'D202.09', 'DEBET', 1239460, 'Hasil bunga deposito BRI - GKJ GK', '2016-11-22 02:40:31', 'admin'),
(608, 2016, 'P157', 'D907.01', 'DEBET', 11500, 'Biaya adm bank maret', '2016-11-22 02:40:17', 'admin'),
(609, 2016, 'P156', 'D907.02', 'DEBET', 26801, 'Biaya pajak bunga bank mandiri - emeritus', '2016-11-22 02:41:33', 'admin'),
(610, 2016, 'M161316', 'D202.05', 'DEBET', 134006, 'Hasil bunga bank mandiri - emeritus', '2016-11-22 02:43:28', 'admin'),
(611, 2016, 'P155', 'D907.01', 'DEBET', 13000, 'Biaya adm bank mandiri -kemadirian', '2016-11-22 02:46:42', 'admin'),
(612, 2016, 'P154', 'D907.02', 'DEBET', 42936, 'B.pajak bunga bank mandiri - kemandirian', '2016-11-22 02:52:04', 'admin'),
(613, 2016, 'M150316', 'D202.03', 'DEBET', 214682, 'Hasil bunga bank mandiri - kemandirian', '2016-11-22 02:54:01', 'admin'),
(614, 2016, 'P153', 'D907.02', 'DEBET', 52011, 'Biaya pajak BRI - Pdt SWD', '2016-11-22 02:55:23', 'admin'),
(615, 2016, 'P152', 'D907.01', 'DEBET', 12000, 'b.adm BRI - Pdt swd', '2016-11-22 02:57:10', 'admin'),
(616, 2016, 'M149316', 'D202.02', 'DEBET', 260057, 'Hasil bunga bank BRI - Pdt Siswandi', '2016-11-22 02:58:32', 'admin'),
(617, 2016, 'M148316', 'D202.02', 'DEBET', 1215634, 'Hasil bunga bank deposito BRI - Pdt SWD', '2016-11-22 03:00:01', 'admin'),
(618, 2016, 'P151', 'D202.16', 'DEBET', 500000, 'Koreksi P147 tgl 31/3/2016. Persembahan salah posting ke PW* Persembahan', '2016-11-22 03:01:23', 'admin'),
(619, 2016, 'P145', 'D203.02', 'DEBET', 50000, 'koreksi m120 tgl 21/3/2016, kurang buku setor BRi. persembahan tgl 19.20 maret 2016', '2016-11-22 03:04:05', 'admin'),
(620, 2016, 'P150', 'D801.02', 'DEBET', 1675000, 'Koreksi P58A tgl 5/2/2016. LPJ KPK PPJ januari .BB15 tgl 8/1/2016, salah posting', '2016-11-22 03:06:19', 'admin'),
(621, 2016, 'P149', 'D803.04', 'DEBET', 540000, 'PA pemuda dan minat bakat buklan maret. BB59 tgl 19/3/2016', '2016-11-22 03:08:15', 'admin'),
(622, 2016, 'P148', 'D803.04', 'DEBET', 540000, 'PA pemuda dan minat bakat bulan feb. BB58 tgl 19/3/2016', '2016-11-22 03:11:15', 'admin'),
(623, 2016, 'B24', 'D401.10', 'DEBET', 1100000, 'Tugas dinas Pdt. Kristi ke GKJ Bekasi', '2016-11-22 03:12:48', 'admin'),
(624, 2016, 'M143316', 'D203.02', 'DEBET', 4802000, 'Dana pensiun bulan april klasis tgl 23/3/2016', '2016-11-22 03:17:07', 'admin'),
(625, 2016, 'K284216', 'D809.09', 'DEBET', 1000000, 'Pembelian ... di toko lain - lain dengan nota N284216-1 tanggal 27-02-2016', '2016-11-22 04:03:19', 'admin'),
(626, 2016, 'M087216', 'D101.01', 'DEBET', 100000, 'Pengembalian sisa transport Pdt. Siswadi Warkat Pengeluaran K. 194 tgl 06/02/2016', '2016-11-22 04:10:12', 'admin'),
(627, 2016, 'M086216', 'D101.01', 'DEBET', 1330915, 'Pengembalian sisa kewajiban 80% Vik. Dorkas dan Vik, Christian', '2016-11-22 04:13:11', 'admin'),
(628, 2016, 'M085216', 'D101.01', 'DEBET', 3000000, 'Pengembalian Bon Bidang Diakonia Komisi Bantuan dan Santunan BB 12 tgl 22/1/16', '2016-11-22 04:14:45', 'admin'),
(629, 2016, 'M084216', 'D101.01', 'DEBET', 150000, 'Pengembalian uang saku WB single (wilayah 2) / Sari Retno Warkat tgl 11/02/2016', '2016-11-22 04:16:56', 'admin'),
(631, 2016, 'K293216', 'D903.04', 'DEBET', 105000, 'Pembelian ... di toko Mie Bandung dengan nota N288216-1 tanggal 29-02-2016', '2016-11-22 04:30:27', 'admin'),
(632, 2016, 'K293216', 'D903.04', 'DEBET', 142500, 'Pembelian ... di toko lain - lain dengan nota N288216-2 tanggal 29-02-2016', '2016-11-22 04:30:27', 'admin'),
(633, 2016, 'K293216', 'D903.04', 'DEBET', 43000, 'Pembelian ... di toko lain - lain dengan nota N288216-3 tanggal 29-02-2016', '2016-11-22 04:30:27', 'admin'),
(634, 2016, 'K293216', 'D903.04', 'DEBET', 86500, 'Pembelian ... di toko lain - lain dengan nota N288216-4 tanggal 29-02-2016', '2016-11-22 04:30:27', 'admin'),
(635, 2016, 'K293216', 'D903.04', 'DEBET', 35500, 'Pembelian ... di toko lain - lain dengan nota N288216-5 tanggal 29-02-2016', '2016-11-22 04:30:27', 'admin'),
(636, 2016, 'K293216', 'D903.04', 'DEBET', 84000, 'Pembelian ... di toko lain - lain dengan nota N288216-6 tanggal 29-02-2016', '2016-11-22 04:30:27', 'admin'),
(637, 2016, 'K283216', 'D808.04', 'DEBET', 1000000, 'Pembelian ... di toko lain - lain dengan nota N2830216-1 tanggal 26-02-2016', '2016-11-22 04:33:56', 'admin'),
(638, 2016, 'P79', 'D803.08', 'DEBET', 860000, 'Siraman Rohani Kunjungan Kasih Honor pelatih senam', '2016-11-22 04:36:31', 'admin'),
(639, 2016, 'M083216', 'D101.01', 'DEBET', 100000, 'Sisa LPJ Adiyuswa BB19 tgl 30/01/2016', '2016-11-22 04:37:59', 'admin'),
(640, 2016, 'P77', 'D907.01', 'DEBET', 100000, 'Biaya cetak buku cek', '2016-11-22 04:39:40', 'admin'),
(641, 2016, 'P76', 'D907.02', 'DEBET', 34820, 'Biaya Pajak bunga bank rek. Giro', '2016-11-22 04:40:57', 'admin'),
(642, 2016, 'M081216', 'D203.02', 'DEBET', 174099, 'Hasil Bunga rek. giro', '2016-11-22 04:42:32', 'admin'),
(643, 2016, 'M080216', 'D203.02', 'DEBET', 4802000, 'Pensiun bulan Maret 2016 dr Klasis Yogsel', '2016-11-22 04:44:15', 'admin'),
(644, 2016, '35BB', 'D401.14', 'DEBET', 1400000, 'Sewa Studio untuk Latihan dan Snack. Bon Komisi Kebaktian Obaja Febuari', '2016-11-22 04:46:21', 'admin'),
(645, 2016, '34BB', 'D401.14', 'DEBET', 330000, 'Konsumsi Penyusunan Lagu bln. Januari - Maret 2016', '2016-11-22 04:49:14', 'admin'),
(646, 2016, 'B-20', 'D401.10', 'DEBET', 1000000, 'Beasiswa untuk 2 orang Panti Asuhan Resa Putra kuliah di PETRA. Cek CFM 358074', '2016-11-22 04:51:15', 'admin'),
(647, 2016, 'B-19', 'D401.10', 'DEBET', 4000000, 'Uang muka kisbil kantor gereja dan gedung gereja Cek CFM 358074', '2016-11-22 04:53:29', 'admin'),
(648, 2016, 'B-16', 'D401.10', 'DEBET', 500000, 'Uang muka telepon Pendeta - Cek CFM 358074', '2016-11-22 04:55:34', 'admin'),
(649, 2016, 'B-17', 'D401.10', 'DEBET', 2160300, 'Pembayaran Peserta Dapen Pendeta dan karyawan Cek CFM 358074', '2016-11-22 04:57:48', 'admin'),
(650, 2016, 'B-13', 'D401.10', 'DEBET', 4250000, 'Bon pembelian Kertas untuk warta Jemaat 125R 25 box. Cek CFM 358074', '2016-11-22 04:59:17', 'admin'),
(651, 2016, 'B-14', 'D401.10', 'DEBET', 1190000, 'Bon pembelian kertas untuk kebutuhan kantor 5box A4(25R), 2box A4 (10R) cek CFM358074', '2016-11-22 05:01:38', 'admin'),
(652, 2016, 'B-21', 'D401.10', 'DEBET', 3000000, 'Pembayaran premi prudensial pendeta aktif CFM 358074', '2016-11-22 05:02:55', 'admin'),
(653, 2016, 'B-15', 'D401.10', 'DEBET', 1500000, 'Uang Muka listrik Pendeta Cek CFM 358074', '2016-11-22 05:04:48', 'admin'),
(654, 2016, 'B-12', 'D401.10', 'DEBET', 1500000, 'Bon Service Sparepart mobil putih L-300', '2016-11-22 05:08:15', 'admin'),
(655, 2016, 'KC15', 'D101.03', 'DEBET', 5000000, 'Bon KC 15', '2016-11-22 05:09:39', 'admin'),
(656, 2016, 'M079216', 'D101.01', 'DEBET', 344800, 'Sisa KC 13', '2016-11-22 05:10:38', 'admin'),
(657, 2016, 'K282216', 'D901.05', 'DEBET', 56800, 'Pembelian ... di toko Metro Fotocopi dengan nota N282216-1 tanggal 24-02-2016', '2016-11-22 05:14:29', 'admin'),
(658, 2016, 'K281216', 'D903.10', 'DEBET', 59900, 'Pembelian ... di toko lain - lain dengan nota N281216-1 tanggal 18-02-2016', '2016-11-22 05:16:34', 'admin'),
(659, 2016, 'K280216', 'D906.04', 'DEBET', 47000, 'Pembelian ... di toko Honda dengan nota N280216-1 tanggal 24-02-2016', '2016-11-22 05:24:11', 'admin'),
(660, 2016, 'K279216', 'D903.05', 'DEBET', 100000, 'Pembelian ... di toko lain - lain dengan nota N279216-1 tanggal 24-02-2016', '2016-11-22 05:26:07', 'admin'),
(661, 2016, 'K278216', 'D901.08', 'DEBET', 98000, 'Pembelian ... di toko Piramida Agency dengan nota N278216-1 tanggal 24-02-2016', '2016-11-22 05:32:25', 'admin'),
(662, 2016, 'K278216', 'D901.08', 'DEBET', 98000, 'Pembelian ... di toko Piramida Agency dengan nota N278216-2 tanggal 24-02-2016', '2016-11-22 05:32:25', 'admin'),
(663, 2016, 'K277216', 'D903.10', 'DEBET', 105000, 'Pembelian ... di toko lain - lain dengan nota N277216-1 tanggal 24-02-2016', '2016-11-22 05:33:59', 'admin'),
(664, 2016, 'K276216', 'D901.02', 'DEBET', 336000, 'Pembelian ... di toko lain - lain dengan nota N276216-1 tanggal 24-02-2016', '2016-11-22 05:35:43', 'admin'),
(665, 2016, 'K275216', 'D902.06', 'DEBET', 50000, 'Pembelian ... di toko lain - lain dengan nota N275216-1 tanggal 24-02-2016', '2016-11-22 05:38:04', 'admin'),
(666, 2016, 'K275216', 'D902.06', 'DEBET', 60000, 'Pembelian ... di toko lain - lain dengan nota N275216-2 tanggal 24-02-2016', '2016-11-22 05:38:04', 'admin'),
(667, 2016, 'K274216', 'D901.02', 'DEBET', 70000, 'Pembelian ... di toko TB. Taman Pustaka Kr dengan nota N274216-1 tanggal 24-02-2016', '2016-11-22 05:39:25', 'admin'),
(668, 2016, 'K273216', 'D901.03', 'DEBET', 10000, 'Pembelian ... di toko lain - lain dengan nota N273216-1 tanggal 24-02-2016', '2016-11-22 05:42:03', 'admin'),
(669, 2016, 'K272216', 'D906.08', 'DEBET', 30000, 'Pembelian ... di toko lain - lain dengan nota N272216-1 tanggal 24-02-2016', '2016-11-22 05:42:53', 'admin'),
(670, 2016, 'K271216', 'D906.08', 'DEBET', 30000, 'Pembelian ... di toko lain - lain dengan nota N271216-1 tanggal 24-02-2016', '2016-11-22 05:44:10', 'admin'),
(671, 2016, 'K270216', 'D902.08', 'DEBET', 50000, 'Pembelian ... di toko lain - lain dengan nota N270216-1 tanggal 24-02-2016', '2016-11-22 05:45:33', 'admin'),
(672, 2016, 'K269216', 'D902.08', 'DEBET', 50000, 'Pembelian ... di toko lain - lain dengan nota N269216-1 tanggal 24-02-2016', '2016-11-22 05:51:22', 'admin'),
(673, 2016, 'K268216', 'D904.08', 'DEBET', 400000, 'Pembelian ... di toko lain - lain dengan nota N268216-1 tanggal 24-02-2016', '2016-11-22 05:52:32', 'admin'),
(674, 2016, 'K267216', 'D902.06', 'DEBET', 4500, 'Pembelian ... di toko lain - lain dengan nota N267216-1 tanggal 24-02-2016', '2016-11-22 05:53:52', 'admin'),
(675, 2016, 'M078216', 'D203.02', 'DEBET', 659910, 'Premi Pensiun pft. Fendi Februari 2016', '2016-11-22 05:58:58', 'admin'),
(676, 2016, 'K266216', 'D802.02', 'DEBET', 10825000, 'Pembelian ... di toko lain - lain dengan nota N266216-1 tanggal 24-02-2016', '2016-11-22 06:01:00', 'admin'),
(677, 2016, 'M077216', 'D101.01', 'DEBET', 275000, 'Sisa pembagian Beasiswa bln. Februari 2016', '2016-11-22 06:02:42', 'admin'),
(678, 2016, 'K265216', 'D903.10', 'DEBET', 136700, 'Pembelian ... di toko lain - lain dengan nota N265216-1 tanggal 24-02-2016', '2016-11-22 06:06:22', 'admin'),
(679, 2016, 'M076216', 'D101.01', 'DEBET', 173300, 'Kantor Gereja ( Sisa Pembelian snack rapat Team Tanah dan bid. Kehartaan)', '2016-11-22 06:07:48', 'admin'),
(680, 2016, 'B-10', 'D401.10', 'DEBET', 310000, 'Bon Kantor Gereja untuk Konsumsi Rapat', '2016-11-22 06:09:32', 'admin'),
(681, 2016, 'B-11', 'D401.10', 'DEBET', 500000, 'Transportasi ke Jakarta', '2016-11-22 06:11:00', 'admin'),
(682, 2016, 'K264216', 'D904.08', 'DEBET', 500000, 'Pembelian ... di toko lain - lain dengan nota N264216-1 tanggal 19-02-2016', '2016-11-22 06:16:45', 'admin'),
(683, 2016, 'KC14', 'D101.03', 'DEBET', 2000000, 'Bon KC 14', '2016-11-22 06:19:38', 'admin'),
(684, 2016, 'M074216', 'D101.01', 'DEBET', 6835, 'Sisa KC 13', '2016-11-22 06:22:21', 'admin'),
(685, 2016, 'K263216', 'D902.05', 'DEBET', 150000, 'Pembelian ... di toko SPBU dengan nota N263216-1 tanggal 18-02-2016', '2016-11-22 06:29:27', 'admin'),
(686, 2016, 'K263216', 'D902.05', 'DEBET', 150000, 'Pembelian ... di toko SPBU dengan nota N263216-2 tanggal 18-02-2016', '2016-11-22 06:29:27', 'admin'),
(687, 2016, 'K263216', 'D906.04', 'DEBET', 35000, 'Pembelian ... di toko Goodwill dengan nota N263216-3 tanggal 18-02-2016', '2016-11-22 06:29:27', 'admin'),
(688, 2016, 'K262216', 'D903.10', 'DEBET', 200000, 'Pembelian ... di toko Code RM dengan nota N262216-1 tanggal 18-02-2016', '2016-11-22 06:31:40', 'admin');

--
-- Indexes for dumped tables
--

--
-- Indexes for table `tbl_admin`
--
ALTER TABLE `tbl_admin`
 ADD PRIMARY KEY (`kode_admin`), ADD UNIQUE KEY `kode_admin` (`kode_admin`), ADD KEY `kode` (`kode`);

--
-- Indexes for table `tbl_bidang`
--
ALTER TABLE `tbl_bidang`
 ADD PRIMARY KEY (`kode_bidang`), ADD KEY `pengurus_1` (`pengurus_1`,`pengurus_2`,`pengurus_3`), ADD KEY `pengurus_2` (`pengurus_2`), ADD KEY `pengurus_3` (`pengurus_3`);

--
-- Indexes for table `tbl_bukti_transaksi`
--
ALTER TABLE `tbl_bukti_transaksi`
 ADD PRIMARY KEY (`kode_bukti_transaksi`), ADD KEY `kode_admin` (`kode_admin`), ADD KEY `kode_jenis_akun` (`kode_jenis_akun`), ADD KEY `bendahara` (`bendahara`,`penerima`,`penyetor`,`kode_admin`), ADD KEY `penerima` (`penerima`), ADD KEY `penyetor` (`penyetor`);

--
-- Indexes for table `tbl_gol_akun`
--
ALTER TABLE `tbl_gol_akun`
 ADD PRIMARY KEY (`kode_golongan`), ADD KEY `kode_golongan` (`kode_golongan`);

--
-- Indexes for table `tbl_jemaat`
--
ALTER TABLE `tbl_jemaat`
 ADD PRIMARY KEY (`kode_jemaat`);

--
-- Indexes for table `tbl_jenis_akun`
--
ALTER TABLE `tbl_jenis_akun`
 ADD PRIMARY KEY (`kode_jenis_akun`), ADD KEY `kode_sub_gol_akun` (`kode_sub_gol_akun`);

--
-- Indexes for table `tbl_komisi`
--
ALTER TABLE `tbl_komisi`
 ADD PRIMARY KEY (`kode_komisi`), ADD KEY `kode_bidang` (`kode_bidang`,`pengurus_1`,`pengurus_2`,`pengurus_3`), ADD KEY `pengurus_1` (`pengurus_1`), ADD KEY `pengurus_2` (`pengurus_2`), ADD KEY `pengurus_3` (`pengurus_3`);

--
-- Indexes for table `tbl_nota`
--
ALTER TABLE `tbl_nota`
 ADD PRIMARY KEY (`kode_nota`,`kode_toko`), ADD KEY `kode_jenis_akun` (`kode_jenis_akun`), ADD KEY `kode_transaksi` (`kode_transaksi`,`kode_admin`), ADD KEY `kode_admin` (`kode_admin`), ADD KEY `kode_toko` (`kode_toko`);

--
-- Indexes for table `tbl_penanggungjawab`
--
ALTER TABLE `tbl_penanggungjawab`
 ADD PRIMARY KEY (`kode_penanggungjawab`);

--
-- Indexes for table `tbl_penerimaan_individual`
--
ALTER TABLE `tbl_penerimaan_individual`
 ADD PRIMARY KEY (`no_kwitansi`), ADD KEY `kode_transaksi` (`kode_transaksi`,`kode_jenis_akun`,`pemberi`,`penerima`,`kode_admin`), ADD KEY `kode_jenis_akun` (`kode_jenis_akun`), ADD KEY `pemberi` (`pemberi`), ADD KEY `penerima` (`penerima`), ADD KEY `kode_admin` (`kode_admin`);

--
-- Indexes for table `tbl_rencana_anggaran`
--
ALTER TABLE `tbl_rencana_anggaran`
 ADD PRIMARY KEY (`kode_jenis_akun`,`tahun_perencanaan`), ADD KEY `kode_jenis_akun` (`kode_jenis_akun`), ADD KEY `kode_jenis_akun_2` (`kode_jenis_akun`);

--
-- Indexes for table `tbl_sub_gol_akun`
--
ALTER TABLE `tbl_sub_gol_akun`
 ADD PRIMARY KEY (`kode_sub_gol_akun`), ADD KEY `kode_sub_gol_akun` (`kode_sub_gol_akun`), ADD KEY `kode_golongan` (`kode_golongan`);

--
-- Indexes for table `tbl_toko`
--
ALTER TABLE `tbl_toko`
 ADD PRIMARY KEY (`kode_toko`);

--
-- Indexes for table `tbl_transaksi`
--
ALTER TABLE `tbl_transaksi`
 ADD PRIMARY KEY (`kode_transaksi`,`tahun_pembukuan`), ADD KEY `kode_bukti_transaksi` (`kode_bukti_transaksi`), ADD KEY `kode_admin` (`kode_admin`), ADD KEY `kode_jenis_akun` (`kode_jenis_akun`), ADD KEY `kode_bukti_transaksi_2` (`kode_bukti_transaksi`);

--
-- Constraints for dumped tables
--

--
-- Constraints for table `tbl_bidang`
--
ALTER TABLE `tbl_bidang`
ADD CONSTRAINT `tbl_bidang_ibfk_1` FOREIGN KEY (`pengurus_1`) REFERENCES `tbl_penanggungjawab` (`kode_penanggungjawab`),
ADD CONSTRAINT `tbl_bidang_ibfk_2` FOREIGN KEY (`pengurus_2`) REFERENCES `tbl_penanggungjawab` (`kode_penanggungjawab`),
ADD CONSTRAINT `tbl_bidang_ibfk_3` FOREIGN KEY (`pengurus_3`) REFERENCES `tbl_penanggungjawab` (`kode_penanggungjawab`);

--
-- Constraints for table `tbl_bukti_transaksi`
--
ALTER TABLE `tbl_bukti_transaksi`
ADD CONSTRAINT `tbl_bukti_transaksi_ibfk_1` FOREIGN KEY (`kode_jenis_akun`) REFERENCES `tbl_jenis_akun` (`kode_jenis_akun`),
ADD CONSTRAINT `tbl_bukti_transaksi_ibfk_2` FOREIGN KEY (`kode_admin`) REFERENCES `tbl_admin` (`kode_admin`),
ADD CONSTRAINT `tbl_bukti_transaksi_ibfk_3` FOREIGN KEY (`bendahara`) REFERENCES `tbl_penanggungjawab` (`kode_penanggungjawab`),
ADD CONSTRAINT `tbl_bukti_transaksi_ibfk_4` FOREIGN KEY (`penerima`) REFERENCES `tbl_penanggungjawab` (`kode_penanggungjawab`),
ADD CONSTRAINT `tbl_bukti_transaksi_ibfk_5` FOREIGN KEY (`penyetor`) REFERENCES `tbl_penanggungjawab` (`kode_penanggungjawab`);

--
-- Constraints for table `tbl_jenis_akun`
--
ALTER TABLE `tbl_jenis_akun`
ADD CONSTRAINT `tbl_jenis_akun_ibfk_1` FOREIGN KEY (`kode_sub_gol_akun`) REFERENCES `tbl_sub_gol_akun` (`kode_sub_gol_akun`) ON DELETE CASCADE ON UPDATE CASCADE;

--
-- Constraints for table `tbl_komisi`
--
ALTER TABLE `tbl_komisi`
ADD CONSTRAINT `tbl_komisi_ibfk_1` FOREIGN KEY (`kode_bidang`) REFERENCES `tbl_bidang` (`kode_bidang`),
ADD CONSTRAINT `tbl_komisi_ibfk_2` FOREIGN KEY (`pengurus_1`) REFERENCES `tbl_penanggungjawab` (`kode_penanggungjawab`),
ADD CONSTRAINT `tbl_komisi_ibfk_3` FOREIGN KEY (`pengurus_2`) REFERENCES `tbl_penanggungjawab` (`kode_penanggungjawab`),
ADD CONSTRAINT `tbl_komisi_ibfk_4` FOREIGN KEY (`pengurus_3`) REFERENCES `tbl_penanggungjawab` (`kode_penanggungjawab`);

--
-- Constraints for table `tbl_nota`
--
ALTER TABLE `tbl_nota`
ADD CONSTRAINT `tbl_nota_ibfk_1` FOREIGN KEY (`kode_jenis_akun`) REFERENCES `tbl_jenis_akun` (`kode_jenis_akun`),
ADD CONSTRAINT `tbl_nota_ibfk_2` FOREIGN KEY (`kode_transaksi`) REFERENCES `tbl_transaksi` (`kode_transaksi`) ON DELETE SET NULL ON UPDATE CASCADE,
ADD CONSTRAINT `tbl_nota_ibfk_3` FOREIGN KEY (`kode_admin`) REFERENCES `tbl_admin` (`kode_admin`),
ADD CONSTRAINT `tbl_nota_ibfk_4` FOREIGN KEY (`kode_toko`) REFERENCES `tbl_toko` (`kode_toko`);

--
-- Constraints for table `tbl_penerimaan_individual`
--
ALTER TABLE `tbl_penerimaan_individual`
ADD CONSTRAINT `tbl_penerimaan_individual_ibfk_1` FOREIGN KEY (`kode_jenis_akun`) REFERENCES `tbl_jenis_akun` (`kode_jenis_akun`),
ADD CONSTRAINT `tbl_penerimaan_individual_ibfk_2` FOREIGN KEY (`pemberi`) REFERENCES `tbl_jemaat` (`kode_jemaat`) ON DELETE CASCADE ON UPDATE CASCADE,
ADD CONSTRAINT `tbl_penerimaan_individual_ibfk_3` FOREIGN KEY (`penerima`) REFERENCES `tbl_penanggungjawab` (`kode_penanggungjawab`),
ADD CONSTRAINT `tbl_penerimaan_individual_ibfk_4` FOREIGN KEY (`kode_admin`) REFERENCES `tbl_admin` (`kode_admin`),
ADD CONSTRAINT `tbl_penerimaan_individual_ibfk_5` FOREIGN KEY (`kode_transaksi`) REFERENCES `tbl_transaksi` (`kode_transaksi`) ON DELETE SET NULL;

--
-- Constraints for table `tbl_rencana_anggaran`
--
ALTER TABLE `tbl_rencana_anggaran`
ADD CONSTRAINT `tbl_rencana_anggaran_ibfk_1` FOREIGN KEY (`kode_jenis_akun`) REFERENCES `tbl_jenis_akun` (`kode_jenis_akun`);

--
-- Constraints for table `tbl_sub_gol_akun`
--
ALTER TABLE `tbl_sub_gol_akun`
ADD CONSTRAINT `tbl_sub_gol_akun_ibfk_1` FOREIGN KEY (`kode_golongan`) REFERENCES `tbl_gol_akun` (`kode_golongan`) ON DELETE CASCADE ON UPDATE CASCADE;

--
-- Constraints for table `tbl_transaksi`
--
ALTER TABLE `tbl_transaksi`
ADD CONSTRAINT `tbl_transaksi_ibfk_1` FOREIGN KEY (`kode_bukti_transaksi`) REFERENCES `tbl_bukti_transaksi` (`kode_bukti_transaksi`) ON DELETE CASCADE ON UPDATE CASCADE,
ADD CONSTRAINT `tbl_transaksi_ibfk_2` FOREIGN KEY (`kode_jenis_akun`) REFERENCES `tbl_jenis_akun` (`kode_jenis_akun`),
ADD CONSTRAINT `tbl_transaksi_ibfk_3` FOREIGN KEY (`kode_admin`) REFERENCES `tbl_admin` (`kode_admin`);

/*!40101 SET CHARACTER_SET_CLIENT=@OLD_CHARACTER_SET_CLIENT */;
/*!40101 SET CHARACTER_SET_RESULTS=@OLD_CHARACTER_SET_RESULTS */;
/*!40101 SET COLLATION_CONNECTION=@OLD_COLLATION_CONNECTION */;
